男女,配偶関係,年齢,従業上の地位・雇用形態,所得,0_総数,1_卒業者,11_小学・中学（卒業者）,12_高校・旧制中（卒業者）,13_専門学校（２年未満）（卒業者）,14_専門学校（２～４年未満）（卒業者）,15_専門学校（４年以上）（卒業者）,16_短大（卒業者）,17_高専（卒業者）,18_大学（卒業者）,19_大学院（卒業者）,191_修士（卒業者）,192_専門職（卒業者）,193_博士（卒業者）,2_在学者
1_男,0_総数,03_25～29歳,0_総数,00_総数,2928900,2872600,76800,783700,105300,246600,33300,41700,39200,1279300,254500,245300,4600,4600,35400
1_男,0_総数,03_25～29歳,0_総数,01_50万円未満,48800,42300,3600,23200,700,1300,300,900,300,10100,1900,1900,-,-,5800
1_男,0_総数,03_25～29歳,0_総数,02_50～99万円,73400,61600,4700,26200,3200,4400,200,900,900,20100,1000,800,-,200,10500
1_男,0_総数,03_25～29歳,0_総数,03_100～149万円,103600,98900,6000,46600,5000,9800,600,1400,900,26500,1800,1600,200,-,4100
1_男,0_総数,03_25～29歳,0_総数,04_150～199万円,116100,112100,4500,46100,7600,13300,-,3400,600,32100,3700,3600,100,-,2100
1_男,0_総数,03_25～29歳,0_総数,05_200～249万円,298600,291700,13200,110400,17500,34900,3800,6400,3700,94100,6100,5600,400,-,3800
1_男,0_総数,03_25～29歳,0_総数,06_250～299万円,323200,319800,8100,103000,17000,37700,3300,9400,1900,112700,22200,21300,900,-,900
1_男,0_総数,03_25～29歳,0_総数,07_300～399万円,844100,835400,19900,207800,32000,81200,13000,12100,9200,404800,53500,51900,1000,600,3600
1_男,0_総数,03_25～29歳,0_総数,08_400～499万円,640400,635900,10100,137300,12500,47900,11000,4800,8900,330900,70800,67500,600,2600,1700
1_男,0_総数,03_25～29歳,0_総数,09_500～599万円,256300,254800,3300,49800,4400,8400,700,900,6900,124600,55400,54200,400,700,500
1_男,0_総数,03_25～29歳,0_総数,10_600～699万円,106200,105100,1500,12000,1400,2300,300,100,3000,62600,22000,22000,-,-,1000
1_男,0_総数,03_25～29歳,0_総数,11_700～799万円,35600,35200,200,3500,100,1200,-,100,2200,19400,8500,7700,500,300,100
1_男,0_総数,03_25～29歳,0_総数,12_800～899万円,16100,15200,100,500,100,0,-,-,200,11400,2900,2800,-,100,900
1_男,0_総数,03_25～29歳,0_総数,13_900～999万円,6100,6000,-,500,-,-,-,-,-,5400,-,-,-,-,100
1_男,0_総数,03_25～29歳,0_総数,14_1000～1249万円,9900,9900,0,800,900,100,-,-,-,6100,2000,2000,-,-,-
1_男,0_総数,03_25～29歳,0_総数,15_1250～1499万円,2900,2900,-,-,-,800,-,-,-,900,1200,1200,-,-,-
1_男,0_総数,03_25～29歳,0_総数,16_1500万円以上,3300,3300,-,0,300,-,-,-,0,2300,600,600,-,-,-
1_男,0_総数,03_25～29歳,1_うち自営業主,00_総数,79000,77300,9500,33200,2500,7100,300,200,600,19900,3000,3000,-,-,500
1_男,0_総数,03_25～29歳,1_うち自営業主,01_50万円未満,15700,15600,1000,9900,400,200,300,0,200,2700,900,900,-,-,100
1_男,0_総数,03_25～29歳,1_うち自営業主,02_50～99万円,10700,10600,700,5300,800,200,-,100,100,3300,100,100,-,-,100
1_男,0_総数,03_25～29歳,1_うち自営業主,03_100～149万円,7800,7500,1100,2400,-,900,0,0,-,1900,1100,1100,-,-,200
1_男,0_総数,03_25～29歳,1_うち自営業主,04_150～199万円,9800,9800,600,1400,200,2500,-,0,-,5000,-,-,-,-,-
1_男,0_総数,03_25～29歳,1_うち自営業主,05_200～249万円,5400,5400,1200,2300,-,300,-,-,0,1100,-,-,-,-,-
1_男,0_総数,03_25～29歳,1_うち自営業主,06_250～299万円,3300,3200,300,1200,200,1300,-,-,-,100,-,-,-,-,100
1_男,0_総数,03_25～29歳,1_うち自営業主,07_300～399万円,9500,9200,1900,3600,700,500,-,-,-,2200,-,-,-,-,-
1_男,0_総数,03_25～29歳,1_うち自営業主,08_400～499万円,9000,8900,2200,2700,-,400,-,-,-,3100,600,600,-,-,-
1_男,0_総数,03_25～29歳,1_うち自営業主,09_500～599万円,2600,2200,200,1300,100,100,-,-,-,0,400,400,-,-,-
1_男,0_総数,03_25～29歳,1_うち自営業主,10_600～699万円,1000,1000,100,700,-,-,-,-,200,-,-,-,-,-,-
1_男,0_総数,03_25～29歳,1_うち自営業主,11_700～799万円,700,700,0,600,-,100,-,-,-,-,-,-,-,-,-
1_男,0_総数,03_25～29歳,1_うち自営業主,12_800～899万円,400,400,-,400,-,-,-,-,-,-,-,-,-,-,-
1_男,0_総数,03_25～29歳,1_うち自営業主,13_900～999万円,500,500,-,500,-,-,-,-,-,-,-,-,-,-,-
1_男,0_総数,03_25～29歳,1_うち自営業主,14_1000～1249万円,600,600,0,500,-,-,-,-,-,100,-,-,-,-,-
1_男,0_総数,03_25～29歳,1_うち自営業主,15_1250～1499万円,-,-,-,-,-,-,-,-,-,-,-,-,-,-,-
1_男,0_総数,03_25～29歳,1_うち自営業主,16_1500万円以上,600,600,-,0,300,-,-,-,-,300,-,-,-,-,-
1_男,0_総数,03_25～29歳,11_うち起業者（うち自営業主）,00_総数,47000,46100,6900,13100,1500,4900,300,100,200,15700,2700,2700,-,-,200
1_男,0_総数,03_25～29歳,11_うち起業者（うち自営業主）,01_50万円未満,5600,5500,100,1500,300,200,300,0,-,2200,900,900,-,-,100
1_男,0_総数,03_25～29歳,11_うち起業者（うち自営業主）,02_50～99万円,4900,4800,400,1300,200,200,-,-,-,2600,100,100,-,-,100
1_男,0_総数,03_25～29歳,11_うち起業者（うち自営業主）,03_100～149万円,6000,6000,1100,1000,-,900,0,0,-,1900,1100,1100,-,-,-
1_男,0_総数,03_25～29歳,11_うち起業者（うち自営業主）,04_150～199万円,8500,8500,600,600,200,2300,-,-,-,4800,-,-,-,-,-
1_男,0_総数,03_25～29歳,11_うち起業者（うち自営業主）,05_200～249万円,3000,3000,400,800,-,200,-,-,0,1100,-,-,-,-,-
1_男,0_総数,03_25～29歳,11_うち起業者（うち自営業主）,06_250～299万円,1400,1300,300,600,200,0,-,-,-,100,-,-,-,-,100
1_男,0_総数,03_25～29歳,11_うち起業者（うち自営業主）,07_300～399万円,7200,7000,1500,2400,500,500,-,-,-,1900,-,-,-,-,-
1_男,0_総数,03_25～29歳,11_うち起業者（うち自営業主）,08_400～499万円,4500,4500,2100,1300,-,-,-,-,-,500,600,600,-,-,-
1_男,0_総数,03_25～29歳,11_うち起業者（うち自営業主）,09_500～599万円,2100,1700,200,1300,100,100,-,-,-,0,-,-,-,-,-
1_男,0_総数,03_25～29歳,11_うち起業者（うち自営業主）,10_600～699万円,800,800,100,400,-,-,-,-,200,-,-,-,-,-,-
1_男,0_総数,03_25～29歳,11_うち起業者（うち自営業主）,11_700～799万円,700,700,0,600,-,100,-,-,-,-,-,-,-,-,-
1_男,0_総数,03_25～29歳,11_うち起業者（うち自営業主）,12_800～899万円,400,400,-,400,-,-,-,-,-,-,-,-,-,-,-
1_男,0_総数,03_25～29歳,11_うち起業者（うち自営業主）,13_900～999万円,300,300,-,300,-,-,-,-,-,-,-,-,-,-,-
1_男,0_総数,03_25～29歳,11_うち起業者（うち自営業主）,14_1000～1249万円,600,600,0,500,-,-,-,-,-,100,-,-,-,-,-
1_男,0_総数,03_25～29歳,11_うち起業者（うち自営業主）,15_1250～1499万円,-,-,-,-,-,-,-,-,-,-,-,-,-,-,-
1_男,0_総数,03_25～29歳,11_うち起業者（うち自営業主）,16_1500万円以上,400,400,-,-,100,-,-,-,-,300,-,-,-,-,-
1_男,0_総数,03_25～29歳,2_うち雇用者,00_総数,2832600,2778800,66100,743700,101700,237400,32900,41100,38500,1255100,251000,241900,4600,4600,34800
1_男,0_総数,03_25～29歳,2_うち雇用者,01_50万円未満,32700,26300,2600,12900,300,1100,0,900,100,7400,1000,1000,-,-,5800
1_男,0_総数,03_25～29歳,2_うち雇用者,02_50～99万円,62800,51000,4000,21000,2400,4200,200,900,700,16700,1000,700,-,200,10400
1_男,0_総数,03_25～29歳,2_うち雇用者,03_100～149万円,95700,91100,4900,44200,5000,8700,500,1400,900,24500,700,500,200,-,3800
1_男,0_総数,03_25～29歳,2_うち雇用者,04_150～199万円,106300,102300,3900,44700,7400,10800,-,3400,600,27100,3700,3600,100,-,2100
1_男,0_総数,03_25～29歳,2_うち雇用者,05_200～249万円,293000,286000,12000,107900,17500,34600,3800,6400,3700,92900,6100,5600,400,-,3800
1_男,0_総数,03_25～29歳,2_うち雇用者,06_250～299万円,319700,316400,7700,101800,16800,36300,3300,9400,1900,112400,22200,21300,900,-,800
1_男,0_総数,03_25～29歳,2_うち雇用者,07_300～399万円,834400,826000,18000,204200,31300,80700,13000,12100,9200,402400,53500,51900,1000,600,3600
1_男,0_総数,03_25～29歳,2_うち雇用者,08_400～499万円,631400,626900,7900,134600,12500,47500,11000,4800,8900,327800,70200,66900,600,2600,1700
1_男,0_総数,03_25～29歳,2_うち雇用者,09_500～599万円,253300,252300,3100,48500,4300,8300,700,900,6900,124500,54600,53500,400,700,500
1_男,0_総数,03_25～29歳,2_うち雇用者,10_600～699万円,105200,104200,1300,11300,1400,2300,300,100,2800,62600,22000,22000,-,-,1000
1_男,0_総数,03_25～29歳,2_うち雇用者,11_700～799万円,34900,34500,200,2900,100,1100,-,100,2200,19400,8500,7700,500,300,100
1_男,0_総数,03_25～29歳,2_うち雇用者,12_800～899万円,15800,14900,100,200,100,0,-,-,200,11400,2900,2800,-,100,900
1_男,0_総数,03_25～29歳,2_うち雇用者,13_900～999万円,5600,5400,-,-,-,-,-,-,-,5400,-,-,-,-,100
1_男,0_総数,03_25～29歳,2_うち雇用者,14_1000～1249万円,9300,9300,-,300,900,100,-,-,-,6000,2000,2000,-,-,-
1_男,0_総数,03_25～29歳,2_うち雇用者,15_1250～1499万円,2900,2900,-,-,-,800,-,-,-,900,1200,1200,-,-,-
1_男,0_総数,03_25～29歳,2_うち雇用者,16_1500万円以上,2700,2700,-,-,-,-,-,-,0,2000,600,600,-,-,-
1_男,0_総数,03_25～29歳,21_うち起業者（うち雇用者）,00_総数,10800,10800,500,3700,200,1700,-,200,-,4000,500,500,-,-,-
1_男,0_総数,03_25～29歳,21_うち起業者（うち雇用者）,01_50万円未満,100,100,-,100,-,-,-,-,-,-,-,-,-,-,-
1_男,0_総数,03_25～29歳,21_うち起業者（うち雇用者）,02_50～99万円,400,400,-,300,-,-,-,100,-,-,-,-,-,-,-
1_男,0_総数,03_25～29歳,21_うち起業者（うち雇用者）,03_100～149万円,500,500,-,400,-,200,-,-,-,-,-,-,-,-,-
1_男,0_総数,03_25～29歳,21_うち起業者（うち雇用者）,04_150～199万円,-,-,-,-,-,-,-,-,-,-,-,-,-,-,-
1_男,0_総数,03_25～29歳,21_うち起業者（うち雇用者）,05_200～249万円,200,200,-,-,200,-,-,-,-,-,-,-,-,-,-
1_男,0_総数,03_25～29歳,21_うち起業者（うち雇用者）,06_250～299万円,2600,2600,-,900,-,-,-,-,-,1700,-,-,-,-,-
1_男,0_総数,03_25～29歳,21_うち起業者（うち雇用者）,07_300～399万円,1900,1900,-,-,-,100,-,-,-,1900,-,-,-,-,-
1_男,0_総数,03_25～29歳,21_うち起業者（うち雇用者）,08_400～499万円,700,700,100,-,100,-,-,100,-,400,-,-,-,-,-
1_男,0_総数,03_25～29歳,21_うち起業者（うち雇用者）,09_500～599万円,400,400,-,200,-,300,-,-,-,-,-,-,-,-,-
1_男,0_総数,03_25～29歳,21_うち起業者（うち雇用者）,10_600～699万円,3300,3300,400,1800,-,1100,-,-,-,-,-,-,-,-,-
1_男,0_総数,03_25～29歳,21_うち起業者（うち雇用者）,11_700～799万円,-,-,-,-,-,-,-,-,-,-,-,-,-,-,-
1_男,0_総数,03_25～29歳,21_うち起業者（うち雇用者）,12_800～899万円,-,-,-,-,-,-,-,-,-,-,-,-,-,-,-
1_男,0_総数,03_25～29歳,21_うち起業者（うち雇用者）,13_900～999万円,-,-,-,-,-,-,-,-,-,-,-,-,-,-,-
1_男,0_総数,03_25～29歳,21_うち起業者（うち雇用者）,14_1000～1249万円,-,-,-,-,-,-,-,-,-,-,-,-,-,-,-
1_男,0_総数,03_25～29歳,21_うち起業者（うち雇用者）,15_1250～1499万円,-,-,-,-,-,-,-,-,-,-,-,-,-,-,-
1_男,0_総数,03_25～29歳,21_うち起業者（うち雇用者）,16_1500万円以上,500,500,-,-,-,-,-,-,-,-,500,500,-,-,-
1_男,0_総数,03_25～29歳,22_うち正規の職員・従業員,00_総数,2386900,2368100,44600,573600,80600,193500,30900,34000,33900,1130100,237000,229900,3900,3200,6800
1_男,0_総数,03_25～29歳,22_うち正規の職員・従業員,01_50万円未満,6600,6600,100,2900,100,300,-,100,-,2900,200,200,-,-,-
1_男,0_総数,03_25～29歳,22_うち正規の職員・従業員,02_50～99万円,5700,5700,100,2900,300,300,-,500,-,1000,500,300,-,200,-
1_男,0_総数,03_25～29歳,22_うち正規の職員・従業員,03_100～149万円,17300,17000,1600,7500,900,1600,500,500,-,4200,100,100,-,-,200
1_男,0_総数,03_25～29歳,22_うち正規の職員・従業員,04_150～199万円,44000,43500,1800,18900,3400,4400,-,1500,200,12500,700,600,0,-,100
1_男,0_総数,03_25～29歳,22_うち正規の職員・従業員,05_200～249万円,211300,209400,7200,72700,13500,25200,3500,5200,3000,72800,5300,5100,200,-,200
1_男,0_総数,03_25～29歳,22_うち正規の職員・従業員,06_250～299万円,274500,272500,7300,83600,14400,29400,2900,8200,1600,100800,20700,19900,800,-,500
1_男,0_総数,03_25～29歳,22_うち正規の職員・従業員,07_300～399万円,771700,764300,15100,187000,28000,75100,12100,11700,8700,374700,50300,49100,900,200,2700
1_男,0_総数,03_25～29歳,22_うち正規の職員・従業員,08_400～499万円,617600,614100,7700,132100,12100,46200,10900,4700,8400,323200,67200,64500,600,2000,700
1_男,0_総数,03_25～29歳,22_うち正規の職員・従業員,09_500～599万円,250500,249500,2600,47900,4300,8000,700,900,6900,123100,54600,53500,400,700,500
1_男,0_総数,03_25～29歳,22_うち正規の職員・従業員,10_600～699万円,100700,99700,400,9500,1200,1200,300,100,2800,62100,22000,22000,-,-,1000
1_男,0_総数,03_25～29歳,22_うち正規の職員・従業員,11_700～799万円,33500,33200,200,2900,100,1100,-,100,2200,18400,8200,7700,500,-,-
1_男,0_総数,03_25～29歳,22_うち正規の職員・従業員,12_800～899万円,15100,14200,100,200,100,0,-,-,200,10800,2900,2800,-,100,900
1_男,0_総数,03_25～29歳,22_うち正規の職員・従業員,13_900～999万円,5400,5400,-,-,-,-,-,-,-,5400,-,-,-,-,-
1_男,0_総数,03_25～29歳,22_うち正規の職員・従業員,14_1000～1249万円,8900,8900,-,200,900,100,-,-,-,5800,2000,2000,-,-,-
1_男,0_総数,03_25～29歳,22_うち正規の職員・従業員,15_1250～1499万円,2200,2200,-,-,-,-,-,-,-,900,1200,1200,-,-,-
1_男,0_総数,03_25～29歳,22_うち正規の職員・従業員,16_1500万円以上,900,900,-,-,-,-,-,-,-,700,100,100,-,-,-
1_男,0_総数,03_25～29歳,23_うち非正規の職員・従業員,00_総数,414900,381400,18400,162900,20400,39300,1900,6800,4500,112400,13300,11300,700,1300,26800
1_男,0_総数,03_25～29歳,23_うち非正規の職員・従業員,01_50万円未満,25500,19100,2000,9900,200,800,0,800,100,4500,700,700,-,-,5800
1_男,0_総数,03_25～29歳,23_うち非正規の職員・従業員,02_50～99万円,54600,43600,3800,16500,2100,3800,200,200,700,15700,400,400,-,-,9800
1_男,0_総数,03_25～29歳,23_うち非正規の職員・従業員,03_100～149万円,77000,72800,3300,36100,4000,7000,100,900,900,19800,600,300,200,-,3600
1_男,0_総数,03_25～29歳,23_うち非正規の職員・従業員,04_150～199万円,60600,57100,2100,25700,4100,5200,-,1900,400,14500,2900,2800,100,-,2000
1_男,0_総数,03_25～29歳,23_うち非正規の職員・従業員,05_200～249万円,78200,73800,4400,35100,3700,9300,300,1200,700,18200,800,500,200,-,3000
1_男,0_総数,03_25～29歳,23_うち非正規の職員・従業員,06_250～299万円,41100,39800,400,17100,2500,6700,400,1200,400,9000,1500,1400,100,-,200
1_男,0_総数,03_25～29歳,23_うち非正規の職員・従業員,07_300～399万円,54200,53200,1600,16000,3100,5300,900,300,500,22400,3100,2700,100,400,900
1_男,0_総数,03_25～29歳,23_うち非正規の職員・従業員,08_400～499万円,12100,11100,100,2400,100,1300,-,-,600,3600,3000,2400,-,600,1000
1_男,0_総数,03_25～29歳,23_うち非正規の職員・従業員,09_500～599万円,2200,2200,500,400,-,-,-,-,-,1300,-,-,-,-,-
1_男,0_総数,03_25～29歳,23_うち非正規の職員・従業員,10_600～699万円,500,500,-,-,200,-,-,-,-,300,-,-,-,-,-
1_男,0_総数,03_25～29歳,23_うち非正規の職員・従業員,11_700～799万円,800,800,-,-,-,-,-,-,-,500,300,-,-,300,-
1_男,0_総数,03_25～29歳,23_うち非正規の職員・従業員,12_800～899万円,600,600,-,-,-,-,-,-,-,600,-,-,-,-,100
1_男,0_総数,03_25～29歳,23_うち非正規の職員・従業員,13_900～999万円,100,-,-,-,-,-,-,-,-,-,-,-,-,-,100
1_男,0_総数,03_25～29歳,23_うち非正規の職員・従業員,14_1000～1249万円,200,200,-,100,-,-,-,-,-,100,-,-,-,-,-
1_男,0_総数,03_25～29歳,23_うち非正規の職員・従業員,15_1250～1499万円,-,-,-,-,-,-,-,-,-,-,-,-,-,-,-
1_男,0_総数,03_25～29歳,23_うち非正規の職員・従業員,16_1500万円以上,1300,1300,-,-,-,-,-,-,-,1300,-,-,-,-,-
1_男,0_総数,03_25～29歳,231_うちパート,00_総数,55700,53000,2800,31000,4100,4400,100,700,500,7700,1400,1400,-,-,2000
1_男,0_総数,03_25～29歳,231_うちパート,01_50万円未満,2600,1900,400,1400,-,-,-,-,-,100,-,-,-,-,700
1_男,0_総数,03_25～29歳,231_うちパート,02_50～99万円,9900,8700,1000,4000,500,1100,-,100,100,1900,-,-,-,-,1100
1_男,0_総数,03_25～29歳,231_うちパート,03_100～149万円,18500,17800,500,11000,800,2000,100,500,500,2300,200,200,-,-,200
1_男,0_総数,03_25～29歳,231_うちパート,04_150～199万円,12500,12400,700,6400,1100,500,-,100,-,2500,900,900,-,-,100
1_男,0_総数,03_25～29歳,231_うちパート,05_200～249万円,7200,7200,300,5600,0,700,-,0,-,400,-,-,-,-,-
1_男,0_総数,03_25～29歳,231_うちパート,06_250～299万円,1600,1600,-,900,400,100,-,-,-,0,0,0,-,-,-
1_男,0_総数,03_25～29歳,231_うちパート,07_300～399万円,2200,2200,-,900,1300,-,-,-,-,100,-,-,-,-,-
1_男,0_総数,03_25～29歳,231_うちパート,08_400～499万円,700,700,-,400,-,-,-,-,-,-,200,200,-,-,-
1_男,0_総数,03_25～29歳,231_うちパート,09_500～599万円,-,-,-,-,-,-,-,-,-,-,-,-,-,-,-
1_男,0_総数,03_25～29歳,231_うちパート,10_600～699万円,-,-,-,-,-,-,-,-,-,-,-,-,-,-,-
1_男,0_総数,03_25～29歳,231_うちパート,11_700～799万円,-,-,-,-,-,-,-,-,-,-,-,-,-,-,-
1_男,0_総数,03_25～29歳,231_うちパート,12_800～899万円,-,-,-,-,-,-,-,-,-,-,-,-,-,-,-
1_男,0_総数,03_25～29歳,231_うちパート,13_900～999万円,-,-,-,-,-,-,-,-,-,-,-,-,-,-,-
1_男,0_総数,03_25～29歳,231_うちパート,14_1000～1249万円,-,-,-,-,-,-,-,-,-,-,-,-,-,-,-
1_男,0_総数,03_25～29歳,231_うちパート,15_1250～1499万円,-,-,-,-,-,-,-,-,-,-,-,-,-,-,-
1_男,0_総数,03_25～29歳,231_うちパート,16_1500万円以上,-,-,-,-,-,-,-,-,-,-,-,-,-,-,-
1_男,0_総数,03_25～29歳,232_うちアルバイト,00_総数,141900,122400,8500,52700,5600,11200,700,1700,1900,37200,2700,2500,200,-,18000
1_男,0_総数,03_25～29歳,232_うちアルバイト,01_50万円未満,14000,8600,900,2800,100,100,0,700,-,3500,500,500,-,-,5000
1_男,0_総数,03_25～29歳,232_うちアルバイト,02_50～99万円,34000,25000,2300,7800,1300,2600,100,100,300,10400,-,-,-,-,8200
1_男,0_総数,03_25～29歳,232_うちアルバイト,03_100～149万円,40500,37000,2500,17500,2000,2800,-,400,400,11100,300,200,200,-,3500
1_男,0_総数,03_25～29歳,232_うちアルバイト,04_150～199万円,22800,21800,600,8700,1000,2500,-,-,-,7700,1100,1100,-,-,600
1_男,0_総数,03_25～29歳,232_うちアルバイト,05_200～249万円,18600,18400,2000,9400,1000,2300,200,500,300,2700,-,-,-,-,100
1_男,0_総数,03_25～29歳,232_うちアルバイト,06_250～299万円,6700,6600,-,3700,200,100,400,-,400,1100,700,700,-,-,100
1_男,0_総数,03_25～29歳,232_うちアルバイト,07_300～399万円,2000,2000,100,1100,-,300,-,-,-,500,-,-,-,-,-
1_男,0_総数,03_25～29歳,232_うちアルバイト,08_400～499万円,1000,1000,-,-,-,400,-,-,600,0,-,-,-,-,-
1_男,0_総数,03_25～29歳,232_うちアルバイト,09_500～599万円,-,-,-,-,-,-,-,-,-,-,-,-,-,-,-
1_男,0_総数,03_25～29歳,232_うちアルバイト,10_600～699万円,-,-,-,-,-,-,-,-,-,-,-,-,-,-,-
1_男,0_総数,03_25～29歳,232_うちアルバイト,11_700～799万円,-,-,-,-,-,-,-,-,-,-,-,-,-,-,-
1_男,0_総数,03_25～29歳,232_うちアルバイト,12_800～899万円,-,-,-,-,-,-,-,-,-,-,-,-,-,-,-
1_男,0_総数,03_25～29歳,232_うちアルバイト,13_900～999万円,100,-,-,-,-,-,-,-,-,-,-,-,-,-,100
1_男,0_総数,03_25～29歳,232_うちアルバイト,14_1000～1249万円,-,-,-,-,-,-,-,-,-,-,-,-,-,-,-
1_男,0_総数,03_25～29歳,232_うちアルバイト,15_1250～1499万円,-,-,-,-,-,-,-,-,-,-,-,-,-,-,-
1_男,0_総数,03_25～29歳,232_うちアルバイト,16_1500万円以上,-,-,-,-,-,-,-,-,-,-,-,-,-,-,-
1_男,0_総数,03_25～29歳,233_うち労働者派遣事業所の派遣社員,00_総数,65100,62600,2500,22000,2900,7900,-,1400,500,22200,2700,2400,200,-,900
1_男,0_総数,03_25～29歳,233_うち労働者派遣事業所の派遣社員,01_50万円未満,1200,1000,-,100,-,500,-,100,-,300,-,-,-,-,-
1_男,0_総数,03_25～29歳,233_うち労働者派遣事業所の派遣社員,02_50～99万円,2200,1900,200,300,-,-,-,-,-,1500,-,-,-,-,300
1_男,0_総数,03_25～29歳,233_うち労働者派遣事業所の派遣社員,03_100～149万円,3100,3100,-,1800,100,400,-,-,-,900,-,-,-,-,-
1_男,0_総数,03_25～29歳,233_うち労働者派遣事業所の派遣社員,04_150～199万円,6800,6000,500,2400,400,500,-,100,100,2100,-,-,-,-,500
1_男,0_総数,03_25～29歳,233_うち労働者派遣事業所の派遣社員,05_200～249万円,19200,19100,500,8400,1200,2900,-,100,200,5500,200,-,200,-,100
1_男,0_総数,03_25～29歳,233_うち労働者派遣事業所の派遣社員,06_250～299万円,12200,11200,400,4700,700,2000,-,900,-,1900,-,-,-,-,-
1_男,0_総数,03_25～29歳,233_うち労働者派遣事業所の派遣社員,07_300～399万円,16700,16700,900,3400,400,1600,-,200,-,8700,1600,1600,-,-,-
1_男,0_総数,03_25～29歳,233_うち労働者派遣事業所の派遣社員,08_400～499万円,2000,2000,-,900,-,-,-,-,-,300,800,800,-,-,-
1_男,0_総数,03_25～29歳,233_うち労働者派遣事業所の派遣社員,09_500～599万円,900,900,-,-,-,-,-,-,-,900,-,-,-,-,-
1_男,0_総数,03_25～29歳,233_うち労働者派遣事業所の派遣社員,10_600～699万円,-,-,-,-,-,-,-,-,-,-,-,-,-,-,-
1_男,0_総数,03_25～29歳,233_うち労働者派遣事業所の派遣社員,11_700～799万円,-,-,-,-,-,-,-,-,-,-,-,-,-,-,-
1_男,0_総数,03_25～29歳,233_うち労働者派遣事業所の派遣社員,12_800～899万円,-,-,-,-,-,-,-,-,-,-,-,-,-,-,-
1_男,0_総数,03_25～29歳,233_うち労働者派遣事業所の派遣社員,13_900～999万円,-,-,-,-,-,-,-,-,-,-,-,-,-,-,-
1_男,0_総数,03_25～29歳,233_うち労働者派遣事業所の派遣社員,14_1000～1249万円,-,-,-,-,-,-,-,-,-,-,-,-,-,-,-
1_男,0_総数,03_25～29歳,233_うち労働者派遣事業所の派遣社員,15_1250～1499万円,-,-,-,-,-,-,-,-,-,-,-,-,-,-,-
1_男,0_総数,03_25～29歳,233_うち労働者派遣事業所の派遣社員,16_1500万円以上,-,-,-,-,-,-,-,-,-,-,-,-,-,-,-
1_男,0_総数,03_25～29歳,234_うち契約社員,00_総数,109900,105500,2900,37000,7200,12000,1000,2800,1100,36700,4600,3700,200,700,2600
1_男,0_総数,03_25～29歳,234_うち契約社員,01_50万円未満,1200,1200,200,700,200,-,-,-,-,100,-,-,-,-,-
1_男,0_総数,03_25～29歳,234_うち契約社員,02_50～99万円,2500,2000,100,500,100,-,-,-,0,1000,400,400,-,-,-
1_男,0_総数,03_25～29歳,234_うち契約社員,03_100～149万円,10800,10800,200,4600,1100,900,-,-,-,4000,100,-,100,-,-
1_男,0_総数,03_25～29歳,234_うち契約社員,04_150～199万円,14100,13500,200,6500,1300,1100,-,1700,400,2000,200,100,100,-,500
1_男,0_総数,03_25～29歳,234_うち契約社員,05_200～249万円,24500,23700,900,8300,1400,2900,100,500,300,8900,500,500,-,-,-
1_男,0_総数,03_25～29歳,234_うち契約社員,06_250～299万円,17400,17100,100,6200,1100,3700,0,300,-,5100,600,600,-,-,100
1_男,0_総数,03_25～29歳,234_うち契約社員,07_300～399万円,27400,26400,500,9000,1400,2900,900,100,500,9900,1200,800,100,400,900
1_男,0_総数,03_25～29歳,234_うち契約社員,08_400～499万円,7100,6100,100,700,100,500,-,-,-,2900,1600,1300,-,300,1000
1_男,0_総数,03_25～29歳,234_うち契約社員,09_500～599万円,900,900,500,300,-,-,-,-,-,100,-,-,-,-,-
1_男,0_総数,03_25～29歳,234_うち契約社員,10_600～699万円,500,500,-,-,200,-,-,-,-,300,-,-,-,-,-
1_男,0_総数,03_25～29歳,234_うち契約社員,11_700～799万円,500,500,-,-,-,-,-,-,-,500,-,-,-,-,-
1_男,0_総数,03_25～29歳,234_うち契約社員,12_800～899万円,600,600,-,-,-,-,-,-,-,600,-,-,-,-,100
1_男,0_総数,03_25～29歳,234_うち契約社員,13_900～999万円,-,-,-,-,-,-,-,-,-,-,-,-,-,-,-
1_男,0_総数,03_25～29歳,234_うち契約社員,14_1000～1249万円,100,100,-,-,-,-,-,-,-,100,-,-,-,-,-
1_男,0_総数,03_25～29歳,234_うち契約社員,15_1250～1499万円,-,-,-,-,-,-,-,-,-,-,-,-,-,-,-
1_男,0_総数,03_25～29歳,234_うち契約社員,16_1500万円以上,1300,1300,-,-,-,-,-,-,-,1300,-,-,-,-,-
1_男,0_総数,04_30～34歳,0_総数,00_総数,3007300,2962200,99000,801200,108500,236600,32000,44600,38600,1303000,285200,248600,11100,25500,22500
1_男,0_総数,04_30～34歳,0_総数,01_50万円未満,36100,33700,2300,14900,1700,4700,200,800,800,4500,3800,2600,500,600,2300
1_男,0_総数,04_30～34歳,0_総数,02_50～99万円,54000,49500,4800,18400,2100,6600,400,400,700,15600,300,300,100,-,3800
1_男,0_総数,04_30～34歳,0_総数,03_100～149万円,83200,80000,5800,35200,6000,9000,1300,1200,200,18600,2200,1900,-,300,200
1_男,0_総数,04_30～34歳,0_総数,04_150～199万円,98900,97100,5700,47200,6700,10800,500,1300,700,23000,800,300,-,500,1600
1_男,0_総数,04_30～34歳,0_総数,05_200～249万円,194000,190800,13500,70600,13500,20600,1500,4900,3300,56700,5400,4900,100,400,300
1_男,0_総数,04_30～34歳,0_総数,06_250～299万円,217500,213600,11500,76000,14900,24100,3100,3400,1600,70700,7300,4500,1100,1700,0
1_男,0_総数,04_30～34歳,0_総数,07_300～399万円,620900,616000,25000,195400,23600,62500,7900,14200,5700,248400,30700,27000,400,3300,800
1_男,0_総数,04_30～34歳,0_総数,08_400～499万円,647000,642100,13800,160200,21700,49900,13400,10500,6300,315900,48500,43400,1900,3200,2000
1_男,0_総数,04_30～34歳,0_総数,09_500～599万円,506600,504200,6800,101800,9000,29800,2900,5000,9200,269000,69000,64900,1000,3100,1600
1_男,0_総数,04_30～34歳,0_総数,10_600～699万円,251500,248000,3000,42900,5300,10700,800,1900,5200,126100,51200,45200,1500,4500,2000
1_男,0_総数,04_30～34歳,0_総数,11_700～799万円,102300,101000,1100,10900,1300,2100,0,100,1700,56400,26900,23000,600,3300,1200
1_男,0_総数,04_30～34歳,0_総数,12_800～899万円,48700,47900,500,2600,100,300,-,300,400,26500,16800,11500,3000,2300,800
1_男,0_総数,04_30～34歳,0_総数,13_900～999万円,36200,34300,500,1200,100,900,-,-,1300,22000,8200,7300,300,600,1900
1_男,0_総数,04_30～34歳,0_総数,14_1000～1249万円,43000,40000,400,1100,300,500,-,-,200,28800,8500,8000,-,500,3000
1_男,0_総数,04_30～34歳,0_総数,15_1250～1499万円,9800,9600,-,1500,-,500,-,-,-,4500,3100,1900,200,1000,300
1_男,0_総数,04_30～34歳,0_総数,16_1500万円以上,8400,7700,100,1000,100,-,-,-,-,4600,1900,1600,200,100,700
1_男,0_総数,04_30～34歳,1_うち自営業主,00_総数,102700,101200,11900,30000,4300,12200,1300,600,800,32600,6300,3900,2200,200,900
1_男,0_総数,04_30～34歳,1_うち自営業主,01_50万円未満,11700,11700,600,5800,300,1700,100,100,-,1200,2000,2000,-,-,-
1_男,0_総数,04_30～34歳,1_うち自営業主,02_50～99万円,11300,10500,1600,1400,500,900,400,100,300,5300,100,-,100,-,900
1_男,0_総数,04_30～34歳,1_うち自営業主,03_100～149万円,11200,11100,200,4800,-,700,200,200,-,4500,500,400,-,100,-
1_男,0_総数,04_30～34歳,1_うち自営業主,04_150～199万円,6100,6100,900,2500,600,700,-,-,100,1200,100,-,-,100,-
1_男,0_総数,04_30～34歳,1_うち自営業主,05_200～249万円,10900,10900,2100,2200,900,800,100,200,-,4000,500,500,-,-,-
1_男,0_総数,04_30～34歳,1_うち自営業主,06_250～299万円,6700,6700,800,800,200,1800,500,-,-,2800,-,-,-,-,-
1_男,0_総数,04_30～34歳,1_うち自営業主,07_300～399万円,16100,16000,1900,4500,600,2800,-,-,400,4800,800,500,300,-,-
1_男,0_総数,04_30～34歳,1_うち自営業主,08_400～499万円,7700,7700,700,2300,100,800,-,-,0,3500,-,-,-,-,-
1_男,0_総数,04_30～34歳,1_うち自営業主,09_500～599万円,4700,4700,600,500,500,900,100,100,-,1300,100,100,-,-,-
1_男,0_総数,04_30～34歳,1_うち自営業主,10_600～699万円,3700,3700,1000,1600,100,600,-,-,-,300,-,-,-,-,-
1_男,0_総数,04_30～34歳,1_うち自営業主,11_700～799万円,2800,2800,500,1200,-,-,-,-,-,600,400,400,-,-,-
1_男,0_総数,04_30～34歳,1_うち自営業主,12_800～899万円,2700,2700,500,200,-,-,-,-,-,600,1400,-,1400,-,-
1_男,0_総数,04_30～34歳,1_うち自営業主,13_900～999万円,1600,1600,400,900,100,-,-,-,-,200,-,-,-,-,-
1_男,0_総数,04_30～34歳,1_うち自営業主,14_1000～1249万円,1700,1700,-,300,100,300,-,-,-,700,-,-,-,-,-
1_男,0_総数,04_30～34歳,1_うち自営業主,15_1250～1499万円,500,500,-,-,-,100,-,-,-,200,200,-,200,-,-
1_男,0_総数,04_30～34歳,1_うち自営業主,16_1500万円以上,1600,1600,-,300,100,-,-,-,-,900,200,-,200,-,-
1_男,0_総数,04_30～34歳,11_うち起業者（うち自営業主）,00_総数,73500,72200,9200,19000,3300,8200,1100,300,500,25700,3800,2900,800,200,900
1_男,0_総数,04_30～34歳,11_うち起業者（うち自営業主）,01_50万円未満,6300,6200,400,1500,300,1500,-,0,-,1000,1500,1500,-,-,-
1_男,0_総数,04_30～34歳,11_うち起業者（うち自営業主）,02_50～99万円,6800,5900,900,800,400,400,400,100,300,2400,100,-,100,-,900
1_男,0_総数,04_30～34歳,11_うち起業者（うち自営業主）,03_100～149万円,8000,7800,200,2200,-,700,100,100,-,4100,500,400,-,100,-
1_男,0_総数,04_30～34歳,11_うち起業者（うち自営業主）,04_150～199万円,4500,4500,700,1500,600,700,-,-,100,800,100,-,-,100,-
1_男,0_総数,04_30～34歳,11_うち起業者（うち自営業主）,05_200～249万円,9100,9100,1400,2000,900,700,100,100,-,3700,100,100,-,-,-
1_男,0_総数,04_30～34歳,11_うち起業者（うち自営業主）,06_250～299万円,5000,5000,700,600,100,800,500,-,-,2500,-,-,-,-,-
1_男,0_総数,04_30～34歳,11_うち起業者（うち自営業主）,07_300～399万円,11800,11700,1200,4000,500,1000,-,-,100,3700,800,500,300,-,-
1_男,0_総数,04_30～34歳,11_うち起業者（うち自営業主）,08_400～499万円,6300,6300,700,1700,100,500,-,-,0,3100,-,-,-,-,-
1_男,0_総数,04_30～34歳,11_うち起業者（うち自営業主）,09_500～599万円,3300,3300,500,500,200,800,100,-,-,900,-,-,-,-,-
1_男,0_総数,04_30～34歳,11_うち起業者（うち自営業主）,10_600～699万円,3500,3500,1000,1600,-,600,-,-,-,300,-,-,-,-,-
1_男,0_総数,04_30～34歳,11_うち起業者（うち自営業主）,11_700～799万円,2700,2700,500,1200,-,-,-,-,-,600,400,400,-,-,-
1_男,0_総数,04_30～34歳,11_うち起業者（うち自営業主）,12_800～899万円,1200,1200,500,200,-,-,-,-,-,500,-,-,-,-,-
1_男,0_総数,04_30～34歳,11_うち起業者（うち自営業主）,13_900～999万円,1000,1000,400,300,-,-,-,-,-,200,-,-,-,-,-
1_男,0_総数,04_30～34歳,11_うち起業者（うち自営業主）,14_1000～1249万円,1400,1400,-,200,-,300,-,-,-,700,-,-,-,-,-
1_男,0_総数,04_30～34歳,11_うち起業者（うち自営業主）,15_1250～1499万円,400,400,-,-,-,-,-,-,-,200,200,-,200,-,-
1_男,0_総数,04_30～34歳,11_うち起業者（うち自営業主）,16_1500万円以上,1300,1300,-,-,100,-,-,-,-,900,200,-,200,-,-
1_男,0_総数,04_30～34歳,2_うち雇用者,00_総数,2884100,2841000,85600,762300,102700,223000,30700,43500,37400,1265100,278400,244200,8900,25300,21600
1_男,0_総数,04_30～34歳,2_うち雇用者,01_50万円未満,24300,22000,1700,9000,1400,3000,100,700,800,3300,1800,700,500,600,2300
1_男,0_総数,04_30～34歳,2_うち雇用者,02_50～99万円,42600,39000,3200,17100,1600,5800,100,300,400,10300,300,300,-,-,2900
1_男,0_総数,04_30～34歳,2_うち雇用者,03_100～149万円,72000,68900,5600,30300,6000,8400,1100,1000,200,14100,1800,1500,-,200,200
1_男,0_総数,04_30～34歳,2_うち雇用者,04_150～199万円,92800,91000,4900,44700,6100,10200,500,1300,700,21800,700,300,-,400,1600
1_男,0_総数,04_30～34歳,2_うち雇用者,05_200～249万円,182700,179600,11100,68300,12500,19800,1300,4700,3300,52700,4900,4400,100,400,300
1_男,0_総数,04_30～34歳,2_うち雇用者,06_250～299万円,210600,206700,10700,75300,14700,22400,2600,3400,1600,67700,7300,4500,1100,1700,0
1_男,0_総数,04_30～34歳,2_うち雇用者,07_300～399万円,604700,599900,23100,190900,22900,59700,7900,14200,5300,243500,30000,26400,200,3300,800
1_男,0_総数,04_30～34歳,2_うち雇用者,08_400～499万円,639300,634500,13100,157900,21600,49100,13400,10500,6300,312400,48500,43400,1900,3200,2000
1_男,0_総数,04_30～34歳,2_うち雇用者,09_500～599万円,502000,499500,6200,101300,8500,28900,2800,4900,9200,267700,68900,64800,1000,3100,1600
1_男,0_総数,04_30～34歳,2_うち雇用者,10_600～699万円,247800,244300,2000,41200,5200,10000,800,1900,5200,125800,51200,45200,1500,4500,2000
1_男,0_総数,04_30～34歳,2_うち雇用者,11_700～799万円,99600,98200,600,9700,1300,2100,0,100,1700,55800,26500,22600,600,3300,1200
1_男,0_総数,04_30～34歳,2_うち雇用者,12_800～899万円,46000,45200,-,2400,100,300,-,300,400,25900,15400,11500,1600,2300,800
1_男,0_総数,04_30～34歳,2_うち雇用者,13_900～999万円,34600,32700,100,300,-,900,-,-,1300,21800,8200,7300,300,600,1900
1_男,0_総数,04_30～34歳,2_うち雇用者,14_1000～1249万円,41300,38300,400,800,200,200,-,-,200,28100,8500,8000,-,500,3000
1_男,0_総数,04_30～34歳,2_うち雇用者,15_1250～1499万円,9400,9100,-,1500,-,400,-,-,-,4300,2900,1900,-,1000,300
1_男,0_総数,04_30～34歳,2_うち雇用者,16_1500万円以上,6800,6200,100,700,-,-,-,-,-,3700,1700,1600,-,100,700
1_男,0_総数,04_30～34歳,21_うち起業者（うち雇用者）,00_総数,20500,20000,3100,6200,500,2400,300,-,1300,5200,1100,1100,-,-,100
1_男,0_総数,04_30～34歳,21_うち起業者（うち雇用者）,01_50万円未満,1000,1000,300,300,-,-,-,-,-,400,-,-,-,-,-
1_男,0_総数,04_30～34歳,21_うち起業者（うち雇用者）,02_50～99万円,1200,1200,700,300,-,100,-,-,-,100,-,-,-,-,-
1_男,0_総数,04_30～34歳,21_うち起業者（うち雇用者）,03_100～149万円,1800,1800,-,700,-,1100,-,-,-,-,-,-,-,-,-
1_男,0_総数,04_30～34歳,21_うち起業者（うち雇用者）,04_150～199万円,1100,1100,-,600,-,300,-,-,-,200,-,-,-,-,-
1_男,0_総数,04_30～34歳,21_うち起業者（うち雇用者）,05_200～249万円,900,700,-,300,-,200,-,-,-,100,100,100,-,-,-
1_男,0_総数,04_30～34歳,21_うち起業者（うち雇用者）,06_250～299万円,800,800,-,200,100,200,-,-,-,300,100,100,-,-,-
1_男,0_総数,04_30～34歳,21_うち起業者（うち雇用者）,07_300～399万円,2900,2700,300,1200,0,100,-,-,-,800,300,300,-,-,-
1_男,0_総数,04_30～34歳,21_うち起業者（うち雇用者）,08_400～499万円,4700,4700,1400,1500,400,-,100,-,-,1200,100,100,-,-,-
1_男,0_総数,04_30～34歳,21_うち起業者（うち雇用者）,09_500～599万円,1900,1900,200,900,-,100,200,-,-,400,-,-,-,-,-
1_男,0_総数,04_30～34歳,21_うち起業者（うち雇用者）,10_600～699万円,900,900,100,100,-,200,-,-,100,-,400,400,-,-,-
1_男,0_総数,04_30～34歳,21_うち起業者（うち雇用者）,11_700～799万円,200,200,-,100,-,100,0,-,-,-,-,-,-,-,-
1_男,0_総数,04_30～34歳,21_うち起業者（うち雇用者）,12_800～899万円,100,100,-,-,-,-,-,-,-,100,-,-,-,-,-
1_男,0_総数,04_30～34歳,21_うち起業者（うち雇用者）,13_900～999万円,1400,1400,100,0,-,-,-,-,1200,100,-,-,-,-,-
1_男,0_総数,04_30～34歳,21_うち起業者（うち雇用者）,14_1000～1249万円,1200,1200,-,-,-,-,-,-,-,1200,-,-,-,-,100
1_男,0_総数,04_30～34歳,21_うち起業者（うち雇用者）,15_1250～1499万円,-,-,-,-,-,-,-,-,-,-,-,-,-,-,-
1_男,0_総数,04_30～34歳,21_うち起業者（うち雇用者）,16_1500万円以上,400,400,-,100,-,-,-,-,-,300,-,-,-,-,-
1_男,0_総数,04_30～34歳,22_うち正規の職員・従業員,00_総数,2496900,2470500,61000,623000,78300,184400,27700,38900,33000,1154800,259800,232500,8500,18800,11900
1_男,0_総数,04_30～34歳,22_うち正規の職員・従業員,01_50万円未満,7400,7400,500,2100,400,800,100,700,400,1000,1300,700,500,100,-
1_男,0_総数,04_30～34歳,22_うち正規の職員・従業員,02_50～99万円,5200,4900,200,3200,-,700,-,100,100,600,-,-,-,-,-
1_男,0_総数,04_30～34歳,22_うち正規の職員・従業員,03_100～149万円,12100,12000,500,5300,900,1100,100,200,0,3600,-,-,-,-,-
1_男,0_総数,04_30～34歳,22_うち正規の職員・従業員,04_150～199万円,33300,33000,2800,16000,2000,3300,300,300,300,8000,100,100,-,-,100
1_男,0_総数,04_30～34歳,22_うち正規の職員・従業員,05_200～249万円,123100,121400,6900,47300,8000,14700,1000,3700,2200,34700,2500,2200,100,200,200
1_男,0_総数,04_30～34歳,22_うち正規の職員・従業員,06_250～299万円,177300,174700,8700,63300,12400,18800,2500,3200,1600,58500,5000,3500,800,700,0
1_男,0_総数,04_30～34歳,22_うち正規の職員・従業員,07_300～399万円,553000,548800,19900,176000,19700,57600,7400,13200,5200,223500,23900,22600,200,1100,700
1_男,0_総数,04_30～34歳,22_うち正規の職員・従業員,08_400～499万円,613300,608900,11100,152500,20600,44400,13200,10100,6300,302700,46400,42100,1900,2400,1700
1_男,0_総数,04_30～34歳,22_うち正規の職員・従業員,09_500～599万円,490300,488100,5900,97900,8300,28000,2400,4900,9200,262300,68100,64800,900,2400,1300
1_男,0_総数,04_30～34歳,22_うち正規の職員・従業員,10_600～699万円,241500,238700,1900,40700,4400,9500,800,1900,5100,123400,50000,44400,1500,4200,1300
1_男,0_総数,04_30～34歳,22_うち正規の職員・従業員,11_700～799万円,95400,94200,500,8700,1000,2000,-,-,1700,53400,26500,22600,600,3300,1200
1_男,0_総数,04_30～34歳,22_うち正規の職員・従業員,12_800～899万円,44500,43700,-,2100,100,200,-,300,400,25400,14800,10900,1600,2300,800
1_男,0_総数,04_30～34歳,22_うち正規の職員・従業員,13_900～999万円,32600,30800,-,100,-,900,-,-,100,21400,8200,7300,300,600,1800
1_男,0_総数,04_30～34歳,22_うち正規の職員・従業員,14_1000～1249万円,37600,35200,400,200,100,200,-,-,200,25700,8500,8000,-,500,2400
1_男,0_総数,04_30～34歳,22_うち正規の職員・従業員,15_1250～1499万円,9000,8800,-,1300,-,400,-,-,-,4200,2900,1900,-,1000,300
1_男,0_総数,04_30～34歳,22_うち正規の職員・従業員,16_1500万円以上,5200,5200,-,500,-,-,-,-,-,2900,1700,1600,-,100,100
1_男,0_総数,04_30～34歳,23_うち非正規の職員・従業員,00_総数,327100,311400,20300,123100,21100,31700,2600,4100,2900,87800,15400,8600,300,6500,9300
1_男,0_総数,04_30～34歳,23_うち非正規の職員・従業員,01_50万円未満,15200,13000,800,6700,1000,1800,-,-,400,1800,500,-,-,500,2300
1_男,0_総数,04_30～34歳,23_うち非正規の職員・従業員,02_50～99万円,35000,31700,2400,13400,1600,4600,100,300,300,8900,300,300,-,-,2900
1_男,0_総数,04_30～34歳,23_うち非正規の職員・従業員,03_100～149万円,56500,53500,5100,23200,4800,6100,1100,800,100,10400,1800,1500,-,200,200
1_男,0_総数,04_30～34歳,23_うち非正規の職員・従業員,04_150～199万円,57500,56000,2100,28000,4000,6000,300,1000,400,13500,600,200,-,400,1500
1_男,0_総数,04_30～34歳,23_うち非正規の職員・従業員,05_200～249万円,56400,55100,4000,20100,4200,4600,300,900,1000,17500,2000,1700,-,300,100
1_男,0_総数,04_30～34歳,23_うち非正規の職員・従業員,06_250～299万円,30400,29100,1800,11600,2000,3100,100,200,-,8500,1700,300,300,1000,-
1_男,0_総数,04_30～34歳,23_うち非正規の職員・従業員,07_300～399万円,40700,40300,2700,10500,2900,1300,500,900,100,15900,5500,3300,-,2200,0
1_男,0_総数,04_30～34歳,23_うち非正規の職員・従業員,08_400～499万円,14900,14600,400,2700,200,3800,-,-,-,5100,2000,1200,-,800,300
1_男,0_総数,04_30～34歳,23_うち非正規の職員・従業員,09_500～599万円,5700,5400,-,1600,-,200,200,-,-,2800,700,-,-,700,300
1_男,0_総数,04_30～34歳,23_うち非正規の職員・従業員,10_600～699万円,1500,1000,-,100,100,-,-,-,-,500,300,-,-,300,500
1_男,0_総数,04_30～34歳,23_うち非正規の職員・従業員,11_700～799万円,500,400,-,300,-,-,-,100,-,100,-,-,-,-,100
1_男,0_総数,04_30～34歳,23_うち非正規の職員・従業員,12_800～899万円,100,100,-,-,-,-,-,-,-,100,-,-,-,-,-
1_男,0_総数,04_30～34歳,23_うち非正規の職員・従業員,13_900～999万円,-,-,-,-,-,-,-,-,-,-,-,-,-,-,-
1_男,0_総数,04_30～34歳,23_うち非正規の職員・従業員,14_1000～1249万円,1100,600,-,100,-,-,-,-,-,500,-,-,-,-,500
1_男,0_総数,04_30～34歳,23_うち非正規の職員・従業員,15_1250～1499万円,-,-,-,-,-,-,-,-,-,-,-,-,-,-,-
1_男,0_総数,04_30～34歳,23_うち非正規の職員・従業員,16_1500万円以上,1000,300,-,-,-,-,-,-,-,300,-,-,-,-,600
1_男,0_総数,04_30～34歳,231_うちパート,00_総数,57800,55900,2900,23900,5200,7300,400,600,1000,13100,800,500,-,300,1800
1_男,0_総数,04_30～34歳,231_うちパート,01_50万円未満,2300,1500,-,600,-,800,-,-,-,0,-,-,-,-,900
1_男,0_総数,04_30～34歳,231_うちパート,02_50～99万円,7600,7500,200,2800,500,1000,-,100,200,2600,-,-,-,-,100
1_男,0_総数,04_30～34歳,231_うちパート,03_100～149万円,17300,17200,1400,7400,2200,2700,100,400,-,2500,400,400,-,-,100
1_男,0_総数,04_30～34歳,231_うちパート,04_150～199万円,14800,14700,1000,8500,1100,1200,-,200,100,2500,100,100,-,-,200
1_男,0_総数,04_30～34歳,231_うちパート,05_200～249万円,8100,8000,100,2600,1100,1300,300,-,100,2400,-,-,-,-,100
1_男,0_総数,04_30～34歳,231_うちパート,06_250～299万円,2000,1900,100,200,-,300,-,-,-,1000,300,-,-,300,-
1_男,0_総数,04_30～34歳,231_うちパート,07_300～399万円,700,700,-,400,200,-,-,-,-,100,-,-,-,-,-
1_男,0_総数,04_30～34歳,231_うちパート,08_400～499万円,1000,1000,100,200,-,-,-,-,-,800,-,-,-,-,-
1_男,0_総数,04_30～34歳,231_うちパート,09_500～599万円,-,-,-,-,-,-,-,-,-,-,-,-,-,-,-
1_男,0_総数,04_30～34歳,231_うちパート,10_600～699万円,-,-,-,-,-,-,-,-,-,-,-,-,-,-,-
1_男,0_総数,04_30～34歳,231_うちパート,11_700～799万円,-,-,-,-,-,-,-,-,-,-,-,-,-,-,-
1_男,0_総数,04_30～34歳,231_うちパート,12_800～899万円,-,-,-,-,-,-,-,-,-,-,-,-,-,-,-
1_男,0_総数,04_30～34歳,231_うちパート,13_900～999万円,-,-,-,-,-,-,-,-,-,-,-,-,-,-,-
1_男,0_総数,04_30～34歳,231_うちパート,14_1000～1249万円,200,-,-,-,-,-,-,-,-,-,-,-,-,-,200
1_男,0_総数,04_30～34歳,231_うちパート,15_1250～1499万円,-,-,-,-,-,-,-,-,-,-,-,-,-,-,-
1_男,0_総数,04_30～34歳,231_うちパート,16_1500万円以上,300,-,-,-,-,-,-,-,-,-,-,-,-,-,300
1_男,0_総数,04_30～34歳,232_うちアルバイト,00_総数,91800,83800,7600,34900,5700,9900,1200,800,100,22200,1000,800,-,200,5200
1_男,0_総数,04_30～34歳,232_うちアルバイト,01_50万円未満,5700,4300,400,1900,400,200,-,-,0,1400,-,-,-,-,1400
1_男,0_総数,04_30～34歳,232_うちアルバイト,02_50～99万円,22200,20000,1700,7800,900,3400,-,100,100,5700,100,100,-,-,2000
1_男,0_総数,04_30～34歳,232_うちアルバイト,03_100～149万円,25100,22700,2900,9100,1200,2000,900,300,0,5900,200,200,-,-,100
1_男,0_総数,04_30～34歳,232_うちアルバイト,04_150～199万円,18200,17500,500,8300,900,3100,300,400,-,3700,200,-,-,200,700
1_男,0_総数,04_30～34歳,232_うちアルバイト,05_200～249万円,11800,11700,1900,3800,1300,800,-,-,-,3400,300,300,-,-,-
1_男,0_総数,04_30～34歳,232_うちアルバイト,06_250～299万円,4200,4200,200,2400,100,400,-,-,-,1100,-,-,-,-,-
1_男,0_総数,04_30～34歳,232_うちアルバイト,07_300～399万円,2200,2200,-,600,800,-,-,-,-,700,100,100,-,-,-
1_男,0_総数,04_30～34歳,232_うちアルバイト,08_400～499万円,-,-,-,-,-,-,-,-,-,-,-,-,-,-,-
1_男,0_総数,04_30～34歳,232_うちアルバイト,09_500～599万円,300,-,-,-,-,-,-,-,-,-,-,-,-,-,300
1_男,0_総数,04_30～34歳,232_うちアルバイト,10_600～699万円,100,-,-,-,-,-,-,-,-,-,-,-,-,-,100
1_男,0_総数,04_30～34歳,232_うちアルバイト,11_700～799万円,100,-,-,-,-,-,-,-,-,-,-,-,-,-,100
1_男,0_総数,04_30～34歳,232_うちアルバイト,12_800～899万円,-,-,-,-,-,-,-,-,-,-,-,-,-,-,-
1_男,0_総数,04_30～34歳,232_うちアルバイト,13_900～999万円,-,-,-,-,-,-,-,-,-,-,-,-,-,-,-
1_男,0_総数,04_30～34歳,232_うちアルバイト,14_1000～1249万円,300,100,-,-,-,-,-,-,-,100,-,-,-,-,200
1_男,0_総数,04_30～34歳,232_うちアルバイト,15_1250～1499万円,-,-,-,-,-,-,-,-,-,-,-,-,-,-,-
1_男,0_総数,04_30～34歳,232_うちアルバイト,16_1500万円以上,300,-,-,-,-,-,-,-,-,-,-,-,-,-,300
1_男,0_総数,04_30～34歳,233_うち労働者派遣事業所の派遣社員,00_総数,49400,48400,3300,16700,3500,4800,200,500,900,15900,2300,1300,-,1000,800
1_男,0_総数,04_30～34歳,233_うち労働者派遣事業所の派遣社員,01_50万円未満,200,200,-,200,-,-,-,-,-,-,-,-,-,-,-
1_男,0_総数,04_30～34歳,233_うち労働者派遣事業所の派遣社員,02_50～99万円,900,600,-,500,-,100,-,-,-,-,-,-,-,-,300
1_男,0_総数,04_30～34歳,233_うち労働者派遣事業所の派遣社員,03_100～149万円,1600,1600,-,1200,-,100,-,-,100,100,100,-,-,100,-
1_男,0_総数,04_30～34歳,233_うち労働者派遣事業所の派遣社員,04_150～199万円,6400,5900,0,2700,1100,400,-,-,100,1400,100,100,-,-,500
1_男,0_総数,04_30～34歳,233_うち労働者派遣事業所の派遣社員,05_200～249万円,11900,11900,900,4300,600,300,-,0,700,4900,300,300,-,-,-
1_男,0_総数,04_30～34歳,233_うち労働者派遣事業所の派遣社員,06_250～299万円,8900,8900,1000,3400,1000,1200,-,100,-,2000,100,100,-,-,-
1_男,0_総数,04_30～34歳,233_うち労働者派遣事業所の派遣社員,07_300～399万円,12900,12800,800,3100,300,500,-,400,-,6400,1500,500,-,900,-
1_男,0_総数,04_30～34歳,233_うち労働者派遣事業所の派遣社員,08_400～499万円,3600,3600,200,400,200,1800,-,-,-,500,400,400,-,-,-
1_男,0_総数,04_30～34歳,233_うち労働者派遣事業所の派遣社員,09_500～599万円,900,900,-,-,-,200,200,-,-,500,-,-,-,-,-
1_男,0_総数,04_30～34歳,233_うち労働者派遣事業所の派遣社員,10_600～699万円,-,-,-,-,-,-,-,-,-,-,-,-,-,-,-
1_男,0_総数,04_30～34歳,233_うち労働者派遣事業所の派遣社員,11_700～799万円,-,-,-,-,-,-,-,-,-,-,-,-,-,-,-
1_男,0_総数,04_30～34歳,233_うち労働者派遣事業所の派遣社員,12_800～899万円,-,-,-,-,-,-,-,-,-,-,-,-,-,-,-
1_男,0_総数,04_30～34歳,233_うち労働者派遣事業所の派遣社員,13_900～999万円,-,-,-,-,-,-,-,-,-,-,-,-,-,-,-
1_男,0_総数,04_30～34歳,233_うち労働者派遣事業所の派遣社員,14_1000～1249万円,-,-,-,-,-,-,-,-,-,-,-,-,-,-,-
1_男,0_総数,04_30～34歳,233_うち労働者派遣事業所の派遣社員,15_1250～1499万円,-,-,-,-,-,-,-,-,-,-,-,-,-,-,-
1_男,0_総数,04_30～34歳,233_うち労働者派遣事業所の派遣社員,16_1500万円以上,-,-,-,-,-,-,-,-,-,-,-,-,-,-,-
1_男,0_総数,04_30～34歳,234_うち契約社員,00_総数,96400,92400,4600,30700,5600,8000,700,1200,300,30400,9500,5700,300,3400,1000
1_男,0_総数,04_30～34歳,234_うち契約社員,01_50万円未満,800,800,-,200,-,300,-,-,-,200,-,-,-,-,-
1_男,0_総数,04_30～34歳,234_うち契約社員,02_50～99万円,1300,1100,100,300,-,-,-,-,-,600,-,-,-,-,100
1_男,0_総数,04_30～34歳,234_うち契約社員,03_100～149万円,8400,8100,600,2500,1300,1200,100,100,-,1200,1000,900,-,100,-
1_男,0_総数,04_30～34歳,234_うち契約社員,04_150～199万円,14200,14200,500,6400,800,1300,-,200,-,5000,0,0,-,-,100
1_男,0_総数,04_30～34歳,234_うち契約社員,05_200～249万円,18100,17200,800,6500,1000,2100,-,100,300,4900,1300,1100,-,100,-
1_男,0_総数,04_30～34歳,234_うち契約社員,06_250～299万円,13300,12000,500,4800,900,700,100,200,-,3800,1100,100,300,700,-
1_男,0_総数,04_30～34歳,234_うち契約社員,07_300～399万円,23100,22900,1500,5700,1600,800,500,500,100,8200,4000,2700,-,1300,0
1_男,0_総数,04_30～34歳,234_うち契約社員,08_400～499万円,9000,8700,-,1700,-,1700,-,-,-,3400,1600,900,-,800,300
1_男,0_総数,04_30～34歳,234_うち契約社員,09_500～599万円,2900,2900,-,1100,-,-,-,-,-,1800,0,-,-,0,-
1_男,0_総数,04_30～34歳,234_うち契約社員,10_600～699万円,1300,900,-,100,-,-,-,-,-,500,300,-,-,300,400
1_男,0_総数,04_30～34歳,234_うち契約社員,11_700～799万円,400,400,-,300,-,-,-,100,-,100,-,-,-,-,-
1_男,0_総数,04_30～34歳,234_うち契約社員,12_800～899万円,-,-,-,-,-,-,-,-,-,-,-,-,-,-,-
1_男,0_総数,04_30～34歳,234_うち契約社員,13_900～999万円,-,-,-,-,-,-,-,-,-,-,-,-,-,-,-
1_男,0_総数,04_30～34歳,234_うち契約社員,14_1000～1249万円,500,500,-,100,-,-,-,-,-,400,-,-,-,-,-
1_男,0_総数,04_30～34歳,234_うち契約社員,15_1250～1499万円,-,-,-,-,-,-,-,-,-,-,-,-,-,-,-
1_男,0_総数,04_30～34歳,234_うち契約社員,16_1500万円以上,-,-,-,-,-,-,-,-,-,-,-,-,-,-,-
1_男,1_うち未婚,03_25～29歳,0_総数,00_総数,2200100,2154300,42700,551600,72100,191100,25900,31400,29200,990500,212300,204300,4300,3600,34200
1_男,1_うち未婚,03_25～29歳,0_総数,01_50万円未満,44800,38300,3400,21000,500,1300,0,800,300,9500,1300,1300,-,-,5800
1_男,1_うち未婚,03_25～29歳,0_総数,02_50～99万円,66700,55100,4100,22500,3200,4400,200,900,600,18100,1000,800,-,200,10300
1_男,1_うち未婚,03_25～29歳,0_総数,03_100～149万円,95600,91300,3300,44400,4500,9500,600,1400,900,24900,1800,1600,200,-,4100
1_男,1_うち未婚,03_25～29歳,0_総数,04_150～199万円,102900,99200,3300,40200,6700,12600,-,2700,400,29000,3600,3600,100,-,2100
1_男,1_うち未婚,03_25～29歳,0_総数,05_200～249万円,260400,254100,9600,94700,14300,29100,3700,5500,3600,86500,6000,5500,400,-,3800
1_男,1_うち未婚,03_25～29歳,0_総数,06_250～299万円,265500,263900,4600,81900,13500,32100,2900,8400,1400,94500,22200,21300,800,-,900
1_男,1_うち未婚,03_25～29歳,0_総数,07_300～399万円,641100,635300,10700,142400,19500,62500,8700,8400,5700,328400,48200,46800,900,500,3300
1_男,1_うち未婚,03_25～29歳,0_総数,08_400～499万円,428000,425700,1700,72000,5400,29500,9000,2000,6300,239000,59800,57100,600,2200,1500
1_男,1_うち未婚,03_25～29歳,0_総数,09_500～599万円,148600,147800,600,15400,1500,4500,700,200,5300,75900,43800,43100,400,300,-
1_男,1_うち未婚,03_25～29歳,0_総数,10_600～699万円,65700,64700,500,2400,100,1700,-,100,2100,43900,13900,13900,-,-,1000
1_男,1_うち未婚,03_25～29歳,0_総数,11_700～799万円,21500,21400,200,1100,-,900,-,100,2200,10900,6000,5200,500,300,100
1_男,1_うち未婚,03_25～29歳,0_総数,12_800～899万円,10400,9600,-,500,100,0,-,-,100,7000,1900,1900,-,-,900
1_男,1_うち未婚,03_25～29歳,0_総数,13_900～999万円,3500,3400,-,500,-,-,-,-,-,2800,-,-,-,-,100
1_男,1_うち未婚,03_25～29歳,0_総数,14_1000～1249万円,4600,4600,-,200,500,-,-,-,-,2700,1200,1200,-,-,-
1_男,1_うち未婚,03_25～29歳,0_総数,15_1250～1499万円,1600,1600,-,-,-,800,-,-,-,900,-,-,-,-,-
1_男,1_うち未婚,03_25～29歳,0_総数,16_1500万円以上,2800,2800,-,0,300,-,-,-,-,2000,500,500,-,-,-
1_男,1_うち未婚,03_25～29歳,1_うち自営業主,00_総数,56600,55400,3700,22400,1900,6300,0,200,200,17500,2500,2500,-,-,500
1_男,1_うち未婚,03_25～29歳,1_うち自営業主,01_50万円未満,14900,14800,1000,9400,300,200,-,0,200,2700,900,900,-,-,100
1_男,1_うち未婚,03_25～29歳,1_うち自営業主,02_50～99万円,8900,8800,600,3900,800,200,-,100,-,3100,100,100,-,-,100
1_男,1_うち未婚,03_25～29歳,1_うち自営業主,03_100～149万円,5900,5700,100,2000,-,900,0,0,-,1500,1100,1100,-,-,200
1_男,1_うち未婚,03_25～29歳,1_うち自営業主,04_150～199万円,8700,8700,100,1400,100,2200,-,0,-,4900,-,-,-,-,-
1_男,1_うち未婚,03_25～29歳,1_うち自営業主,05_200～249万円,3700,3700,700,1400,-,100,-,-,0,1000,-,-,-,-,-
1_男,1_うち未婚,03_25～29歳,1_うち自営業主,06_250～299万円,2100,2000,100,600,-,1300,-,-,-,100,-,-,-,-,100
1_男,1_うち未婚,03_25～29歳,1_うち自営業主,07_300～399万円,4000,3700,200,1400,500,500,-,-,-,1000,-,-,-,-,-
1_男,1_うち未婚,03_25～29歳,1_うち自営業主,08_400～499万円,4500,4500,700,500,-,400,-,-,-,2900,-,-,-,-,-
1_男,1_うち未婚,03_25～29歳,1_うち自営業主,09_500～599万円,1000,600,-,200,-,-,-,-,-,0,400,400,-,-,-
1_男,1_うち未婚,03_25～29歳,1_うち自営業主,10_600～699万円,300,300,100,200,-,-,-,-,-,-,-,-,-,-,-
1_男,1_うち未婚,03_25～29歳,1_うち自営業主,11_700～799万円,400,400,0,400,-,-,-,-,-,-,-,-,-,-,-
1_男,1_うち未婚,03_25～29歳,1_うち自営業主,12_800～899万円,300,300,-,300,-,-,-,-,-,-,-,-,-,-,-
1_男,1_うち未婚,03_25～29歳,1_うち自営業主,13_900～999万円,500,500,-,500,-,-,-,-,-,-,-,-,-,-,-
1_男,1_うち未婚,03_25～29歳,1_うち自営業主,14_1000～1249万円,100,100,-,-,-,-,-,-,-,100,-,-,-,-,-
1_男,1_うち未婚,03_25～29歳,1_うち自営業主,15_1250～1499万円,-,-,-,-,-,-,-,-,-,-,-,-,-,-,-
1_男,1_うち未婚,03_25～29歳,1_うち自営業主,16_1500万円以上,600,600,-,0,300,-,-,-,-,300,-,-,-,-,-
1_男,1_うち未婚,03_25～29歳,11_うち起業者（うち自営業主）,00_総数,30200,29300,2000,6200,900,4300,0,100,0,13200,2100,2100,-,-,200
1_男,1_うち未婚,03_25～29歳,11_うち起業者（うち自営業主）,01_50万円未満,4800,4700,100,1000,200,200,-,0,-,2200,900,900,-,-,100
1_男,1_うち未婚,03_25～29歳,11_うち起業者（うち自営業主）,02_50～99万円,4000,3900,300,800,200,200,-,-,-,2300,100,100,-,-,100
1_男,1_うち未婚,03_25～29歳,11_うち起業者（うち自営業主）,03_100～149万円,4200,4200,100,600,-,900,0,0,-,1500,1100,1100,-,-,-
1_男,1_うち未婚,03_25～29歳,11_うち起業者（うち自営業主）,04_150～199万円,7600,7600,100,600,100,2200,-,-,-,4700,-,-,-,-,-
1_男,1_うち未婚,03_25～29歳,11_うち起業者（うち自営業主）,05_200～249万円,2200,2200,300,400,-,-,-,-,0,1000,-,-,-,-,-
1_男,1_うち未婚,03_25～29歳,11_うち起業者（うち自営業主）,06_250～299万円,500,400,100,300,-,-,-,-,-,100,-,-,-,-,100
1_男,1_うち未婚,03_25～29歳,11_うち起業者（うち自営業主）,07_300～399万円,2800,2500,100,900,300,500,-,-,-,700,-,-,-,-,-
1_男,1_うち未婚,03_25～29歳,11_うち起業者（うち自営業主）,08_400～499万円,1500,1500,700,400,-,-,-,-,-,400,-,-,-,-,-
1_男,1_うち未婚,03_25～29歳,11_うち起業者（うち自営業主）,09_500～599万円,600,200,-,200,-,-,-,-,-,0,-,-,-,-,-
1_男,1_うち未婚,03_25～29歳,11_うち起業者（うち自営業主）,10_600～699万円,100,100,100,-,-,-,-,-,-,-,-,-,-,-,-
1_男,1_うち未婚,03_25～29歳,11_うち起業者（うち自営業主）,11_700～799万円,400,400,0,400,-,-,-,-,-,-,-,-,-,-,-
1_男,1_うち未婚,03_25～29歳,11_うち起業者（うち自営業主）,12_800～899万円,300,300,-,300,-,-,-,-,-,-,-,-,-,-,-
1_男,1_うち未婚,03_25～29歳,11_うち起業者（うち自営業主）,13_900～999万円,300,300,-,300,-,-,-,-,-,-,-,-,-,-,-
1_男,1_うち未婚,03_25～29歳,11_うち起業者（うち自営業主）,14_1000～1249万円,100,100,-,-,-,-,-,-,-,100,-,-,-,-,-
1_男,1_うち未婚,03_25～29歳,11_うち起業者（うち自営業主）,15_1250～1499万円,-,-,-,-,-,-,-,-,-,-,-,-,-,-,-
1_男,1_うち未婚,03_25～29歳,11_うち起業者（うち自営業主）,16_1500万円以上,400,400,-,-,100,-,-,-,-,300,-,-,-,-,-
1_男,1_うち未婚,03_25～29歳,2_うち雇用者,00_総数,2130100,2086200,38400,524000,69400,183400,25900,30900,29000,969200,209400,201500,4300,3600,33600
1_男,1_うち未婚,03_25～29歳,2_うち雇用者,01_50万円未満,29600,23200,2400,11300,200,1100,0,800,100,6800,500,500,-,-,5800
1_男,1_うち未婚,03_25～29歳,2_うち雇用者,02_50～99万円,57800,46300,3400,18600,2400,4200,200,900,600,15100,1000,700,-,200,10200
1_男,1_うち未婚,03_25～29歳,2_うち雇用者,03_100～149万円,89500,85500,3200,42400,4500,8300,500,1300,900,23500,700,500,200,-,3800
1_男,1_うち未婚,03_25～29歳,2_うち雇用者,04_150～199万円,94200,90500,3200,38900,6600,10400,-,2600,400,24100,3600,3600,100,-,2100
1_男,1_うち未婚,03_25～29歳,2_うち雇用者,05_200～249万円,256700,250500,8900,93300,14300,29000,3700,5500,3600,85500,6000,5500,400,-,3800
1_男,1_うち未婚,03_25～29歳,2_うち雇用者,06_250～299万円,263200,261700,4500,81300,13500,30800,2900,8400,1400,94200,22200,21300,800,-,800
1_男,1_うち未婚,03_25～29歳,2_うち雇用者,07_300～399万円,637100,631600,10500,141000,19000,62000,8700,8400,5700,327400,48200,46800,900,500,3300
1_男,1_うち未婚,03_25～29歳,2_うち雇用者,08_400～499万円,423500,421300,1000,71500,5400,29100,9000,2000,6300,236100,59800,57100,600,2200,1500
1_男,1_うち未婚,03_25～29歳,2_うち雇用者,09_500～599万円,147200,146900,600,15200,1500,4500,700,200,5300,75800,43100,42300,400,300,-
1_男,1_うち未婚,03_25～29歳,2_うち雇用者,10_600～699万円,65400,64400,400,2300,100,1700,-,100,2100,43900,13900,13900,-,-,1000
1_男,1_うち未婚,03_25～29歳,2_うち雇用者,11_700～799万円,21100,21000,200,700,-,900,-,100,2200,10900,6000,5200,500,300,100
1_男,1_うち未婚,03_25～29歳,2_うち雇用者,12_800～899万円,10100,9300,-,200,100,0,-,-,100,7000,1900,1900,-,-,900
1_男,1_うち未婚,03_25～29歳,2_うち雇用者,13_900～999万円,2900,2800,-,-,-,-,-,-,-,2800,-,-,-,-,100
1_男,1_うち未婚,03_25～29歳,2_うち雇用者,14_1000～1249万円,4500,4500,-,200,500,-,-,-,-,2600,1200,1200,-,-,-
1_男,1_うち未婚,03_25～29歳,2_うち雇用者,15_1250～1499万円,1600,1600,-,-,-,800,-,-,-,900,-,-,-,-,-
1_男,1_うち未婚,03_25～29歳,2_うち雇用者,16_1500万円以上,2200,2200,-,-,-,-,-,-,-,1700,500,500,-,-,-
1_男,1_うち未婚,03_25～29歳,21_うち起業者（うち雇用者）,00_総数,6600,6500,-,1500,200,1600,-,100,-,2700,500,500,-,-,-
1_男,1_うち未婚,03_25～29歳,21_うち起業者（うち雇用者）,01_50万円未満,100,100,-,100,-,-,-,-,-,-,-,-,-,-,-
1_男,1_うち未婚,03_25～29歳,21_うち起業者（うち雇用者）,02_50～99万円,300,300,-,100,-,-,-,100,-,-,-,-,-,-,-
1_男,1_うち未婚,03_25～29歳,21_うち起業者（うち雇用者）,03_100～149万円,500,500,-,400,-,200,-,-,-,-,-,-,-,-,-
1_男,1_うち未婚,03_25～29歳,21_うち起業者（うち雇用者）,04_150～199万円,-,-,-,-,-,-,-,-,-,-,-,-,-,-,-
1_男,1_うち未婚,03_25～29歳,21_うち起業者（うち雇用者）,05_200～249万円,200,200,-,-,200,-,-,-,-,-,-,-,-,-,-
1_男,1_うち未婚,03_25～29歳,21_うち起業者（うち雇用者）,06_250～299万円,2200,2200,-,800,-,-,-,-,-,1300,-,-,-,-,-
1_男,1_うち未婚,03_25～29歳,21_うち起業者（うち雇用者）,07_300～399万円,1400,1400,-,-,-,-,-,-,-,1400,-,-,-,-,-
1_男,1_うち未婚,03_25～29歳,21_うち起業者（うち雇用者）,08_400～499万円,-,-,-,-,-,-,-,-,-,-,-,-,-,-,-
1_男,1_うち未婚,03_25～29歳,21_うち起業者（うち雇用者）,09_500～599万円,300,300,-,-,-,300,-,-,-,-,-,-,-,-,-
1_男,1_うち未婚,03_25～29歳,21_うち起業者（うち雇用者）,10_600～699万円,1100,1100,-,-,-,1100,-,-,-,-,-,-,-,-,-
1_男,1_うち未婚,03_25～29歳,21_うち起業者（うち雇用者）,11_700～799万円,-,-,-,-,-,-,-,-,-,-,-,-,-,-,-
1_男,1_うち未婚,03_25～29歳,21_うち起業者（うち雇用者）,12_800～899万円,-,-,-,-,-,-,-,-,-,-,-,-,-,-,-
1_男,1_うち未婚,03_25～29歳,21_うち起業者（うち雇用者）,13_900～999万円,-,-,-,-,-,-,-,-,-,-,-,-,-,-,-
1_男,1_うち未婚,03_25～29歳,21_うち起業者（うち雇用者）,14_1000～1249万円,-,-,-,-,-,-,-,-,-,-,-,-,-,-,-
1_男,1_うち未婚,03_25～29歳,21_うち起業者（うち雇用者）,15_1250～1499万円,-,-,-,-,-,-,-,-,-,-,-,-,-,-,-
1_男,1_うち未婚,03_25～29歳,21_うち起業者（うち雇用者）,16_1500万円以上,500,500,-,-,-,-,-,-,-,-,500,500,-,-,-
1_男,1_うち未婚,03_25～29歳,22_うち正規の職員・従業員,00_総数,1733900,1722700,20400,371600,52100,143200,24000,24700,24800,859300,196400,190100,3800,2600,5800
1_男,1_うち未婚,03_25～29歳,22_うち正規の職員・従業員,01_50万円未満,5500,5500,100,2000,-,300,-,-,-,2900,200,200,-,-,-
1_男,1_うち未婚,03_25～29歳,22_うち正規の職員・従業員,02_50～99万円,4900,4900,100,2600,300,300,-,500,-,600,500,300,-,200,-
1_男,1_うち未婚,03_25～29歳,22_うち正規の職員・従業員,03_100～149万円,15600,15400,800,7000,900,1600,500,500,-,3900,100,100,-,-,200
1_男,1_うち未婚,03_25～29歳,22_うち正規の職員・従業員,04_150～199万円,36500,36100,1200,15000,2900,4100,-,1500,-,10500,600,600,-,-,100
1_男,1_うち未婚,03_25～29歳,22_うち正規の職員・従業員,05_200～249万円,180500,179100,4800,60400,10600,20100,3500,4300,2900,66800,5200,5000,200,-,200
1_男,1_うち未婚,03_25～29歳,22_うち正規の職員・従業員,06_250～299万円,226100,225000,4200,65800,11600,24300,2500,7200,1100,85200,20700,19900,800,-,500
1_男,1_うち未婚,03_25～29歳,22_うち正規の職員・従業員,07_300～399万円,586000,581400,7800,126700,17400,58000,7800,8200,5400,304400,45100,44000,900,200,2400
1_男,1_うち未婚,03_25～29歳,22_うち正規の職員・従業員,08_400～499万円,413600,412300,1000,69800,5300,28300,9000,2000,5700,233000,57200,54700,600,1900,500
1_男,1_うち未婚,03_25～29歳,22_うち正規の職員・従業員,09_500～599万円,145000,144600,100,15100,1500,4200,700,200,5300,74500,43100,42300,400,300,-
1_男,1_うち未婚,03_25～29歳,22_うち正規の職員・従業員,10_600～699万円,63600,62600,-,2300,100,600,-,100,2100,43500,13900,13900,-,-,1000
1_男,1_うち未婚,03_25～29歳,22_うち正規の職員・従業員,11_700～799万円,20300,20300,200,700,-,900,-,100,2200,10500,5700,5200,500,-,-
1_男,1_うち未婚,03_25～29歳,22_うち正規の職員・従業員,12_800～899万円,9700,8800,-,200,100,0,-,-,100,6600,1900,1900,-,-,900
1_男,1_うち未婚,03_25～29歳,22_うち正規の職員・従業員,13_900～999万円,2800,2800,-,-,-,-,-,-,-,2800,-,-,-,-,-
1_男,1_うち未婚,03_25～29歳,22_うち正規の職員・従業員,14_1000～1249万円,4200,4200,-,0,500,-,-,-,-,2500,1200,1200,-,-,-
1_男,1_うち未婚,03_25～29歳,22_うち正規の職員・従業員,15_1250～1499万円,900,900,-,-,-,-,-,-,-,900,-,-,-,-,-
1_男,1_うち未婚,03_25～29歳,22_うち正規の職員・従業員,16_1500万円以上,500,500,-,-,-,-,-,-,-,500,-,-,-,-,-
1_男,1_うち未婚,03_25～29歳,23_うち非正規の職員・従業員,00_総数,375000,343700,15900,148300,17100,36100,1900,6000,4200,101400,12400,10800,600,1000,26600
1_男,1_うち未婚,03_25～29歳,23_うち非正規の職員・従業員,01_50万円未満,23500,17100,1900,9200,200,800,0,800,100,3900,200,200,-,-,5800
1_男,1_うち未婚,03_25～29歳,23_うち非正規の職員・従業員,02_50～99万円,50600,39700,3300,14500,2100,3800,200,200,600,14500,400,400,-,-,9600
1_男,1_うち未婚,03_25～29歳,23_うち非正規の職員・従業員,03_100～149万円,72500,68800,2400,34800,3600,6600,100,900,900,19000,600,300,200,-,3600
1_男,1_うち未婚,03_25～29歳,23_うち非正規の職員・従業員,04_150～199万円,56000,52700,1900,23700,3700,5100,-,1200,400,13400,2900,2800,100,-,2000
1_男,1_うち未婚,03_25～29歳,23_うち非正規の職員・従業員,05_200～249万円,73400,69100,4100,32900,3600,8700,300,1200,700,16800,800,500,200,-,3000
1_男,1_うち未婚,03_25～29歳,23_うち非正規の職員・従業員,06_250～299万円,33900,33600,400,14600,1900,6400,400,1200,400,7000,1400,1400,-,-,200
1_男,1_うち未婚,03_25～29歳,23_うち非正規の職員・従業員,07_300～399万円,45800,44900,1400,13700,1600,3900,900,200,300,19900,3000,2700,-,400,900
1_男,1_うち未婚,03_25～29歳,23_うち非正規の職員・従業員,08_400～499万円,9400,8400,-,1600,100,800,-,-,600,2700,2700,2400,-,300,1000
1_男,1_うち未婚,03_25～29歳,23_うち非正規の職員・従業員,09_500～599万円,2000,2000,500,100,-,-,-,-,-,1300,-,-,-,-,-
1_男,1_うち未婚,03_25～29歳,23_うち非正規の職員・従業員,10_600～699万円,300,300,-,-,-,-,-,-,-,300,-,-,-,-,-
1_男,1_うち未婚,03_25～29歳,23_うち非正規の職員・従業員,11_700～799万円,700,700,-,-,-,-,-,-,-,400,300,-,-,300,-
1_男,1_うち未婚,03_25～29歳,23_うち非正規の職員・従業員,12_800～899万円,400,400,-,-,-,-,-,-,-,400,-,-,-,-,-
1_男,1_うち未婚,03_25～29歳,23_うち非正規の職員・従業員,13_900～999万円,100,-,-,-,-,-,-,-,-,-,-,-,-,-,100
1_男,1_うち未婚,03_25～29歳,23_うち非正規の職員・従業員,14_1000～1249万円,100,100,-,100,-,-,-,-,-,-,-,-,-,-,-
1_男,1_うち未婚,03_25～29歳,23_うち非正規の職員・従業員,15_1250～1499万円,-,-,-,-,-,-,-,-,-,-,-,-,-,-,-
1_男,1_うち未婚,03_25～29歳,23_うち非正規の職員・従業員,16_1500万円以上,1300,1300,-,-,-,-,-,-,-,1300,-,-,-,-,-
1_男,1_うち未婚,03_25～29歳,231_うちパート,00_総数,51200,49200,2500,29000,2700,4400,100,700,500,7500,1400,1400,-,-,1900
1_男,1_うち未婚,03_25～29歳,231_うちパート,01_50万円未満,2400,1700,400,1200,-,-,-,-,-,100,-,-,-,-,700
1_男,1_うち未婚,03_25～29歳,231_うちパート,02_50～99万円,9400,8400,700,4000,500,1100,-,100,100,1800,-,-,-,-,1000
1_男,1_うち未婚,03_25～29歳,231_うちパート,03_100～149万円,17400,17300,400,10600,800,2000,100,500,500,2300,200,200,-,-,200
1_男,1_うち未婚,03_25～29歳,231_うちパート,04_150～199万円,12200,12100,700,6100,1100,500,-,100,-,2400,900,900,-,-,100
1_男,1_うち未婚,03_25～29歳,231_うちパート,05_200～249万円,6900,6900,300,5300,0,700,-,0,-,400,-,-,-,-,-
1_男,1_うち未婚,03_25～29歳,231_うちパート,06_250～299万円,1400,1400,-,900,300,100,-,-,-,0,0,0,-,-,-
1_男,1_うち未婚,03_25～29歳,231_うちパート,07_300～399万円,100,100,-,100,-,-,-,-,-,100,-,-,-,-,-
1_男,1_うち未婚,03_25～29歳,231_うちパート,08_400～499万円,700,700,-,400,-,-,-,-,-,-,200,200,-,-,-
1_男,1_うち未婚,03_25～29歳,231_うちパート,09_500～599万円,-,-,-,-,-,-,-,-,-,-,-,-,-,-,-
1_男,1_うち未婚,03_25～29歳,231_うちパート,10_600～699万円,-,-,-,-,-,-,-,-,-,-,-,-,-,-,-
1_男,1_うち未婚,03_25～29歳,231_うちパート,11_700～799万円,-,-,-,-,-,-,-,-,-,-,-,-,-,-,-
1_男,1_うち未婚,03_25～29歳,231_うちパート,12_800～899万円,-,-,-,-,-,-,-,-,-,-,-,-,-,-,-
1_男,1_うち未婚,03_25～29歳,231_うちパート,13_900～999万円,-,-,-,-,-,-,-,-,-,-,-,-,-,-,-
1_男,1_うち未婚,03_25～29歳,231_うちパート,14_1000～1249万円,-,-,-,-,-,-,-,-,-,-,-,-,-,-,-
1_男,1_うち未婚,03_25～29歳,231_うちパート,15_1250～1499万円,-,-,-,-,-,-,-,-,-,-,-,-,-,-,-
1_男,1_うち未婚,03_25～29歳,231_うちパート,16_1500万円以上,-,-,-,-,-,-,-,-,-,-,-,-,-,-,-
1_男,1_うち未婚,03_25～29歳,232_うちアルバイト,00_総数,134100,114600,7500,49800,5200,11000,700,1700,1800,34800,2200,2000,200,-,18000
1_男,1_うち未婚,03_25～29歳,232_うちアルバイト,01_50万円未満,12600,7100,900,2500,0,100,0,700,-,2900,-,-,-,-,5000
1_男,1_うち未婚,03_25～29歳,232_うちアルバイト,02_50～99万円,32000,23000,2100,7300,1300,2600,100,100,100,9300,-,-,-,-,8200
1_男,1_うち未婚,03_25～29歳,232_うちアルバイト,03_100～149万円,38600,35100,1800,16600,1700,2800,-,400,400,11000,300,200,200,-,3500
1_男,1_うち未婚,03_25～29歳,232_うちアルバイト,04_150～199万円,21700,20700,600,8300,1000,2500,-,-,-,7000,1100,1100,-,-,600
1_男,1_うち未婚,03_25～29歳,232_うちアルバイト,05_200～249万円,17900,17800,2000,9000,900,2200,200,500,300,2700,-,-,-,-,100
1_男,1_うち未婚,03_25～29歳,232_うちアルバイト,06_250～299万円,6500,6400,-,3600,200,100,400,-,400,1000,700,700,-,-,100
1_男,1_うち未婚,03_25～29歳,232_うちアルバイト,07_300～399万円,1800,1800,0,1000,-,300,-,-,-,500,-,-,-,-,-
1_男,1_うち未婚,03_25～29歳,232_うちアルバイト,08_400～499万円,1000,1000,-,-,-,400,-,-,600,0,-,-,-,-,-
1_男,1_うち未婚,03_25～29歳,232_うちアルバイト,09_500～599万円,-,-,-,-,-,-,-,-,-,-,-,-,-,-,-
1_男,1_うち未婚,03_25～29歳,232_うちアルバイト,10_600～699万円,-,-,-,-,-,-,-,-,-,-,-,-,-,-,-
1_男,1_うち未婚,03_25～29歳,232_うちアルバイト,11_700～799万円,-,-,-,-,-,-,-,-,-,-,-,-,-,-,-
1_男,1_うち未婚,03_25～29歳,232_うちアルバイト,12_800～899万円,-,-,-,-,-,-,-,-,-,-,-,-,-,-,-
1_男,1_うち未婚,03_25～29歳,232_うちアルバイト,13_900～999万円,100,-,-,-,-,-,-,-,-,-,-,-,-,-,100
1_男,1_うち未婚,03_25～29歳,232_うちアルバイト,14_1000～1249万円,-,-,-,-,-,-,-,-,-,-,-,-,-,-,-
1_男,1_うち未婚,03_25～29歳,232_うちアルバイト,15_1250～1499万円,-,-,-,-,-,-,-,-,-,-,-,-,-,-,-
1_男,1_うち未婚,03_25～29歳,232_うちアルバイト,16_1500万円以上,-,-,-,-,-,-,-,-,-,-,-,-,-,-,-
1_男,1_うち未婚,03_25～29歳,233_うち労働者派遣事業所の派遣社員,00_総数,60300,58800,2300,20400,2900,7500,-,1200,500,21300,2700,2400,200,-,900
1_男,1_うち未婚,03_25～29歳,233_うち労働者派遣事業所の派遣社員,01_50万円未満,1200,1000,-,100,-,500,-,100,-,300,-,-,-,-,-
1_男,1_うち未婚,03_25～29歳,233_うち労働者派遣事業所の派遣社員,02_50～99万円,2200,1900,200,300,-,-,-,-,-,1500,-,-,-,-,300
1_男,1_うち未婚,03_25～29歳,233_うち労働者派遣事業所の派遣社員,03_100～149万円,3100,3100,-,1800,100,400,-,-,-,900,-,-,-,-,-
1_男,1_うち未婚,03_25～29歳,233_うち労働者派遣事業所の派遣社員,04_150～199万円,6500,5700,500,2200,400,500,-,100,100,2000,-,-,-,-,500
1_男,1_うち未婚,03_25～29歳,233_うち労働者派遣事業所の派遣社員,05_200～249万円,18100,17900,500,7900,1200,2500,-,100,200,5300,200,-,200,-,100
1_男,1_うち未婚,03_25～29歳,233_うち労働者派遣事業所の派遣社員,06_250～299万円,10100,10100,400,4300,700,2000,-,900,-,1700,-,-,-,-,-
1_男,1_うち未婚,03_25～29歳,233_うち労働者派遣事業所の派遣社員,07_300～399万円,15900,15900,800,3100,400,1600,-,0,-,8300,1600,1600,-,-,-
1_男,1_うち未婚,03_25～29歳,233_うち労働者派遣事業所の派遣社員,08_400～499万円,1700,1700,-,600,-,-,-,-,-,300,800,800,-,-,-
1_男,1_うち未婚,03_25～29歳,233_うち労働者派遣事業所の派遣社員,09_500～599万円,900,900,-,-,-,-,-,-,-,900,-,-,-,-,-
1_男,1_うち未婚,03_25～29歳,233_うち労働者派遣事業所の派遣社員,10_600～699万円,-,-,-,-,-,-,-,-,-,-,-,-,-,-,-
1_男,1_うち未婚,03_25～29歳,233_うち労働者派遣事業所の派遣社員,11_700～799万円,-,-,-,-,-,-,-,-,-,-,-,-,-,-,-
1_男,1_うち未婚,03_25～29歳,233_うち労働者派遣事業所の派遣社員,12_800～899万円,-,-,-,-,-,-,-,-,-,-,-,-,-,-,-
1_男,1_うち未婚,03_25～29歳,233_うち労働者派遣事業所の派遣社員,13_900～999万円,-,-,-,-,-,-,-,-,-,-,-,-,-,-,-
1_男,1_うち未婚,03_25～29歳,233_うち労働者派遣事業所の派遣社員,14_1000～1249万円,-,-,-,-,-,-,-,-,-,-,-,-,-,-,-
1_男,1_うち未婚,03_25～29歳,233_うち労働者派遣事業所の派遣社員,15_1250～1499万円,-,-,-,-,-,-,-,-,-,-,-,-,-,-,-
1_男,1_うち未婚,03_25～29歳,233_うち労働者派遣事業所の派遣社員,16_1500万円以上,-,-,-,-,-,-,-,-,-,-,-,-,-,-,-
1_男,1_うち未婚,03_25～29歳,234_うち契約社員,00_総数,93000,89200,2400,31900,5600,10000,1000,2100,1000,30500,4600,3700,200,700,2500
1_男,1_うち未婚,03_25～29歳,234_うち契約社員,01_50万円未満,1000,1000,200,600,200,-,-,-,-,-,-,-,-,-,-
1_男,1_うち未婚,03_25～29歳,234_うち契約社員,02_50～99万円,2400,1800,100,500,100,-,-,-,0,800,400,400,-,-,-
1_男,1_うち未婚,03_25～29歳,234_うち契約社員,03_100～149万円,9400,9400,200,4500,900,500,-,-,-,3300,100,-,100,-,-
1_男,1_うち未婚,03_25～29歳,234_うち契約社員,04_150～199万円,11700,11200,100,5700,900,1000,-,900,400,1800,200,100,100,-,500
1_男,1_うち未婚,03_25～29歳,234_うち契約社員,05_200～249万円,22300,21600,700,7400,1400,2900,100,500,300,7800,500,500,-,-,-
1_男,1_うち未婚,03_25～29歳,234_うち契約社員,06_250～299万円,13700,13500,-,4900,700,3700,0,300,-,3300,600,600,-,-,100
1_男,1_うち未婚,03_25～29歳,234_うち契約社員,07_300～399万円,23300,22400,500,7800,1100,1600,900,100,300,9000,1100,800,-,400,900
1_男,1_うち未婚,03_25～29歳,234_うち契約社員,08_400～499万円,5400,4400,-,200,100,400,-,-,-,2100,1600,1300,-,300,1000
1_男,1_うち未婚,03_25～29歳,234_うち契約社員,09_500～599万円,700,700,500,100,-,-,-,-,-,100,-,-,-,-,-
1_男,1_うち未婚,03_25～29歳,234_うち契約社員,10_600～699万円,300,300,-,-,-,-,-,-,-,300,-,-,-,-,-
1_男,1_うち未婚,03_25～29歳,234_うち契約社員,11_700～799万円,400,400,-,-,-,-,-,-,-,400,-,-,-,-,-
1_男,1_うち未婚,03_25～29歳,234_うち契約社員,12_800～899万円,400,400,-,-,-,-,-,-,-,400,-,-,-,-,-
1_男,1_うち未婚,03_25～29歳,234_うち契約社員,13_900～999万円,-,-,-,-,-,-,-,-,-,-,-,-,-,-,-
1_男,1_うち未婚,03_25～29歳,234_うち契約社員,14_1000～1249万円,-,-,-,-,-,-,-,-,-,-,-,-,-,-,-
1_男,1_うち未婚,03_25～29歳,234_うち契約社員,15_1250～1499万円,-,-,-,-,-,-,-,-,-,-,-,-,-,-,-
1_男,1_うち未婚,03_25～29歳,234_うち契約社員,16_1500万円以上,1300,1300,-,-,-,-,-,-,-,1300,-,-,-,-,-
1_男,1_うち未婚,04_30～34歳,0_総数,00_総数,1447600,1426500,45100,414100,59400,117600,14800,19900,14100,604700,132000,116900,3600,11500,8300
1_男,1_うち未婚,04_30～34歳,0_総数,01_50万円未満,25300,24600,1500,12700,1300,3600,100,0,0,2100,3200,2600,-,600,700
1_男,1_うち未婚,04_30～34歳,0_総数,02_50～99万円,45600,42500,3600,16200,1700,5500,400,300,400,14100,300,300,100,-,2900
1_男,1_うち未婚,04_30～34歳,0_総数,03_100～149万円,66900,64200,4800,27400,4700,6200,1200,800,200,16700,2100,1800,-,300,100
1_男,1_うち未婚,04_30～34歳,0_総数,04_150～199万円,80000,79100,4100,38600,5200,8400,500,900,600,20400,400,200,-,200,900
1_男,1_うち未婚,04_30～34歳,0_総数,05_200～249万円,142500,140000,6500,48800,9900,16200,1200,2900,2000,46800,4900,4400,-,400,300
1_男,1_うち未婚,04_30～34歳,0_総数,06_250～299万円,151100,147800,5400,51900,9700,15400,2600,1900,900,54300,5700,3400,1100,1200,-
1_男,1_うち未婚,04_30～34歳,0_総数,07_300～399万円,343300,341300,12800,103100,12300,33900,3700,6400,2700,143700,21100,19100,400,1600,200
1_男,1_うち未婚,04_30～34歳,0_総数,08_400～499万円,270000,269000,3400,64300,9700,14900,4800,4900,2400,135200,28800,26100,600,2100,100
1_男,1_うち未婚,04_30～34歳,0_総数,09_500～599万円,161700,161000,1000,26800,2500,8300,300,800,1900,84600,34400,33200,-,1200,300
1_男,1_うち未婚,04_30～34歳,0_総数,10_600～699万円,66700,65900,200,7300,900,2900,-,500,900,39600,13400,11200,-,2200,700
1_男,1_うち未婚,04_30～34歳,0_総数,11_700～799万円,22700,22700,100,600,300,100,-,100,500,13700,7400,7300,-,100,-
1_男,1_うち未婚,04_30～34歳,0_総数,12_800～899万円,14800,14800,100,600,-,-,-,-,300,7500,6200,3300,1400,1400,-
1_男,1_うち未婚,04_30～34歳,0_総数,13_900～999万円,10100,8300,-,300,100,-,-,-,1200,6200,500,500,-,-,1800
1_男,1_うち未婚,04_30～34歳,0_総数,14_1000～1249万円,10300,10200,-,400,100,-,-,-,100,8700,1000,1000,-,100,100
1_男,1_うち未婚,04_30～34歳,0_総数,15_1250～1499万円,5900,5700,-,1100,-,-,-,-,-,2800,1900,1900,-,-,300
1_男,1_うち未婚,04_30～34歳,0_総数,16_1500万円以上,600,600,-,200,-,-,-,-,-,100,200,100,-,100,-
1_男,1_うち未婚,04_30～34歳,1_うち自営業主,00_総数,54900,53800,3700,15000,2000,5600,1100,600,100,19900,5300,3400,1800,100,900
1_男,1_うち未婚,04_30～34歳,1_うち自営業主,01_50万円未満,10200,10200,600,5200,300,1500,100,0,-,500,2000,2000,-,-,-
1_男,1_うち未婚,04_30～34歳,1_うち自営業主,02_50～99万円,7800,6900,400,900,200,400,400,100,-,4700,100,-,100,-,900
1_男,1_うち未婚,04_30～34歳,1_うち自営業主,03_100～149万円,6600,6600,100,2200,-,100,100,200,-,3300,500,400,-,100,-
1_男,1_うち未婚,04_30～34歳,1_うち自営業主,04_150～199万円,3900,3900,500,1600,600,200,-,-,100,1000,-,-,-,-,-
1_男,1_うち未婚,04_30～34歳,1_うち自営業主,05_200～249万円,5200,5200,800,400,500,100,-,200,-,2600,500,500,-,-,-
1_男,1_うち未婚,04_30～34歳,1_うち自営業主,06_250～299万円,2800,2800,-,300,100,500,500,-,-,1500,-,-,-,-,-
1_男,1_うち未婚,04_30～34歳,1_うち自営業主,07_300～399万円,8200,8100,900,2400,200,2400,-,-,-,1700,300,0,300,-,-
1_男,1_うち未婚,04_30～34歳,1_うち自営業主,08_400～499万円,3000,3000,100,700,-,100,-,-,-,2000,-,-,-,-,-
1_男,1_うち未婚,04_30～34歳,1_うち自営業主,09_500～599万円,1000,1000,-,100,100,-,100,100,-,400,100,100,-,-,-
1_男,1_うち未婚,04_30～34歳,1_うち自営業主,10_600～699万円,800,800,200,300,-,300,-,-,-,-,-,-,-,-,-
1_男,1_うち未婚,04_30～34歳,1_うち自営業主,11_700～799万円,1200,1200,-,200,-,-,-,-,-,600,400,400,-,-,-
1_男,1_うち未婚,04_30～34歳,1_うち自営業主,12_800～899万円,2000,2000,100,100,-,-,-,-,-,300,1400,-,1400,-,-
1_男,1_うち未婚,04_30～34歳,1_うち自営業主,13_900～999万円,300,300,-,100,100,-,-,-,-,100,-,-,-,-,-
1_男,1_うち未婚,04_30～34歳,1_うち自営業主,14_1000～1249万円,700,700,-,100,100,-,-,-,-,500,-,-,-,-,-
1_男,1_うち未婚,04_30～34歳,1_うち自営業主,15_1250～1499万円,-,-,-,-,-,-,-,-,-,-,-,-,-,-,-
1_男,1_うち未婚,04_30～34歳,1_うち自営業主,16_1500万円以上,-,-,-,-,-,-,-,-,-,-,-,-,-,-,-
1_男,1_うち未婚,04_30～34歳,11_うち起業者（うち自営業主）,00_総数,35000,34000,2500,7200,1400,3400,900,200,100,15000,2800,2400,300,100,900
1_男,1_うち未婚,04_30～34歳,11_うち起業者（うち自営業主）,01_50万円未満,4800,4800,300,1000,300,1300,-,-,-,400,1500,1500,-,-,-
1_男,1_うち未婚,04_30～34歳,11_うち起業者（うち自営業主）,02_50～99万円,4200,3400,-,500,0,300,400,100,-,2100,100,-,100,-,900
1_男,1_うち未婚,04_30～34歳,11_うち起業者（うち自営業主）,03_100～149万円,4500,4500,100,700,-,100,-,100,-,2900,500,400,-,100,-
1_男,1_うち未婚,04_30～34歳,11_うち起業者（うち自営業主）,04_150～199万円,2800,2800,400,800,600,200,-,-,100,800,-,-,-,-,-
1_男,1_うち未婚,04_30～34歳,11_うち起業者（うち自営業主）,05_200～249万円,4300,4300,700,400,500,100,-,100,-,2400,100,100,-,-,-
1_男,1_うち未婚,04_30～34歳,11_うち起業者（うち自営業主）,06_250～299万円,2400,2400,-,300,-,400,500,-,-,1200,-,-,-,-,-
1_男,1_うち未婚,04_30～34歳,11_うち起業者（うち自営業主）,07_300～399万円,5400,5300,500,2300,100,600,-,-,-,1400,300,0,300,-,-
1_男,1_うち未婚,04_30～34歳,11_うち起業者（うち自営業主）,08_400～499万円,2200,2200,100,300,-,100,-,-,-,1700,-,-,-,-,-
1_男,1_うち未婚,04_30～34歳,11_うち起業者（うち自営業主）,09_500～599万円,700,700,-,-,-,-,100,-,-,400,-,-,-,-,-
1_男,1_うち未婚,04_30～34歳,11_うち起業者（うち自営業主）,10_600～699万円,800,800,200,300,-,300,-,-,-,-,-,-,-,-,-
1_男,1_うち未婚,04_30～34歳,11_うち起業者（うち自営業主）,11_700～799万円,1200,1200,-,200,-,-,-,-,-,600,400,400,-,-,-
1_男,1_うち未婚,04_30～34歳,11_うち起業者（うち自営業主）,12_800～899万円,600,600,100,100,-,-,-,-,-,300,-,-,-,-,-
1_男,1_うち未婚,04_30～34歳,11_うち起業者（うち自営業主）,13_900～999万円,100,100,-,-,-,-,-,-,-,100,-,-,-,-,-
1_男,1_うち未婚,04_30～34歳,11_うち起業者（うち自営業主）,14_1000～1249万円,600,600,-,100,-,-,-,-,-,500,-,-,-,-,-
1_男,1_うち未婚,04_30～34歳,11_うち起業者（うち自営業主）,15_1250～1499万円,-,-,-,-,-,-,-,-,-,-,-,-,-,-,-
1_男,1_うち未婚,04_30～34歳,11_うち起業者（うち自営業主）,16_1500万円以上,-,-,-,-,-,-,-,-,-,-,-,-,-,-,-
1_男,1_うち未婚,04_30～34歳,2_うち雇用者,00_総数,1378800,1359300,40800,392900,56700,110900,13700,19000,14100,580700,126300,113100,1900,11400,7500
1_男,1_うち未婚,04_30～34歳,2_うち雇用者,01_50万円未満,15000,14300,1000,7400,1000,2100,-,-,0,1500,1300,700,-,600,700
1_男,1_うち未婚,04_30～34歳,2_うち雇用者,02_50～99万円,37800,35600,3200,15300,1600,5200,-,300,400,9400,300,300,-,-,2000
1_男,1_うち未婚,04_30～34歳,2_うち雇用者,03_100～149万円,60300,57600,4700,25200,4700,6000,1100,600,200,13300,1600,1400,-,200,100
1_男,1_うち未婚,04_30～34歳,2_うち雇用者,04_150～199万円,76100,75200,3700,37000,4600,8200,500,900,500,19400,400,200,-,200,900
1_男,1_うち未婚,04_30～34歳,2_うち雇用者,05_200～249万円,137300,134700,5700,48300,9400,16100,1200,2800,2000,44100,4400,3900,-,400,300
1_男,1_うち未婚,04_30～34歳,2_うち雇用者,06_250～299万円,148000,144800,5400,51600,9600,14900,2100,1900,900,52500,5700,3400,1100,1200,-
1_男,1_うち未婚,04_30～34歳,2_うち雇用者,07_300～399万円,335100,333200,11900,100600,12200,31600,3700,6400,2700,141900,20800,19000,200,1600,200
1_男,1_うち未婚,04_30～34歳,2_うち雇用者,08_400～499万円,267000,266000,3300,63500,9700,14800,4800,4900,2400,133200,28800,26100,600,2100,100
1_男,1_うち未婚,04_30～34歳,2_うち雇用者,09_500～599万円,160700,160000,1000,26800,2400,8300,300,700,1900,84200,34300,33100,-,1200,300
1_男,1_うち未婚,04_30～34歳,2_うち雇用者,10_600～699万円,65900,65100,0,7100,900,2700,-,500,900,39600,13400,11200,-,2200,700
1_男,1_うち未婚,04_30～34歳,2_うち雇用者,11_700～799万円,21500,21500,100,400,300,100,-,100,500,13100,7000,6900,-,100,-
1_男,1_うち未婚,04_30～34歳,2_うち雇用者,12_800～899万円,12800,12800,-,500,-,-,-,-,300,7200,4800,3300,-,1400,-
1_男,1_うち未婚,04_30～34歳,2_うち雇用者,13_900～999万円,9800,8000,-,200,-,-,-,-,1200,6100,500,500,-,-,1800
1_男,1_うち未婚,04_30～34歳,2_うち雇用者,14_1000～1249万円,9700,9600,-,300,-,-,-,-,100,8100,1000,1000,-,100,100
1_男,1_うち未婚,04_30～34歳,2_うち雇用者,15_1250～1499万円,5900,5700,-,1100,-,-,-,-,-,2800,1900,1900,-,-,300
1_男,1_うち未婚,04_30～34歳,2_うち雇用者,16_1500万円以上,600,600,-,200,-,-,-,-,-,100,200,100,-,100,-
1_男,1_うち未婚,04_30～34歳,21_うち起業者（うち雇用者）,00_総数,8800,8600,2100,1300,-,400,-,-,1200,2900,600,600,-,-,-
1_男,1_うち未婚,04_30～34歳,21_うち起業者（うち雇用者）,01_50万円未満,0,0,-,-,-,-,-,-,-,0,-,-,-,-,-
1_男,1_うち未婚,04_30～34歳,21_うち起業者（うち雇用者）,02_50～99万円,700,700,700,-,-,-,-,-,-,-,-,-,-,-,-
1_男,1_うち未婚,04_30～34歳,21_うち起業者（うち雇用者）,03_100～149万円,-,-,-,-,-,-,-,-,-,-,-,-,-,-,-
1_男,1_うち未婚,04_30～34歳,21_うち起業者（うち雇用者）,04_150～199万円,500,500,-,-,-,300,-,-,-,100,-,-,-,-,-
1_男,1_うち未婚,04_30～34歳,21_うち起業者（うち雇用者）,05_200～249万円,500,500,-,200,-,100,-,-,-,100,100,100,-,-,-
1_男,1_うち未婚,04_30～34歳,21_うち起業者（うち雇用者）,06_250～299万円,100,100,-,100,-,-,-,-,-,-,100,100,-,-,-
1_男,1_うち未婚,04_30～34歳,21_うち起業者（うち雇用者）,07_300～399万円,1100,900,-,500,-,-,-,-,-,400,-,-,-,-,-
1_男,1_うち未婚,04_30～34歳,21_うち起業者（うち雇用者）,08_400～499万円,2700,2700,1300,400,-,-,-,-,-,900,-,-,-,-,-
1_男,1_うち未婚,04_30～34歳,21_うち起業者（うち雇用者）,09_500～599万円,200,200,100,100,-,-,-,-,-,100,-,-,-,-,-
1_男,1_うち未婚,04_30～34歳,21_うち起業者（うち雇用者）,10_600～699万円,500,500,0,-,-,-,-,-,-,-,400,400,-,-,-
1_男,1_うち未婚,04_30～34歳,21_うち起業者（うち雇用者）,11_700～799万円,-,-,-,-,-,-,-,-,-,-,-,-,-,-,-
1_男,1_うち未婚,04_30～34歳,21_うち起業者（うち雇用者）,12_800～899万円,-,-,-,-,-,-,-,-,-,-,-,-,-,-,-
1_男,1_うち未婚,04_30～34歳,21_うち起業者（うち雇用者）,13_900～999万円,1300,1300,-,-,-,-,-,-,1200,100,-,-,-,-,-
1_男,1_うち未婚,04_30～34歳,21_うち起業者（うち雇用者）,14_1000～1249万円,1100,1100,-,-,-,-,-,-,-,1100,-,-,-,-,-
1_男,1_うち未婚,04_30～34歳,21_うち起業者（うち雇用者）,15_1250～1499万円,-,-,-,-,-,-,-,-,-,-,-,-,-,-,-
1_男,1_うち未婚,04_30～34歳,21_うち起業者（うち雇用者）,16_1500万円以上,100,100,-,100,-,-,-,-,-,-,-,-,-,-,-
1_男,1_うち未婚,04_30～34歳,22_うち正規の職員・従業員,00_総数,1094300,1084000,22700,284500,39200,83400,11300,15800,11000,498700,113900,104800,1500,7600,3600
1_男,1_うち未婚,04_30～34歳,22_うち正規の職員・従業員,01_50万円未満,3500,3500,200,1700,300,100,-,-,-,500,700,700,-,100,-
1_男,1_うち未婚,04_30～34歳,22_うち正規の職員・従業員,02_50～99万円,4200,4200,200,2700,-,600,-,100,100,500,-,-,-,-,-
1_男,1_うち未婚,04_30～34歳,22_うち正規の職員・従業員,03_100～149万円,9000,8900,500,3400,600,900,100,100,0,3300,-,-,-,-,-
1_男,1_うち未婚,04_30～34歳,22_うち正規の職員・従業員,04_150～199万円,26700,26600,1700,12900,1900,2700,300,100,300,6700,100,100,-,-,100
1_男,1_うち未婚,04_30～34歳,22_うち正規の職員・従業員,05_200～249万円,88000,86400,2900,31000,5700,12200,900,2100,900,28300,2200,2100,-,200,200
1_男,1_うち未婚,04_30～34歳,22_うち正規の職員・従業員,06_250～299万円,121700,119800,4200,41900,7700,12600,2000,1800,900,44600,4200,2700,800,700,-
1_男,1_うち未婚,04_30～34歳,22_うち正規の職員・従業員,07_300～399万円,300400,298800,9900,90400,9800,30500,3200,5500,2700,128500,17100,16300,200,500,200
1_男,1_うち未婚,04_30～34歳,22_うち正規の職員・従業員,08_400～499万円,255000,254000,1700,61600,9500,12200,4800,4900,2400,128800,27700,25700,600,1400,100
1_男,1_うち未婚,04_30～34歳,22_うち正規の職員・従業員,09_500～599万円,155800,155100,900,25300,2300,8300,0,700,1900,81200,34300,33100,-,1200,300
1_男,1_うち未婚,04_30～34歳,22_うち正規の職員・従業員,10_600～699万円,63500,62900,-,7100,900,2500,-,500,900,38600,12400,10400,-,2000,500
1_男,1_うち未婚,04_30～34歳,22_うち正規の職員・従業員,11_700～799万円,21000,21000,-,400,300,100,-,-,500,12700,7000,6900,-,100,-
1_男,1_うち未婚,04_30～34歳,22_うち正規の職員・従業員,12_800～899万円,12700,12700,-,500,-,-,-,-,300,7000,4800,3300,-,1400,-
1_男,1_うち未婚,04_30～34歳,22_うち正規の職員・従業員,13_900～999万円,8300,6500,-,-,-,-,-,-,-,6000,500,500,-,-,1800
1_男,1_うち未婚,04_30～34歳,22_うち正規の職員・従業員,14_1000～1249万円,8200,8100,-,-,-,-,-,-,100,7000,1000,1000,-,100,100
1_男,1_うち未婚,04_30～34歳,22_うち正規の職員・従業員,15_1250～1499万円,5900,5700,-,1100,-,-,-,-,-,2800,1900,1900,-,-,300
1_男,1_うち未婚,04_30～34歳,22_うち正規の職員・従業員,16_1500万円以上,500,500,-,100,-,-,-,-,-,100,200,100,-,100,-
1_男,1_うち未婚,04_30～34歳,23_うち非正規の職員・従業員,00_総数,261600,252800,15400,102900,17100,26000,2400,3200,1700,72500,10900,6800,300,3800,3700
1_男,1_うち未婚,04_30～34歳,23_うち非正規の職員・従業員,01_50万円未満,11200,10500,800,5700,700,1700,-,-,0,1000,500,-,-,500,700
1_男,1_うち未婚,04_30～34歳,23_うち非正規の職員・従業員,02_50～99万円,31900,29700,2300,12600,1600,4200,-,200,200,8200,300,300,-,-,2000
1_男,1_うち未婚,04_30～34歳,23_うち非正規の職員・従業員,03_100～149万円,50600,48000,4200,21300,4100,5100,1100,400,100,10000,1600,1400,-,200,100
1_男,1_うち未婚,04_30～34歳,23_うち非正規の職員・従業員,04_150～199万円,48800,48000,1900,24100,2700,5100,300,800,200,12400,300,100,-,200,800
1_男,1_うち未婚,04_30～34歳,23_うち非正規の職員・従業員,05_200～249万円,47800,46800,2800,16700,3400,3800,300,700,1000,15500,2000,1700,-,300,100
1_男,1_うち未婚,04_30～34歳,23_うち非正規の職員・従業員,06_250～299万円,25400,24100,1100,9700,1900,2300,100,100,-,8000,1000,100,300,500,-
1_男,1_うち未婚,04_30～34歳,23_うち非正規の職員・従業員,07_300～399万円,28300,28200,1700,7400,2400,900,400,900,100,10600,3800,2700,-,1100,-
1_男,1_うち未婚,04_30～34歳,23_うち非正規の職員・従業員,08_400～499万円,8300,8300,300,1300,200,2600,-,-,-,2700,1200,400,-,700,-
1_男,1_うち未婚,04_30～34歳,23_うち非正規の職員・従業員,09_500～599万円,3500,3500,-,1100,-,-,200,-,-,2100,0,-,-,0,-
1_男,1_うち未婚,04_30～34歳,23_うち非正規の職員・従業員,10_600～699万円,200,200,-,-,-,-,-,-,-,-,200,-,-,200,-
1_男,1_うち未婚,04_30～34歳,23_うち非正規の職員・従業員,11_700～799万円,200,200,-,-,-,-,-,100,-,100,-,-,-,-,-
1_男,1_うち未婚,04_30～34歳,23_うち非正規の職員・従業員,12_800～899万円,-,-,-,-,-,-,-,-,-,-,-,-,-,-,-
1_男,1_うち未婚,04_30～34歳,23_うち非正規の職員・従業員,13_900～999万円,-,-,-,-,-,-,-,-,-,-,-,-,-,-,-
1_男,1_うち未婚,04_30～34歳,23_うち非正規の職員・従業員,14_1000～1249万円,100,100,-,-,-,-,-,-,-,100,-,-,-,-,-
1_男,1_うち未婚,04_30～34歳,23_うち非正規の職員・従業員,15_1250～1499万円,-,-,-,-,-,-,-,-,-,-,-,-,-,-,-
1_男,1_うち未婚,04_30～34歳,23_うち非正規の職員・従業員,16_1500万円以上,-,-,-,-,-,-,-,-,-,-,-,-,-,-,-
1_男,1_うち未婚,04_30～34歳,231_うちパート,00_総数,50600,50200,2600,21800,5200,6400,400,500,400,12100,600,300,-,300,300
1_男,1_うち未婚,04_30～34歳,231_うちパート,01_50万円未満,1500,1500,-,600,-,800,-,-,-,0,-,-,-,-,-
1_男,1_うち未婚,04_30～34歳,231_うちパート,02_50～99万円,7100,7100,200,2700,500,1000,-,100,200,2300,-,-,-,-,-
1_男,1_うち未婚,04_30～34歳,231_うちパート,03_100～149万円,15900,15900,1300,6700,2200,2600,100,400,-,2300,300,300,-,-,-
1_男,1_うち未婚,04_30～34歳,231_うちパート,04_150～199万円,13000,12800,900,7600,1100,700,-,100,100,2200,-,-,-,-,200
1_男,1_うち未婚,04_30～34歳,231_うちパート,05_200～249万円,7700,7600,100,2600,1100,1000,300,-,100,2400,-,-,-,-,100
1_男,1_うち未婚,04_30～34歳,231_うちパート,06_250～299万円,1900,1800,100,200,-,300,-,-,-,900,300,-,-,300,-
1_男,1_うち未婚,04_30～34歳,231_うちパート,07_300～399万円,600,600,-,300,200,-,-,-,-,-,-,-,-,-,-
1_男,1_うち未婚,04_30～34歳,231_うちパート,08_400～499万円,900,900,-,200,-,-,-,-,-,800,-,-,-,-,-
1_男,1_うち未婚,04_30～34歳,231_うちパート,09_500～599万円,-,-,-,-,-,-,-,-,-,-,-,-,-,-,-
1_男,1_うち未婚,04_30～34歳,231_うちパート,10_600～699万円,-,-,-,-,-,-,-,-,-,-,-,-,-,-,-
1_男,1_うち未婚,04_30～34歳,231_うちパート,11_700～799万円,-,-,-,-,-,-,-,-,-,-,-,-,-,-,-
1_男,1_うち未婚,04_30～34歳,231_うちパート,12_800～899万円,-,-,-,-,-,-,-,-,-,-,-,-,-,-,-
1_男,1_うち未婚,04_30～34歳,231_うちパート,13_900～999万円,-,-,-,-,-,-,-,-,-,-,-,-,-,-,-
1_男,1_うち未婚,04_30～34歳,231_うちパート,14_1000～1249万円,-,-,-,-,-,-,-,-,-,-,-,-,-,-,-
1_男,1_うち未婚,04_30～34歳,231_うちパート,15_1250～1499万円,-,-,-,-,-,-,-,-,-,-,-,-,-,-,-
1_男,1_うち未婚,04_30～34歳,231_うちパート,16_1500万円以上,-,-,-,-,-,-,-,-,-,-,-,-,-,-,-
1_男,1_うち未婚,04_30～34歳,232_うちアルバイト,00_総数,79600,75300,6000,32300,4700,9100,1200,600,100,20300,700,700,-,-,2100
1_男,1_うち未婚,04_30～34歳,232_うちアルバイト,01_50万円未満,3900,3300,400,1600,200,200,-,-,0,900,-,-,-,-,700
1_男,1_うち未婚,04_30～34歳,232_うちアルバイト,02_50～99万円,20000,18600,1700,7300,900,3100,-,100,-,5200,100,100,-,-,1300
1_男,1_うち未婚,04_30～34歳,232_うちアルバイト,03_100～149万円,23500,21300,2200,8800,1200,1800,900,100,0,5900,200,200,-,-,100
1_男,1_うち未婚,04_30～34歳,232_うちアルバイト,04_150～199万円,16000,16000,400,8100,400,2800,300,400,-,3600,-,-,-,-,-
1_男,1_うち未婚,04_30～34歳,232_うちアルバイト,05_200～249万円,10000,10000,1000,3200,1000,800,-,-,-,3400,300,300,-,-,-
1_男,1_うち未婚,04_30～34歳,232_うちアルバイト,06_250～299万円,4000,4000,200,2200,100,400,-,-,-,1100,-,-,-,-,-
1_男,1_うち未婚,04_30～34歳,232_うちアルバイト,07_300～399万円,1300,1300,-,600,800,-,-,-,-,-,-,-,-,-,-
1_男,1_うち未婚,04_30～34歳,232_うちアルバイト,08_400～499万円,-,-,-,-,-,-,-,-,-,-,-,-,-,-,-
1_男,1_うち未婚,04_30～34歳,232_うちアルバイト,09_500～599万円,-,-,-,-,-,-,-,-,-,-,-,-,-,-,-
1_男,1_うち未婚,04_30～34歳,232_うちアルバイト,10_600～699万円,-,-,-,-,-,-,-,-,-,-,-,-,-,-,-
1_男,1_うち未婚,04_30～34歳,232_うちアルバイト,11_700～799万円,-,-,-,-,-,-,-,-,-,-,-,-,-,-,-
1_男,1_うち未婚,04_30～34歳,232_うちアルバイト,12_800～899万円,-,-,-,-,-,-,-,-,-,-,-,-,-,-,-
1_男,1_うち未婚,04_30～34歳,232_うちアルバイト,13_900～999万円,-,-,-,-,-,-,-,-,-,-,-,-,-,-,-
1_男,1_うち未婚,04_30～34歳,232_うちアルバイト,14_1000～1249万円,100,100,-,-,-,-,-,-,-,100,-,-,-,-,-
1_男,1_うち未婚,04_30～34歳,232_うちアルバイト,15_1250～1499万円,-,-,-,-,-,-,-,-,-,-,-,-,-,-,-
1_男,1_うち未婚,04_30～34歳,232_うちアルバイト,16_1500万円以上,-,-,-,-,-,-,-,-,-,-,-,-,-,-,-
1_男,1_うち未婚,04_30～34歳,233_うち労働者派遣事業所の派遣社員,00_総数,41400,40500,2300,13800,2100,4500,200,500,900,14200,2000,1000,-,1000,800
1_男,1_うち未婚,04_30～34歳,233_うち労働者派遣事業所の派遣社員,01_50万円未満,200,200,-,200,-,-,-,-,-,-,-,-,-,-,-
1_男,1_うち未婚,04_30～34歳,233_うち労働者派遣事業所の派遣社員,02_50～99万円,900,600,-,500,-,100,-,-,-,-,-,-,-,-,300
1_男,1_うち未婚,04_30～34歳,233_うち労働者派遣事業所の派遣社員,03_100～149万円,1500,1500,-,1100,-,100,-,-,100,100,100,-,-,100,-
1_男,1_うち未婚,04_30～34歳,233_うち労働者派遣事業所の派遣社員,04_150～199万円,5200,4700,0,2300,400,400,-,-,100,1400,100,100,-,-,500
1_男,1_うち未婚,04_30～34歳,233_うち労働者派遣事業所の派遣社員,05_200～249万円,11000,11000,700,3900,500,300,-,0,700,4700,300,300,-,-,-
1_男,1_うち未婚,04_30～34歳,233_うち労働者派遣事業所の派遣社員,06_250～299万円,7300,7300,700,2600,800,1100,-,100,-,2000,-,-,-,-,-
1_男,1_うち未婚,04_30～34歳,233_うち労働者派遣事業所の派遣社員,07_300～399万円,10400,10300,500,2300,200,400,-,400,-,5100,1500,500,-,900,-
1_男,1_うち未婚,04_30～34歳,233_うち労働者派遣事業所の派遣社員,08_400～499万円,3200,3200,200,400,200,1800,-,-,-,400,100,100,-,-,-
1_男,1_うち未婚,04_30～34歳,233_うち労働者派遣事業所の派遣社員,09_500～599万円,600,600,-,-,-,-,200,-,-,400,-,-,-,-,-
1_男,1_うち未婚,04_30～34歳,233_うち労働者派遣事業所の派遣社員,10_600～699万円,-,-,-,-,-,-,-,-,-,-,-,-,-,-,-
1_男,1_うち未婚,04_30～34歳,233_うち労働者派遣事業所の派遣社員,11_700～799万円,-,-,-,-,-,-,-,-,-,-,-,-,-,-,-
1_男,1_うち未婚,04_30～34歳,233_うち労働者派遣事業所の派遣社員,12_800～899万円,-,-,-,-,-,-,-,-,-,-,-,-,-,-,-
1_男,1_うち未婚,04_30～34歳,233_うち労働者派遣事業所の派遣社員,13_900～999万円,-,-,-,-,-,-,-,-,-,-,-,-,-,-,-
1_男,1_うち未婚,04_30～34歳,233_うち労働者派遣事業所の派遣社員,14_1000～1249万円,-,-,-,-,-,-,-,-,-,-,-,-,-,-,-
1_男,1_うち未婚,04_30～34歳,233_うち労働者派遣事業所の派遣社員,15_1250～1499万円,-,-,-,-,-,-,-,-,-,-,-,-,-,-,-
1_男,1_うち未婚,04_30～34歳,233_うち労働者派遣事業所の派遣社員,16_1500万円以上,-,-,-,-,-,-,-,-,-,-,-,-,-,-,-
1_男,1_うち未婚,04_30～34歳,234_うち契約社員,00_総数,69600,67100,3200,23500,4100,5300,600,900,300,22300,6500,4500,300,1600,100
1_男,1_うち未婚,04_30～34歳,234_うち契約社員,01_50万円未満,400,400,-,200,-,200,-,-,-,-,-,-,-,-,-
1_男,1_うち未婚,04_30～34歳,234_うち契約社員,02_50～99万円,1100,1000,100,300,-,-,-,-,-,600,-,-,-,-,-
1_男,1_うち未婚,04_30～34歳,234_うち契約社員,03_100～149万円,6200,5800,500,2000,600,600,100,-,-,1100,1000,900,-,100,-
1_男,1_うち未婚,04_30～34歳,234_うち契約社員,04_150～199万円,12300,12300,500,5100,800,1200,-,200,-,4400,0,0,-,-,100
1_男,1_うち未婚,04_30～34歳,234_うち契約社員,05_200～249万円,15900,15200,800,5800,700,1600,-,100,300,4300,1300,1100,-,100,-
1_男,1_うち未婚,04_30～34歳,234_うち契約社員,06_250～299万円,10800,9600,100,4100,900,400,100,-,-,3400,500,-,300,200,-
1_男,1_うち未婚,04_30～34歳,234_うち契約社員,07_300～399万円,15300,15300,1000,3900,1200,500,400,500,100,5400,2300,2200,-,200,-
1_男,1_うち未婚,04_30～34歳,234_うち契約社員,08_400～499万円,3500,3500,-,600,-,800,-,-,-,1100,1000,300,-,700,-
1_男,1_うち未婚,04_30～34歳,234_うち契約社員,09_500～599万円,2800,2800,-,1000,-,-,-,-,-,1800,0,-,-,0,-
1_男,1_うち未婚,04_30～34歳,234_うち契約社員,10_600～699万円,200,200,-,-,-,-,-,-,-,-,200,-,-,200,-
1_男,1_うち未婚,04_30～34歳,234_うち契約社員,11_700～799万円,200,200,-,-,-,-,-,100,-,100,-,-,-,-,-
1_男,1_うち未婚,04_30～34歳,234_うち契約社員,12_800～899万円,-,-,-,-,-,-,-,-,-,-,-,-,-,-,-
1_男,1_うち未婚,04_30～34歳,234_うち契約社員,13_900～999万円,-,-,-,-,-,-,-,-,-,-,-,-,-,-,-
1_男,1_うち未婚,04_30～34歳,234_うち契約社員,14_1000～1249万円,-,-,-,-,-,-,-,-,-,-,-,-,-,-,-
1_男,1_うち未婚,04_30～34歳,234_うち契約社員,15_1250～1499万円,-,-,-,-,-,-,-,-,-,-,-,-,-,-,-
1_男,1_うち未婚,04_30～34歳,234_うち契約社員,16_1500万円以上,-,-,-,-,-,-,-,-,-,-,-,-,-,-,-
2_女,0_総数,03_25～29歳,0_総数,00_総数,2636800,2602800,46200,516700,109700,329700,19400,219700,16500,1242900,84200,74600,7500,2200,21700
2_女,0_総数,03_25～29歳,0_総数,01_50万円未満,68000,62300,2200,29800,3600,7200,-,4300,400,12900,900,900,-,-,4400
2_女,0_総数,03_25～29歳,0_総数,02_50～99万円,128600,123800,10700,55000,7700,13700,600,8100,200,25900,1500,1500,-,-,4100
2_女,0_総数,03_25～29歳,0_総数,03_100～149万円,188600,183900,7000,83600,10700,22600,900,14500,1900,39000,2500,2200,100,300,3500
2_女,0_総数,03_25～29歳,0_総数,04_150～199万円,205400,202600,7400,64300,12900,32900,500,20300,2900,55400,3400,2900,500,-,2300
2_女,0_総数,03_25～29歳,0_総数,05_200～249万円,474700,471600,7900,115200,25700,67700,2700,58600,2100,179100,8600,7700,900,-,1000
2_女,0_総数,03_25～29歳,0_総数,06_250～299万円,382300,378300,2300,64200,21500,59500,2400,40000,1500,178500,7200,6300,800,-,1900
2_女,0_総数,03_25～29歳,0_総数,07_300～399万円,671200,667800,4400,76500,19800,77100,5200,52700,4700,405000,18400,15700,1800,900,1300
2_女,0_総数,03_25～29歳,0_総数,08_400～499万円,346200,344700,1100,18200,3600,34000,5500,16200,2600,237900,24800,22400,2300,100,1100
2_女,0_総数,03_25～29歳,0_総数,09_500～599万円,103200,101600,100,2000,1200,9100,1400,1400,100,77200,9200,8200,100,800,1600
2_女,0_総数,03_25～29歳,0_総数,10_600～699万円,21200,21000,-,100,-,1000,-,600,100,15700,3500,3300,200,-,100
2_女,0_総数,03_25～29歳,0_総数,11_700～799万円,7400,7400,-,-,100,-,-,0,-,4800,2500,2500,-,-,-
2_女,0_総数,03_25～29歳,0_総数,12_800～899万円,1900,1900,100,-,-,-,-,-,-,800,900,900,-,-,-
2_女,0_総数,03_25～29歳,0_総数,13_900～999万円,1500,1300,-,-,-,200,-,-,-,1100,-,-,-,-,-
2_女,0_総数,03_25～29歳,0_総数,14_1000～1249万円,400,300,-,100,-,-,-,-,-,200,-,-,-,-,100
2_女,0_総数,03_25～29歳,0_総数,15_1250～1499万円,500,500,-,100,-,-,-,-,-,100,400,-,400,-,-
2_女,0_総数,03_25～29歳,0_総数,16_1500万円以上,-,-,-,-,-,-,-,-,-,-,-,-,-,-,-
2_女,0_総数,03_25～29歳,1_うち自営業主,00_総数,45000,44400,2200,16600,3000,5800,-,1900,0,14100,800,800,-,-,300
2_女,0_総数,03_25～29歳,1_うち自営業主,01_50万円未満,12300,12200,400,7000,800,1200,-,800,-,1900,100,100,-,-,100
2_女,0_総数,03_25～29歳,1_うち自営業主,02_50～99万円,5100,4900,400,2300,400,400,-,-,-,1100,300,300,-,-,-
2_女,0_総数,03_25～29歳,1_うち自営業主,03_100～149万円,9500,9300,200,2500,100,1500,-,100,-,4800,100,100,-,-,100
2_女,0_総数,03_25～29歳,1_うち自営業主,04_150～199万円,3300,3200,500,400,300,500,-,300,-,1400,-,-,-,-,-
2_女,0_総数,03_25～29歳,1_うち自営業主,05_200～249万円,4500,4500,-,1000,900,400,-,500,-,1500,200,200,-,-,-
2_女,0_総数,03_25～29歳,1_うち自営業主,06_250～299万円,2000,2000,100,400,-,600,-,-,0,900,-,-,-,-,-
2_女,0_総数,03_25～29歳,1_うち自営業主,07_300～399万円,3700,3700,100,1200,500,100,-,100,-,1700,-,-,-,-,-
2_女,0_総数,03_25～29歳,1_うち自営業主,08_400～499万円,2900,2900,400,1700,-,500,-,200,-,100,-,-,-,-,-
2_女,0_総数,03_25～29歳,1_うち自営業主,09_500～599万円,900,900,-,-,-,200,-,-,-,700,-,-,-,-,-
2_女,0_総数,03_25～29歳,1_うち自営業主,10_600～699万円,-,-,-,-,-,-,-,-,-,-,-,-,-,-,-
2_女,0_総数,03_25～29歳,1_うち自営業主,11_700～799万円,100,100,-,-,100,-,-,-,-,100,-,-,-,-,-
2_女,0_総数,03_25～29歳,1_うち自営業主,12_800～899万円,100,100,100,-,-,-,-,-,-,-,-,-,-,-,-
2_女,0_総数,03_25～29歳,1_うち自営業主,13_900～999万円,200,200,-,-,-,200,-,-,-,-,-,-,-,-,-
2_女,0_総数,03_25～29歳,1_うち自営業主,14_1000～1249万円,100,100,-,100,-,-,-,-,-,-,-,-,-,-,-
2_女,0_総数,03_25～29歳,1_うち自営業主,15_1250～1499万円,-,-,-,-,-,-,-,-,-,-,-,-,-,-,-
2_女,0_総数,03_25～29歳,1_うち自営業主,16_1500万円以上,-,-,-,-,-,-,-,-,-,-,-,-,-,-,-
2_女,0_総数,03_25～29歳,11_うち起業者（うち自営業主）,00_総数,29400,29100,1100,7500,1400,4600,-,1200,0,12700,600,600,-,-,300
2_女,0_総数,03_25～29歳,11_うち起業者（うち自営業主）,01_50万円未満,4600,4500,-,1100,600,800,-,100,-,1700,100,100,-,-,100
2_女,0_総数,03_25～29歳,11_うち起業者（うち自営業主）,02_50～99万円,3500,3500,-,1500,400,400,-,-,-,900,300,300,-,-,-
2_女,0_総数,03_25～29歳,11_うち起業者（うち自営業主）,03_100～149万円,7400,7300,0,1500,100,1200,-,100,-,4400,-,-,-,-,100
2_女,0_総数,03_25～29歳,11_うち起業者（うち自営業主）,04_150～199万円,2600,2600,500,300,-,200,-,300,-,1400,-,-,-,-,-
2_女,0_総数,03_25～29歳,11_うち起業者（うち自営業主）,05_200～249万円,2400,2400,-,200,300,400,-,500,-,900,100,100,-,-,-
2_女,0_総数,03_25～29歳,11_うち起業者（うち自営業主）,06_250～299万円,1800,1800,100,200,-,500,-,-,0,900,-,-,-,-,-
2_女,0_総数,03_25～29歳,11_うち起業者（うち自営業主）,07_300～399万円,2900,2900,-,1000,-,100,-,100,-,1700,-,-,-,-,-
2_女,0_総数,03_25～29歳,11_うち起業者（うち自営業主）,08_400～499万円,2800,2800,400,1700,-,400,-,200,-,100,-,-,-,-,-
2_女,0_総数,03_25～29歳,11_うち起業者（うち自営業主）,09_500～599万円,900,900,-,-,-,200,-,-,-,700,-,-,-,-,-
2_女,0_総数,03_25～29歳,11_うち起業者（うち自営業主）,10_600～699万円,-,-,-,-,-,-,-,-,-,-,-,-,-,-,-
2_女,0_総数,03_25～29歳,11_うち起業者（うち自営業主）,11_700～799万円,100,100,-,-,100,-,-,-,-,-,-,-,-,-,-
2_女,0_総数,03_25～29歳,11_うち起業者（うち自営業主）,12_800～899万円,100,100,100,-,-,-,-,-,-,-,-,-,-,-,-
2_女,0_総数,03_25～29歳,11_うち起業者（うち自営業主）,13_900～999万円,200,200,-,-,-,200,-,-,-,-,-,-,-,-,-
2_女,0_総数,03_25～29歳,11_うち起業者（うち自営業主）,14_1000～1249万円,100,100,-,100,-,-,-,-,-,-,-,-,-,-,-
2_女,0_総数,03_25～29歳,11_うち起業者（うち自営業主）,15_1250～1499万円,-,-,-,-,-,-,-,-,-,-,-,-,-,-,-
2_女,0_総数,03_25～29歳,11_うち起業者（うち自営業主）,16_1500万円以上,-,-,-,-,-,-,-,-,-,-,-,-,-,-,-
2_女,0_総数,03_25～29歳,2_うち雇用者,00_総数,2578000,2545000,42000,496800,105000,321600,19400,217200,16500,1225800,83300,73700,7400,2200,21400
2_女,0_総数,03_25～29歳,2_うち雇用者,01_50万円未満,55700,50100,1700,22900,2800,6000,-,3400,400,11000,800,800,-,-,4200
2_女,0_総数,03_25～29歳,2_うち雇用者,02_50～99万円,123500,118900,10300,52600,7300,13300,600,8100,200,24900,1200,1200,-,-,4100
2_女,0_総数,03_25～29歳,2_うち雇用者,03_100～149万円,179000,174400,6800,81100,10600,21100,900,14400,1900,34200,2400,2000,100,300,3300
2_女,0_総数,03_25～29歳,2_うち雇用者,04_150～199万円,201400,198900,6700,63700,12500,32400,500,20100,2900,54000,3400,2900,500,-,2300
2_女,0_総数,03_25～29歳,2_うち雇用者,05_200～249万円,470000,466900,7900,114000,24900,67200,2700,58100,2100,177700,8300,7400,900,-,1000
2_女,0_総数,03_25～29歳,2_うち雇用者,06_250～299万円,380000,376000,2300,63500,21500,58900,2400,40000,1400,177600,7200,6300,800,-,1900
2_女,0_総数,03_25～29歳,2_うち雇用者,07_300～399万円,667100,663700,4300,75300,19300,77000,5200,52600,4700,402900,18400,15700,1800,900,1300
2_女,0_総数,03_25～29歳,2_うち雇用者,08_400～499万円,343300,341800,700,16500,3600,33500,5500,16000,2600,237800,24800,22400,2300,100,1100
2_女,0_総数,03_25～29歳,2_うち雇用者,09_500～599万円,102200,100700,100,2000,1200,8900,1400,1400,100,76400,9200,8200,100,800,1600
2_女,0_総数,03_25～29歳,2_うち雇用者,10_600～699万円,21200,21000,-,100,-,1000,-,600,100,15700,3500,3300,200,-,100
2_女,0_総数,03_25～29歳,2_うち雇用者,11_700～799万円,7300,7300,-,-,-,-,-,0,-,4700,2500,2500,-,-,-
2_女,0_総数,03_25～29歳,2_うち雇用者,12_800～899万円,1800,1800,-,-,-,-,-,-,-,800,900,900,-,-,-
2_女,0_総数,03_25～29歳,2_うち雇用者,13_900～999万円,1300,1100,-,-,-,-,-,-,-,1100,-,-,-,-,-
2_女,0_総数,03_25～29歳,2_うち雇用者,14_1000～1249万円,300,300,-,0,-,-,-,-,-,200,-,-,-,-,100
2_女,0_総数,03_25～29歳,2_うち雇用者,15_1250～1499万円,500,500,-,100,-,-,-,-,-,100,400,-,400,-,-
2_女,0_総数,03_25～29歳,2_うち雇用者,16_1500万円以上,-,-,-,-,-,-,-,-,-,-,-,-,-,-,-
2_女,0_総数,03_25～29歳,21_うち起業者（うち雇用者）,00_総数,1800,1800,-,600,-,-,-,200,-,1100,-,-,-,-,-
2_女,0_総数,03_25～29歳,21_うち起業者（うち雇用者）,01_50万円未満,300,300,-,-,-,-,-,-,-,300,-,-,-,-,-
2_女,0_総数,03_25～29歳,21_うち起業者（うち雇用者）,02_50～99万円,500,500,-,-,-,-,-,-,-,500,-,-,-,-,-
2_女,0_総数,03_25～29歳,21_うち起業者（うち雇用者）,03_100～149万円,-,-,-,-,-,-,-,-,-,-,-,-,-,-,-
2_女,0_総数,03_25～29歳,21_うち起業者（うち雇用者）,04_150～199万円,0,0,-,-,-,-,-,0,-,-,-,-,-,-,-
2_女,0_総数,03_25～29歳,21_うち起業者（うち雇用者）,05_200～249万円,500,500,-,500,-,-,-,-,-,-,-,-,-,-,-
2_女,0_総数,03_25～29歳,21_うち起業者（うち雇用者）,06_250～299万円,-,-,-,-,-,-,-,-,-,-,-,-,-,-,-
2_女,0_総数,03_25～29歳,21_うち起業者（うち雇用者）,07_300～399万円,200,200,-,100,-,-,-,100,-,-,-,-,-,-,-
2_女,0_総数,03_25～29歳,21_うち起業者（うち雇用者）,08_400～499万円,-,-,-,-,-,-,-,-,-,-,-,-,-,-,-
2_女,0_総数,03_25～29歳,21_うち起業者（うち雇用者）,09_500～599万円,-,-,-,-,-,-,-,-,-,-,-,-,-,-,-
2_女,0_総数,03_25～29歳,21_うち起業者（うち雇用者）,10_600～699万円,-,-,-,-,-,-,-,-,-,-,-,-,-,-,-
2_女,0_総数,03_25～29歳,21_うち起業者（うち雇用者）,11_700～799万円,300,300,-,-,-,-,-,-,-,300,-,-,-,-,-
2_女,0_総数,03_25～29歳,21_うち起業者（うち雇用者）,12_800～899万円,-,-,-,-,-,-,-,-,-,-,-,-,-,-,-
2_女,0_総数,03_25～29歳,21_うち起業者（うち雇用者）,13_900～999万円,-,-,-,-,-,-,-,-,-,-,-,-,-,-,-
2_女,0_総数,03_25～29歳,21_うち起業者（うち雇用者）,14_1000～1249万円,-,-,-,-,-,-,-,-,-,-,-,-,-,-,-
2_女,0_総数,03_25～29歳,21_うち起業者（うち雇用者）,15_1250～1499万円,-,-,-,-,-,-,-,-,-,-,-,-,-,-,-
2_女,0_総数,03_25～29歳,21_うち起業者（うち雇用者）,16_1500万円以上,-,-,-,-,-,-,-,-,-,-,-,-,-,-,-
2_女,0_総数,03_25～29歳,22_うち正規の職員・従業員,00_総数,1882900,1870900,12400,262000,60700,227300,16300,157300,10300,1043200,70300,62600,6300,1300,6100
2_女,0_総数,03_25～29歳,22_うち正規の職員・従業員,01_50万円未満,8800,8800,-,3500,200,1800,-,500,-,2800,100,100,-,-,-
2_女,0_総数,03_25～29歳,22_うち正規の職員・従業員,02_50～99万円,7800,7700,400,2300,900,800,500,200,-,2600,-,-,-,-,-
2_女,0_総数,03_25～29歳,22_うち正規の職員・従業員,03_100～149万円,28800,28700,800,14300,1600,2600,100,2900,100,5300,500,100,100,300,-
2_女,0_総数,03_25～29歳,22_うち正規の職員・従業員,04_150～199万円,87200,86400,1900,27100,5400,14700,400,9200,1000,24600,500,500,-,-,700
2_女,0_総数,03_25～29歳,22_うち正規の職員・従業員,05_200～249万円,322300,320400,4000,75000,13500,44400,1600,40700,800,133100,4900,4200,800,-,400
2_女,0_総数,03_25～29歳,22_うち正規の職員・従業員,06_250～299万円,321100,318500,1300,50900,16000,48300,1500,35500,1400,156100,6700,5900,800,-,800
2_女,0_総数,03_25～29歳,22_うち正規の職員・従業員,07_300～399万円,627200,624000,3100,68400,17800,69800,5200,48700,4200,386400,16600,14900,1700,100,1300
2_女,0_総数,03_25～29歳,22_うち正規の職員・従業員,08_400～499万円,334400,333200,700,15400,3500,33200,5400,15900,2600,231400,24200,22100,2000,100,1100
2_女,0_総数,03_25～29歳,22_うち正規の職員・従業員,09_500～599万円,99300,97700,100,1800,1200,8900,1400,1400,100,73800,9100,8100,100,800,1600
2_女,0_総数,03_25～29歳,22_うち正規の職員・従業員,10_600～699万円,19900,19800,-,100,-,1000,-,200,100,14900,3500,3300,200,-,100
2_女,0_総数,03_25～29歳,22_うち正規の職員・従業員,11_700～799万円,6800,6800,-,-,-,-,-,-,-,4300,2500,2500,-,-,-
2_女,0_総数,03_25～29歳,22_うち正規の職員・従業員,12_800～899万円,1800,1800,-,-,-,-,-,-,-,800,900,900,-,-,-
2_女,0_総数,03_25～29歳,22_うち正規の職員・従業員,13_900～999万円,1100,1100,-,-,-,-,-,-,-,1100,-,-,-,-,-
2_女,0_総数,03_25～29歳,22_うち正規の職員・従業員,14_1000～1249万円,300,200,-,-,-,-,-,-,-,200,-,-,-,-,100
2_女,0_総数,03_25～29歳,22_うち正規の職員・従業員,15_1250～1499万円,500,500,-,100,-,-,-,-,-,100,400,-,400,-,-
2_女,0_総数,03_25～29歳,22_うち正規の職員・従業員,16_1500万円以上,-,-,-,-,-,-,-,-,-,-,-,-,-,-,-
2_女,0_総数,03_25～29歳,23_うち非正規の職員・従業員,00_総数,683700,663300,29500,231400,44200,92200,3100,59300,6100,178600,12800,10900,1100,900,15300
2_女,0_総数,03_25～29歳,23_うち非正規の職員・従業員,01_50万円未満,45700,40100,1600,19400,2600,4200,-,3000,400,7300,600,600,-,-,4200
2_女,0_総数,03_25～29歳,23_うち非正規の職員・従業員,02_50～99万円,114700,110200,9900,49900,6400,12500,100,7900,200,21700,1200,1200,-,-,4100
2_女,0_総数,03_25～29歳,23_うち非正規の職員・従業員,03_100～149万円,149600,145200,6100,66100,9000,18400,800,11400,1800,28900,2000,2000,-,-,3300
2_女,0_総数,03_25～29歳,23_うち非正規の職員・従業員,04_150～199万円,114200,112400,4800,36600,7100,17800,200,10800,1900,29400,2900,2300,500,-,1600
2_女,0_総数,03_25～29歳,23_うち非正規の職員・従業員,05_200～249万円,145100,143800,3900,38400,11300,21700,1200,17000,1400,44300,3300,3200,200,-,700
2_女,0_総数,03_25～29歳,23_うち非正規の職員・従業員,06_250～299万円,57000,56000,1000,11800,5500,10300,900,4400,-,21100,400,400,-,-,1000
2_女,0_総数,03_25～29歳,23_うち非正規の職員・従業員,07_300～399万円,38300,38100,1200,6500,1400,6700,-,3800,500,16000,1800,800,100,900,-
2_女,0_総数,03_25～29歳,23_うち非正規の職員・従業員,08_400～499万円,8000,7900,-,500,0,200,100,100,-,6400,600,300,300,-,-
2_女,0_総数,03_25～29歳,23_うち非正規の職員・従業員,09_500～599万円,2100,2100,-,200,-,-,-,-,-,1800,100,100,-,-,-
2_女,0_総数,03_25～29歳,23_うち非正規の職員・従業員,10_600～699万円,1100,1100,-,-,-,-,-,400,-,600,-,-,-,-,-
2_女,0_総数,03_25～29歳,23_うち非正規の職員・従業員,11_700～799万円,100,100,-,-,-,-,-,-,-,100,-,-,-,-,-
2_女,0_総数,03_25～29歳,23_うち非正規の職員・従業員,12_800～899万円,-,-,-,-,-,-,-,-,-,-,-,-,-,-,-
2_女,0_総数,03_25～29歳,23_うち非正規の職員・従業員,13_900～999万円,200,-,-,-,-,-,-,-,-,-,-,-,-,-,-
2_女,0_総数,03_25～29歳,23_うち非正規の職員・従業員,14_1000～1249万円,-,-,-,-,-,-,-,-,-,-,-,-,-,-,-
2_女,0_総数,03_25～29歳,23_うち非正規の職員・従業員,15_1250～1499万円,-,-,-,-,-,-,-,-,-,-,-,-,-,-,-
2_女,0_総数,03_25～29歳,23_うち非正規の職員・従業員,16_1500万円以上,-,-,-,-,-,-,-,-,-,-,-,-,-,-,-
2_女,0_総数,03_25～29歳,231_うちパート,00_総数,264400,259000,16700,113400,15800,36800,500,23200,2700,45000,2100,1600,500,-,2600
2_女,0_総数,03_25～29歳,231_うちパート,01_50万円未満,16800,15700,800,7100,1000,1800,-,500,100,3200,100,100,-,-,200
2_女,0_総数,03_25～29歳,231_うちパート,02_50～99万円,67300,67000,6500,33200,3600,8700,100,5300,200,9000,-,-,-,-,100
2_女,0_総数,03_25～29歳,231_うちパート,03_100～149万円,89600,88800,4900,43300,6100,13000,200,7000,900,12800,400,400,-,-,300
2_女,0_総数,03_25～29歳,231_うちパート,04_150～199万円,50200,48800,2600,17500,2300,7700,-,5200,1100,10900,1100,600,500,-,1300
2_女,0_総数,03_25～29歳,231_うちパート,05_200～249万円,28800,28400,1000,8600,2400,4500,-,4700,400,6300,-,-,-,-,400
2_女,0_総数,03_25～29歳,231_うちパート,06_250～299万円,4800,4800,200,1600,300,300,200,400,-,1400,300,300,-,-,-
2_女,0_総数,03_25～29歳,231_うちパート,07_300～399万円,2900,2900,-,1400,-,500,-,100,-,900,-,-,-,-,-
2_女,0_総数,03_25～29歳,231_うちパート,08_400～499万円,500,400,-,-,-,100,-,-,-,-,300,300,-,-,-
2_女,0_総数,03_25～29歳,231_うちパート,09_500～599万円,100,100,-,-,-,-,-,-,-,100,-,-,-,-,-
2_女,0_総数,03_25～29歳,231_うちパート,10_600～699万円,-,-,-,-,-,-,-,-,-,-,-,-,-,-,-
2_女,0_総数,03_25～29歳,231_うちパート,11_700～799万円,-,-,-,-,-,-,-,-,-,-,-,-,-,-,-
2_女,0_総数,03_25～29歳,231_うちパート,12_800～899万円,-,-,-,-,-,-,-,-,-,-,-,-,-,-,-
2_女,0_総数,03_25～29歳,231_うちパート,13_900～999万円,-,-,-,-,-,-,-,-,-,-,-,-,-,-,-
2_女,0_総数,03_25～29歳,231_うちパート,14_1000～1249万円,-,-,-,-,-,-,-,-,-,-,-,-,-,-,-
2_女,0_総数,03_25～29歳,231_うちパート,15_1250～1499万円,-,-,-,-,-,-,-,-,-,-,-,-,-,-,-
2_女,0_総数,03_25～29歳,231_うちパート,16_1500万円以上,-,-,-,-,-,-,-,-,-,-,-,-,-,-,-
2_女,0_総数,03_25～29歳,232_うちアルバイト,00_総数,147700,136500,5900,53000,10200,15900,800,11000,1100,34100,3800,3800,-,-,10600
2_女,0_総数,03_25～29歳,232_うちアルバイト,01_50万円未満,19400,15400,200,7700,1500,1000,-,1300,-,3300,400,400,-,-,4000
2_女,0_総数,03_25～29歳,232_うちアルバイト,02_50～99万円,37800,34400,2500,12800,2100,3400,-,1500,-,11000,1100,1100,-,-,3300
2_女,0_総数,03_25～29歳,232_うちアルバイト,03_100～149万円,38700,35200,700,15000,1700,3600,300,2000,500,10100,900,900,-,-,3000
2_女,0_総数,03_25～29歳,232_うちアルバイト,04_150～199万円,24500,24200,1500,8900,1800,5200,-,1600,600,3800,700,700,-,-,300
2_女,0_総数,03_25～29歳,232_うちアルバイト,05_200～249万円,19300,19300,600,5400,2800,1800,400,3100,-,4500,700,700,-,-,-
2_女,0_総数,03_25～29歳,232_うちアルバイト,06_250～299万円,5300,5300,400,1800,300,400,-,1200,-,1300,-,-,-,-,-
2_女,0_総数,03_25～29歳,232_うちアルバイト,07_300～399万円,1200,1200,-,400,100,500,-,-,-,0,-,-,-,-,-
2_女,0_総数,03_25～29歳,232_うちアルバイト,08_400～499万円,-,-,-,-,-,-,-,-,-,-,-,-,-,-,-
2_女,0_総数,03_25～29歳,232_うちアルバイト,09_500～599万円,-,-,-,-,-,-,-,-,-,-,-,-,-,-,-
2_女,0_総数,03_25～29歳,232_うちアルバイト,10_600～699万円,-,-,-,-,-,-,-,-,-,-,-,-,-,-,-
2_女,0_総数,03_25～29歳,232_うちアルバイト,11_700～799万円,-,-,-,-,-,-,-,-,-,-,-,-,-,-,-
2_女,0_総数,03_25～29歳,232_うちアルバイト,12_800～899万円,-,-,-,-,-,-,-,-,-,-,-,-,-,-,-
2_女,0_総数,03_25～29歳,232_うちアルバイト,13_900～999万円,-,-,-,-,-,-,-,-,-,-,-,-,-,-,-
2_女,0_総数,03_25～29歳,232_うちアルバイト,14_1000～1249万円,-,-,-,-,-,-,-,-,-,-,-,-,-,-,-
2_女,0_総数,03_25～29歳,232_うちアルバイト,15_1250～1499万円,-,-,-,-,-,-,-,-,-,-,-,-,-,-,-
2_女,0_総数,03_25～29歳,232_うちアルバイト,16_1500万円以上,-,-,-,-,-,-,-,-,-,-,-,-,-,-,-
2_女,0_総数,03_25～29歳,233_うち労働者派遣事業所の派遣社員,00_総数,105200,103300,3200,24900,4300,19400,1300,9500,200,39200,600,300,300,-,1700
2_女,0_総数,03_25～29歳,233_うち労働者派遣事業所の派遣社員,01_50万円未満,1900,1700,100,400,-,900,-,200,-,100,-,-,-,-,0
2_女,0_総数,03_25～29歳,233_うち労働者派遣事業所の派遣社員,02_50～99万円,3500,2800,300,800,-,100,-,400,-,1100,100,100,-,-,700
2_女,0_総数,03_25～29歳,233_うち労働者派遣事業所の派遣社員,03_100～149万円,9500,9500,200,4100,200,400,-,1700,200,2700,0,0,-,-,-
2_女,0_総数,03_25～29歳,233_うち労働者派遣事業所の派遣社員,04_150～199万円,10900,10900,500,3400,800,900,100,800,-,4400,-,-,-,-,-
2_女,0_総数,03_25～29歳,233_うち労働者派遣事業所の派遣社員,05_200～249万円,43000,42600,1000,10300,1700,10200,600,3700,-,15000,-,-,-,-,300
2_女,0_総数,03_25～29歳,233_うち労働者派遣事業所の派遣社員,06_250～299万円,19500,18900,400,3100,800,3800,700,1100,-,8900,200,200,-,-,600
2_女,0_総数,03_25～29歳,233_うち労働者派遣事業所の派遣社員,07_300～399万円,14900,14900,400,2500,200,3000,-,1700,-,7100,-,-,-,-,-
2_女,0_総数,03_25～29歳,233_うち労働者派遣事業所の派遣社員,08_400～499万円,400,400,-,100,-,-,-,-,-,-,300,-,300,-,-
2_女,0_総数,03_25～29歳,233_うち労働者派遣事業所の派遣社員,09_500～599万円,-,-,-,-,-,-,-,-,-,-,-,-,-,-,-
2_女,0_総数,03_25～29歳,233_うち労働者派遣事業所の派遣社員,10_600～699万円,-,-,-,-,-,-,-,-,-,-,-,-,-,-,-
2_女,0_総数,03_25～29歳,233_うち労働者派遣事業所の派遣社員,11_700～799万円,-,-,-,-,-,-,-,-,-,-,-,-,-,-,-
2_女,0_総数,03_25～29歳,233_うち労働者派遣事業所の派遣社員,12_800～899万円,-,-,-,-,-,-,-,-,-,-,-,-,-,-,-
2_女,0_総数,03_25～29歳,233_うち労働者派遣事業所の派遣社員,13_900～999万円,-,-,-,-,-,-,-,-,-,-,-,-,-,-,-
2_女,0_総数,03_25～29歳,233_うち労働者派遣事業所の派遣社員,14_1000～1249万円,-,-,-,-,-,-,-,-,-,-,-,-,-,-,-
2_女,0_総数,03_25～29歳,233_うち労働者派遣事業所の派遣社員,15_1250～1499万円,-,-,-,-,-,-,-,-,-,-,-,-,-,-,-
2_女,0_総数,03_25～29歳,233_うち労働者派遣事業所の派遣社員,16_1500万円以上,-,-,-,-,-,-,-,-,-,-,-,-,-,-,-
2_女,0_総数,03_25～29歳,234_うち契約社員,00_総数,126200,125000,1900,26800,12100,17800,500,10400,1800,48000,4800,3700,200,900,400
2_女,0_総数,03_25～29歳,234_うち契約社員,01_50万円未満,1000,800,-,0,100,-,-,0,-,500,-,-,-,-,-
2_女,0_総数,03_25～29歳,234_うち契約社員,02_50～99万円,3100,3100,200,1200,500,200,-,300,-,600,-,-,-,-,-
2_女,0_総数,03_25～29歳,234_うち契約社員,03_100～149万円,8800,8800,-,2800,1100,1000,200,300,200,2700,400,400,-,-,-
2_女,0_総数,03_25～29歳,234_うち契約社員,04_150～199万円,24100,24100,200,6100,2000,3900,-,2300,100,8500,700,700,-,-,-
2_女,0_総数,03_25～29歳,234_うち契約社員,05_200～249万円,43000,42900,800,10300,3600,4400,200,4400,1000,15800,1900,1800,200,-,-
2_女,0_総数,03_25～29歳,234_うち契約社員,06_250～299万円,21400,21000,-,3900,3700,5400,-,1300,-,6700,-,-,-,-,400
2_女,0_総数,03_25～29歳,234_うち契約社員,07_300～399万円,16700,16500,600,2000,1100,2800,-,1700,500,6100,1600,700,100,900,-
2_女,0_総数,03_25～29歳,234_うち契約社員,08_400～499万円,5600,5600,-,200,0,100,100,-,-,5200,-,-,-,-,-
2_女,0_総数,03_25～29歳,234_うち契約社員,09_500～599万円,1000,1000,-,200,-,-,-,-,-,700,100,100,-,-,-
2_女,0_総数,03_25～29歳,234_うち契約社員,10_600～699万円,600,600,-,-,-,-,-,-,-,600,-,-,-,-,-
2_女,0_総数,03_25～29歳,234_うち契約社員,11_700～799万円,100,100,-,-,-,-,-,-,-,100,-,-,-,-,-
2_女,0_総数,03_25～29歳,234_うち契約社員,12_800～899万円,-,-,-,-,-,-,-,-,-,-,-,-,-,-,-
2_女,0_総数,03_25～29歳,234_うち契約社員,13_900～999万円,200,-,-,-,-,-,-,-,-,-,-,-,-,-,-
2_女,0_総数,03_25～29歳,234_うち契約社員,14_1000～1249万円,-,-,-,-,-,-,-,-,-,-,-,-,-,-,-
2_女,0_総数,03_25～29歳,234_うち契約社員,15_1250～1499万円,-,-,-,-,-,-,-,-,-,-,-,-,-,-,-
2_女,0_総数,03_25～29歳,234_うち契約社員,16_1500万円以上,-,-,-,-,-,-,-,-,-,-,-,-,-,-,-
2_女,0_総数,04_30～34歳,0_総数,00_総数,2540000,2511700,72200,565600,127600,327700,17600,250200,19300,1009900,103600,89800,5500,8200,13300
2_女,0_総数,04_30～34歳,0_総数,01_50万円未満,98300,96500,5200,38400,4600,9800,300,6300,1100,25300,4100,3100,400,600,1300
2_女,0_総数,04_30～34歳,0_総数,02_50～99万円,228900,222700,20900,79900,13200,26300,1100,24100,1500,50400,2000,1800,200,-,3400
2_女,0_総数,04_30～34歳,0_総数,03_100～149万円,267400,264200,15800,93400,17700,44000,1100,32100,700,53400,2200,2200,-,100,600
2_女,0_総数,04_30～34歳,0_総数,04_150～199万円,204300,202600,9700,68600,16000,29500,900,21000,700,52300,3100,2700,300,100,500
2_女,0_総数,04_30～34歳,0_総数,05_200～249万円,365900,363100,8100,103800,27100,52000,1800,41900,1700,116300,8200,5900,700,1500,1500
2_女,0_総数,04_30～34歳,0_総数,06_250～299万円,284800,281500,3800,61300,15500,41300,3100,39100,2700,109000,4600,4300,300,-,1300
2_女,0_総数,04_30～34歳,0_総数,07_300～399万円,481500,479000,4300,74600,24300,66700,4700,53800,5900,224600,17800,15800,1700,300,500
2_女,0_総数,04_30～34歳,0_総数,08_400～499万円,302300,300900,600,17400,4700,39900,3900,22600,2800,190300,18000,15800,1000,1300,300
2_女,0_総数,04_30～34歳,0_総数,09_500～599万円,157300,155800,-,12000,900,10000,500,3400,500,112200,16200,13800,700,1700,1100
2_女,0_総数,04_30～34歳,0_総数,10_600～699万円,49700,49200,900,1700,200,1800,0,1900,1300,29400,11500,10200,300,1000,500
2_女,0_総数,04_30～34歳,0_総数,11_700～799万円,25200,24500,100,400,100,2000,-,-,-,15200,6800,6000,-,800,700
2_女,0_総数,04_30～34歳,0_総数,12_800～899万円,13100,13100,-,-,600,-,-,-,-,8600,3900,3900,-,-,-
2_女,0_総数,04_30～34歳,0_総数,13_900～999万円,8800,8800,-,800,-,100,-,-,-,6200,1700,1700,-,-,-
2_女,0_総数,04_30～34歳,0_総数,14_1000～1249万円,6800,5900,100,200,0,300,-,-,300,4100,1000,800,-,200,800
2_女,0_総数,04_30～34歳,0_総数,15_1250～1499万円,1600,1600,-,800,-,-,-,-,-,700,100,100,-,-,-
2_女,0_総数,04_30～34歳,0_総数,16_1500万円以上,3400,3400,-,500,-,-,-,-,-,1500,1400,700,-,700,-
2_女,0_総数,04_30～34歳,1_うち自営業主,00_総数,78800,77600,3200,21500,5200,11000,300,5200,200,26300,4200,1600,800,1800,600
2_女,0_総数,04_30～34歳,1_うち自営業主,01_50万円未満,22600,21800,1800,8500,2100,2600,0,500,100,5400,700,300,100,400,500
2_女,0_総数,04_30～34歳,1_うち自営業主,02_50～99万円,13200,13200,200,3400,800,2900,-,800,-,4500,300,300,-,-,-
2_女,0_総数,04_30～34歳,1_うち自営業主,03_100～149万円,10000,9600,600,2300,900,1600,0,1100,-,2900,100,100,-,-,200
2_女,0_総数,04_30～34歳,1_うち自営業主,04_150～199万円,6800,6800,200,1900,500,1100,-,900,-,1800,400,400,-,-,-
2_女,0_総数,04_30～34歳,1_うち自営業主,05_200～249万円,5400,5400,-,2000,100,300,-,100,-,2600,300,300,-,-,-
2_女,0_総数,04_30～34歳,1_うち自営業主,06_250～299万円,4400,4400,100,700,400,800,-,200,-,2000,300,300,-,-,-
2_女,0_総数,04_30～34歳,1_うち自営業主,07_300～399万円,4100,4100,-,300,100,1100,200,1300,100,1100,-,-,-,-,-
2_女,0_総数,04_30～34歳,1_うち自営業主,08_400～499万円,3900,3900,300,400,100,100,-,-,-,2600,400,-,400,-,-
2_女,0_総数,04_30～34歳,1_うち自営業主,09_500～599万円,2800,2800,-,500,200,100,-,-,-,2000,-,-,-,-,-
2_女,0_総数,04_30～34歳,1_うち自営業主,10_600～699万円,800,800,-,200,-,100,-,300,-,-,300,-,300,-,-
2_女,0_総数,04_30～34歳,1_うち自営業主,11_700～799万円,1300,1300,100,200,-,-,-,-,-,300,700,-,-,700,-
2_女,0_総数,04_30～34歳,1_うち自営業主,12_800～899万円,800,800,-,-,-,-,-,-,-,800,-,-,-,-,-
2_女,0_総数,04_30～34歳,1_うち自営業主,13_900～999万円,100,100,-,-,-,100,-,-,-,-,-,-,-,-,-
2_女,0_総数,04_30～34歳,1_うち自営業主,14_1000～1249万円,200,200,-,100,-,0,-,-,-,100,-,-,-,-,-
2_女,0_総数,04_30～34歳,1_うち自営業主,15_1250～1499万円,800,800,-,800,-,-,-,-,-,-,-,-,-,-,-
2_女,0_総数,04_30～34歳,1_うち自営業主,16_1500万円以上,900,900,-,200,-,-,-,-,-,-,700,-,-,700,-
2_女,0_総数,04_30～34歳,11_うち起業者（うち自営業主）,00_総数,50300,49500,1000,12300,3000,6500,-,3700,200,20100,2100,1000,500,700,500
2_女,0_総数,04_30～34歳,11_うち起業者（うち自営業主）,01_50万円未満,9500,9000,300,3500,800,700,-,200,100,3100,300,300,100,-,500
2_女,0_総数,04_30～34歳,11_うち起業者（うち自営業主）,02_50～99万円,9800,9800,200,2500,800,2100,-,800,-,3000,300,300,-,-,-
2_女,0_総数,04_30～34歳,11_うち起業者（うち自営業主）,03_100～149万円,5900,5700,200,800,400,1500,-,800,-,1800,100,100,-,-,-
2_女,0_総数,04_30～34歳,11_うち起業者（うち自営業主）,04_150～199万円,3400,3400,0,1300,200,-,-,300,-,1500,100,100,-,-,-
2_女,0_総数,04_30～34歳,11_うち起業者（うち自営業主）,05_200～249万円,5100,5100,-,1700,100,300,-,100,-,2600,300,300,-,-,-
2_女,0_総数,04_30～34歳,11_うち起業者（うち自営業主）,06_250～299万円,2800,2800,-,700,300,300,-,-,-,1600,-,-,-,-,-
2_女,0_総数,04_30～34歳,11_うち起業者（うち自営業主）,07_300～399万円,4000,4000,-,300,100,1100,-,1300,100,1100,-,-,-,-,-
2_女,0_総数,04_30～34歳,11_うち起業者（うち自営業主）,08_400～499万円,3700,3600,300,400,100,100,-,-,-,2400,400,-,400,-,-
2_女,0_総数,04_30～34歳,11_うち起業者（うち自営業主）,09_500～599万円,2700,2700,-,500,200,100,-,-,-,1900,-,-,-,-,-
2_女,0_総数,04_30～34歳,11_うち起業者（うち自営業主）,10_600～699万円,500,500,-,200,-,100,-,300,-,-,-,-,-,-,-
2_女,0_総数,04_30～34歳,11_うち起業者（うち自営業主）,11_700～799万円,500,500,100,100,-,-,-,-,-,300,-,-,-,-,-
2_女,0_総数,04_30～34歳,11_うち起業者（うち自営業主）,12_800～899万円,700,700,-,-,-,-,-,-,-,700,-,-,-,-,-
2_女,0_総数,04_30～34歳,11_うち起業者（うち自営業主）,13_900～999万円,100,100,-,-,-,100,-,-,-,-,-,-,-,-,-
2_女,0_総数,04_30～34歳,11_うち起業者（うち自営業主）,14_1000～1249万円,200,200,-,100,-,0,-,-,-,100,-,-,-,-,-
2_女,0_総数,04_30～34歳,11_うち起業者（うち自営業主）,15_1250～1499万円,-,-,-,-,-,-,-,-,-,-,-,-,-,-,-
2_女,0_総数,04_30～34歳,11_うち起業者（うち自営業主）,16_1500万円以上,900,900,-,200,-,-,-,-,-,-,700,-,-,700,-
2_女,0_総数,04_30～34歳,2_うち雇用者,00_総数,2441200,2414600,67600,538000,120300,314600,17300,243300,19200,977900,99000,87800,4700,6500,12600
2_女,0_総数,04_30～34歳,2_うち雇用者,01_50万円未満,75300,74300,3400,29900,2500,7200,300,5500,1000,19900,3400,2800,400,200,800
2_女,0_総数,04_30～34歳,2_うち雇用者,02_50～99万円,215300,209300,20500,76400,12400,23300,1100,23200,1500,45900,1700,1500,200,-,3300
2_女,0_総数,04_30～34歳,2_うち雇用者,03_100～149万円,257300,254400,15200,91100,16800,42300,1000,31000,700,50400,2100,2000,-,100,500
2_女,0_総数,04_30～34歳,2_うち雇用者,04_150～199万円,197400,195700,9600,66600,15500,28300,900,20200,700,50400,2700,2300,300,100,500
2_女,0_総数,04_30～34歳,2_うち雇用者,05_200～249万円,360300,357600,8100,101700,27000,51700,1800,41800,1700,113700,7900,5600,700,1500,1500
2_女,0_総数,04_30～34歳,2_うち雇用者,06_250～299万円,280400,277000,3700,60600,15200,40500,3100,38900,2700,107000,4300,4100,300,-,1300
2_女,0_総数,04_30～34歳,2_うち雇用者,07_300～399万円,477400,474900,4300,74300,24200,65700,4500,52600,5900,223400,17800,15800,1700,300,500
2_女,0_総数,04_30～34歳,2_うち雇用者,08_400～499万円,298300,297000,300,17000,4600,39800,3900,22600,2800,187700,17600,15800,500,1300,300
2_女,0_総数,04_30～34歳,2_うち雇用者,09_500～599万円,154500,153000,-,11400,700,9900,500,3400,500,110200,16200,13800,700,1700,1100
2_女,0_総数,04_30～34歳,2_うち雇用者,10_600～699万円,48900,48400,900,1500,200,1800,0,1600,1300,29400,11200,10200,-,1000,500
2_女,0_総数,04_30～34歳,2_うち雇用者,11_700～799万円,23800,23200,-,200,100,2000,-,-,-,14800,6100,6000,-,100,700
2_女,0_総数,04_30～34歳,2_うち雇用者,12_800～899万円,12300,12300,-,-,600,-,-,-,-,7800,3900,3900,-,-,-
2_女,0_総数,04_30～34歳,2_うち雇用者,13_900～999万円,8600,8600,-,800,-,-,-,-,-,6200,1700,1700,-,-,-
2_女,0_総数,04_30～34歳,2_うち雇用者,14_1000～1249万円,6600,5700,100,100,0,300,-,-,300,4000,1000,800,-,200,800
2_女,0_総数,04_30～34歳,2_うち雇用者,15_1250～1499万円,800,800,-,0,-,-,-,-,-,700,100,100,-,-,-
2_女,0_総数,04_30～34歳,2_うち雇用者,16_1500万円以上,2500,2500,-,300,-,-,-,-,-,1500,700,700,-,-,-
2_女,0_総数,04_30～34歳,21_うち起業者（うち雇用者）,00_総数,2600,2600,-,800,200,100,-,-,100,1000,100,100,-,-,-
2_女,0_総数,04_30～34歳,21_うち起業者（うち雇用者）,01_50万円未満,300,300,-,100,-,-,-,-,-,300,-,-,-,-,-
2_女,0_総数,04_30～34歳,21_うち起業者（うち雇用者）,02_50～99万円,100,100,-,-,-,100,-,-,-,-,-,-,-,-,-
2_女,0_総数,04_30～34歳,21_うち起業者（うち雇用者）,03_100～149万円,300,300,-,-,-,-,-,-,-,300,-,-,-,-,-
2_女,0_総数,04_30～34歳,21_うち起業者（うち雇用者）,04_150～199万円,100,100,-,100,-,-,-,-,-,-,-,-,-,-,-
2_女,0_総数,04_30～34歳,21_うち起業者（うち雇用者）,05_200～249万円,100,100,-,-,-,-,-,-,-,-,-,-,-,-,-
2_女,0_総数,04_30～34歳,21_うち起業者（うち雇用者）,06_250～299万円,400,400,-,300,-,-,-,-,-,-,100,100,-,-,-
2_女,0_総数,04_30～34歳,21_うち起業者（うち雇用者）,07_300～399万円,-,-,-,-,-,-,-,-,-,-,-,-,-,-,-
2_女,0_総数,04_30～34歳,21_うち起業者（うち雇用者）,08_400～499万円,400,400,-,-,-,-,-,-,-,400,-,-,-,-,-
2_女,0_総数,04_30～34歳,21_うち起業者（うち雇用者）,09_500～599万円,0,0,-,-,0,-,-,-,-,-,-,-,-,-,-
2_女,0_総数,04_30～34歳,21_うち起業者（うち雇用者）,10_600～699万円,200,200,-,-,-,-,-,-,100,-,-,-,-,-,-
2_女,0_総数,04_30～34歳,21_うち起業者（うち雇用者）,11_700～799万円,-,-,-,-,-,-,-,-,-,-,-,-,-,-,-
2_女,0_総数,04_30～34歳,21_うち起業者（うち雇用者）,12_800～899万円,100,100,-,-,100,-,-,-,-,-,-,-,-,-,-
2_女,0_総数,04_30～34歳,21_うち起業者（うち雇用者）,13_900～999万円,0,0,-,-,-,-,-,-,-,0,-,-,-,-,-
2_女,0_総数,04_30～34歳,21_うち起業者（うち雇用者）,14_1000～1249万円,100,100,-,-,-,100,-,-,-,-,-,-,-,-,-
2_女,0_総数,04_30～34歳,21_うち起業者（うち雇用者）,15_1250～1499万円,-,-,-,-,-,-,-,-,-,-,-,-,-,-,-
2_女,0_総数,04_30～34歳,21_うち起業者（うち雇用者）,16_1500万円以上,300,300,-,300,-,-,-,-,-,-,-,-,-,-,-
2_女,0_総数,04_30～34歳,22_うち正規の職員・従業員,00_総数,1549800,1539400,17500,250100,62500,197400,12700,144500,13300,753100,81900,73400,4000,4500,4600
2_女,0_総数,04_30～34歳,22_うち正規の職員・従業員,01_50万円未満,16600,16600,200,3600,100,800,300,1100,300,8300,1800,1600,-,200,-
2_女,0_総数,04_30～34歳,22_うち正規の職員・従業員,02_50～99万円,14200,13900,1200,2500,1900,2300,200,1300,100,4100,300,300,-,-,-
2_女,0_総数,04_30～34歳,22_うち正規の職員・従業員,03_100～149万円,36300,35800,2000,13500,2900,4900,-,4800,100,7300,300,300,-,0,-
2_女,0_総数,04_30～34歳,22_うち正規の職員・従業員,04_150～199万円,71600,71300,2700,26900,5600,9900,600,6200,300,18100,800,500,300,100,-
2_女,0_総数,04_30～34歳,22_うち正規の職員・従業員,05_200～249万円,212400,211600,3300,59100,15200,32600,1100,25000,1300,68400,3800,3100,700,-,300
2_女,0_総数,04_30～34歳,22_うち正規の職員・従業員,06_250～299万円,217100,215700,3100,45000,10800,35600,2400,29700,1000,84600,2600,2400,100,-,500
2_女,0_総数,04_30～34歳,22_うち正規の職員・従業員,07_300～399万円,436500,434200,3400,67400,19800,59900,3800,49100,5500,208300,15300,13300,1700,300,500
2_女,0_総数,04_30～34歳,22_うち正規の職員・従業員,08_400～499万円,287900,286600,300,16700,4600,37600,3900,22200,2800,180900,16900,15200,500,1200,300
2_女,0_総数,04_30～34歳,22_うち正規の職員・従業員,09_500～599万円,150200,149100,-,11000,700,9900,500,3400,500,107000,16000,13800,700,1500,1000
2_女,0_総数,04_30～34歳,22_うち正規の職員・従業員,10_600～699万円,46500,46000,900,1400,200,1500,-,300,1100,28900,11200,10200,-,1000,500
2_女,0_総数,04_30～34歳,22_うち正規の職員・従業員,11_700～799万円,22600,21900,-,200,100,1600,-,-,-,14000,6100,6000,-,100,700
2_女,0_総数,04_30～34歳,22_うち正規の職員・従業員,12_800～899万円,12100,12100,-,-,500,-,-,-,-,7800,3900,3900,-,-,-
2_女,0_総数,04_30～34歳,22_うち正規の職員・従業員,13_900～999万円,8400,8400,-,600,-,-,-,-,-,6200,1700,1700,-,-,-
2_女,0_総数,04_30～34歳,22_うち正規の職員・従業員,14_1000～1249万円,5000,4200,100,-,0,-,-,-,300,3400,400,200,-,200,800
2_女,0_総数,04_30～34歳,22_うち正規の職員・従業員,15_1250～1499万円,800,800,-,-,-,-,-,-,-,700,100,100,-,-,-
2_女,0_総数,04_30～34歳,22_うち正規の職員・従業員,16_1500万円以上,2200,2200,-,-,-,-,-,-,-,1500,700,700,-,-,-
2_女,0_総数,04_30～34歳,23_うち非正規の職員・従業員,00_総数,868000,852200,49600,283800,56100,114500,4500,95500,5500,216500,15400,13000,700,1700,7600
2_女,0_総数,04_30～34歳,23_うち非正規の職員・従業員,01_50万円未満,57100,56100,3200,25900,2400,6300,-,4000,700,10800,1600,1200,400,-,800
2_女,0_総数,04_30～34歳,23_うち非正規の職員・従業員,02_50～99万円,200100,194300,19200,73700,10500,21000,1000,21700,1400,41300,1400,1200,200,-,3300
2_女,0_総数,04_30～34歳,23_うち非正規の職員・従業員,03_100～149万円,219200,216900,13100,77500,13900,37100,1000,26000,600,42300,1800,1800,-,100,500
2_女,0_総数,04_30～34歳,23_うち非正規の職員・従業員,04_150～199万円,124500,123500,6900,39400,9800,18500,400,14000,500,31800,1800,1800,-,-,100
2_女,0_総数,04_30～34歳,23_うち非正規の職員・従業員,05_200～249万円,145900,144000,4600,42000,11800,19100,600,16300,400,44700,4100,2600,-,1500,1200
2_女,0_総数,04_30～34歳,23_うち非正規の職員・従業員,06_250～299万円,59900,58000,500,14200,4300,4500,700,9200,1700,22000,800,700,100,-,800
2_女,0_総数,04_30～34歳,23_うち非正規の職員・従業員,07_300～399万円,36900,36700,1000,6700,3200,4800,700,2800,100,14400,2500,2400,-,100,-
2_女,0_総数,04_30～34歳,23_うち非正規の職員・従業員,08_400～499万円,8600,8600,-,300,-,2100,-,400,-,5100,700,600,-,100,-
2_女,0_総数,04_30～34歳,23_うち非正規の職員・従業員,09_500～599万円,2000,1600,-,-,-,-,-,-,-,1600,-,-,-,-,100
2_女,0_総数,04_30～34歳,23_うち非正規の職員・従業員,10_600～699万円,700,700,-,100,-,200,0,-,-,300,-,-,-,-,-
2_女,0_総数,04_30～34歳,23_うち非正規の職員・従業員,11_700～799万円,800,800,-,-,-,-,-,-,-,800,-,-,-,-,-
2_女,0_総数,04_30～34歳,23_うち非正規の職員・従業員,12_800～899万円,-,-,-,-,-,-,-,-,-,-,-,-,-,-,-
2_女,0_総数,04_30～34歳,23_うち非正規の職員・従業員,13_900～999万円,200,200,-,200,-,-,-,-,-,-,-,-,-,-,-
2_女,0_総数,04_30～34歳,23_うち非正規の職員・従業員,14_1000～1249万円,100,100,-,-,-,-,-,-,-,100,-,-,-,-,-
2_女,0_総数,04_30～34歳,23_うち非正規の職員・従業員,15_1250～1499万円,-,-,-,-,-,-,-,-,-,-,-,-,-,-,-
2_女,0_総数,04_30～34歳,23_うち非正規の職員・従業員,16_1500万円以上,-,-,-,-,-,-,-,-,-,-,-,-,-,-,-
2_女,0_総数,04_30～34歳,231_うちパート,00_総数,482900,477600,33300,171600,33700,68500,3200,56200,2700,95700,4700,3900,400,400,1400
2_女,0_総数,04_30～34歳,231_うちパート,01_50万円未満,33600,33500,1900,14900,1400,4500,-,2500,400,6200,1000,600,400,-,-
2_女,0_総数,04_30～34歳,231_うちパート,02_50～99万円,155300,153300,14300,61400,8000,17400,800,18000,1300,28700,500,500,-,-,900
2_女,0_総数,04_30～34歳,231_うちパート,03_100～149万円,162800,161300,10600,59700,11900,27400,600,20200,500,27100,700,700,-,-,400
2_女,0_総数,04_30～34歳,231_うちパート,04_150～199万円,60500,60200,3800,16800,5800,8900,300,8300,400,13700,1800,1800,-,-,100
2_女,0_総数,04_30～34歳,231_うちパート,05_200～249万円,45400,45000,2100,11700,5800,7900,400,5800,-,10700,600,300,-,300,-
2_女,0_総数,04_30～34歳,231_うちパート,06_250～299万円,12500,11800,200,3400,300,1100,300,900,-,5500,0,0,-,-,-
2_女,0_総数,04_30～34歳,231_うちパート,07_300～399万円,7100,6900,-,800,300,900,700,500,-,3600,-,-,-,-,-
2_女,0_総数,04_30～34歳,231_うちパート,08_400～499万円,200,200,-,100,-,-,-,-,-,-,100,-,-,100,-
2_女,0_総数,04_30～34歳,231_うちパート,09_500～599万円,-,-,-,-,-,-,-,-,-,-,-,-,-,-,-
2_女,0_総数,04_30～34歳,231_うちパート,10_600～699万円,-,-,-,-,-,-,-,-,-,-,-,-,-,-,-
2_女,0_総数,04_30～34歳,231_うちパート,11_700～799万円,-,-,-,-,-,-,-,-,-,-,-,-,-,-,-
2_女,0_総数,04_30～34歳,231_うちパート,12_800～899万円,-,-,-,-,-,-,-,-,-,-,-,-,-,-,-
2_女,0_総数,04_30～34歳,231_うちパート,13_900～999万円,200,200,-,200,-,-,-,-,-,-,-,-,-,-,-
2_女,0_総数,04_30～34歳,231_うちパート,14_1000～1249万円,100,100,-,-,-,-,-,-,-,100,-,-,-,-,-
2_女,0_総数,04_30～34歳,231_うちパート,15_1250～1499万円,-,-,-,-,-,-,-,-,-,-,-,-,-,-,-
2_女,0_総数,04_30～34歳,231_うちパート,16_1500万円以上,-,-,-,-,-,-,-,-,-,-,-,-,-,-,-
2_女,0_総数,04_30～34歳,232_うちアルバイト,00_総数,118100,111100,8000,39200,8000,16500,100,10800,700,25800,1400,1300,200,-,5400
2_女,0_総数,04_30～34歳,232_うちアルバイト,01_50万円未満,13900,13100,1100,5500,700,1300,-,800,0,3000,600,600,-,-,800
2_女,0_総数,04_30～34歳,232_うちアルバイト,02_50～99万円,34700,31100,4300,10300,2500,2300,100,2300,-,8600,800,600,200,-,2200
2_女,0_総数,04_30～34歳,232_うちアルバイト,03_100～149万円,28400,28300,1100,8400,1200,7200,-,3300,-,6600,100,100,-,-,100
2_女,0_総数,04_30～34歳,232_うちアルバイト,04_150～199万円,16900,16900,1200,5900,1000,3900,-,800,-,4000,-,-,-,-,-
2_女,0_総数,04_30～34歳,232_うちアルバイト,05_200～249万円,15800,15100,200,6400,1900,1500,-,2400,-,2600,-,-,-,-,600
2_女,0_総数,04_30～34歳,232_うちアルバイト,06_250～299万円,6200,5400,100,2200,400,-,-,1100,600,900,-,-,-,-,800
2_女,0_総数,04_30～34歳,232_うちアルバイト,07_300～399万円,400,400,-,-,200,300,-,-,-,-,-,-,-,-,-
2_女,0_総数,04_30～34歳,232_うちアルバイト,08_400～499万円,-,-,-,-,-,-,-,-,-,-,-,-,-,-,-
2_女,0_総数,04_30～34歳,232_うちアルバイト,09_500～599万円,-,-,-,-,-,-,-,-,-,-,-,-,-,-,-
2_女,0_総数,04_30～34歳,232_うちアルバイト,10_600～699万円,-,-,-,-,-,-,-,-,-,-,-,-,-,-,-
2_女,0_総数,04_30～34歳,232_うちアルバイト,11_700～799万円,-,-,-,-,-,-,-,-,-,-,-,-,-,-,-
2_女,0_総数,04_30～34歳,232_うちアルバイト,12_800～899万円,-,-,-,-,-,-,-,-,-,-,-,-,-,-,-
2_女,0_総数,04_30～34歳,232_うちアルバイト,13_900～999万円,-,-,-,-,-,-,-,-,-,-,-,-,-,-,-
2_女,0_総数,04_30～34歳,232_うちアルバイト,14_1000～1249万円,-,-,-,-,-,-,-,-,-,-,-,-,-,-,-
2_女,0_総数,04_30～34歳,232_うちアルバイト,15_1250～1499万円,-,-,-,-,-,-,-,-,-,-,-,-,-,-,-
2_女,0_総数,04_30～34歳,232_うちアルバイト,16_1500万円以上,-,-,-,-,-,-,-,-,-,-,-,-,-,-,-
2_女,0_総数,04_30～34歳,233_うち労働者派遣事業所の派遣社員,00_総数,100600,100100,5200,28400,5800,12100,700,9300,500,34600,2500,2400,100,-,-
2_女,0_総数,04_30～34歳,233_うち労働者派遣事業所の派遣社員,01_50万円未満,2000,2000,100,1200,100,-,-,-,-,200,-,-,-,-,-
2_女,0_総数,04_30～34歳,233_うち労働者派遣事業所の派遣社員,02_50～99万円,3700,3700,400,1000,-,300,-,700,-,1300,-,-,-,-,-
2_女,0_総数,04_30～34歳,233_うち労働者派遣事業所の派遣社員,03_100～149万円,11000,10900,1200,3800,100,900,300,600,200,3700,100,100,-,-,-
2_女,0_総数,04_30～34歳,233_うち労働者派遣事業所の派遣社員,04_150～199万円,18100,17800,1300,5600,500,2700,-,2200,100,5500,-,-,-,-,-
2_女,0_総数,04_30～34歳,233_うち労働者派遣事業所の派遣社員,05_200～249万円,35100,35100,1000,11100,1300,4700,-,2800,200,13400,700,700,-,-,-
2_女,0_総数,04_30～34歳,233_うち労働者派遣事業所の派遣社員,06_250～299万円,14500,14400,-,3100,1800,2000,300,2000,-,4500,600,500,100,-,-
2_女,0_総数,04_30～34歳,233_うち労働者派遣事業所の派遣社員,07_300～399万円,12300,12300,1000,2500,2100,900,-,500,100,4400,500,500,-,-,-
2_女,0_総数,04_30～34歳,233_うち労働者派遣事業所の派遣社員,08_400～499万円,900,900,-,-,-,400,-,100,-,500,-,-,-,-,-
2_女,0_総数,04_30～34歳,233_うち労働者派遣事業所の派遣社員,09_500～599万円,200,200,-,-,-,-,-,-,-,200,-,-,-,-,-
2_女,0_総数,04_30～34歳,233_うち労働者派遣事業所の派遣社員,10_600～699万円,-,-,-,-,-,-,-,-,-,-,-,-,-,-,-
2_女,0_総数,04_30～34歳,233_うち労働者派遣事業所の派遣社員,11_700～799万円,-,-,-,-,-,-,-,-,-,-,-,-,-,-,-
2_女,0_総数,04_30～34歳,233_うち労働者派遣事業所の派遣社員,12_800～899万円,-,-,-,-,-,-,-,-,-,-,-,-,-,-,-
2_女,0_総数,04_30～34歳,233_うち労働者派遣事業所の派遣社員,13_900～999万円,-,-,-,-,-,-,-,-,-,-,-,-,-,-,-
2_女,0_総数,04_30～34歳,233_うち労働者派遣事業所の派遣社員,14_1000～1249万円,-,-,-,-,-,-,-,-,-,-,-,-,-,-,-
2_女,0_総数,04_30～34歳,233_うち労働者派遣事業所の派遣社員,15_1250～1499万円,-,-,-,-,-,-,-,-,-,-,-,-,-,-,-
2_女,0_総数,04_30～34歳,233_うち労働者派遣事業所の派遣社員,16_1500万円以上,-,-,-,-,-,-,-,-,-,-,-,-,-,-,-
2_女,0_総数,04_30～34歳,234_うち契約社員,00_総数,124200,121700,1500,32500,6500,13300,400,14000,1600,46500,4100,2900,-,1200,700
2_女,0_総数,04_30～34歳,234_うち契約社員,01_50万円未満,1000,1000,-,500,100,100,-,-,200,200,-,-,-,-,-
2_女,0_総数,04_30～34歳,234_うち契約社員,02_50～99万円,2800,2700,200,200,-,100,100,-,-,1800,100,100,-,-,-
2_女,0_総数,04_30～34歳,234_うち契約社員,03_100～149万円,13200,12600,200,4300,500,1400,0,1900,-,3700,500,400,-,100,-
2_女,0_総数,04_30～34歳,234_うち契約社員,04_150～199万円,23900,23500,500,10000,2000,2300,0,1800,-,6700,-,-,-,-,-
2_女,0_総数,04_30～34歳,234_うち契約社員,05_200～249万円,40500,39700,200,10300,2200,4700,200,3600,200,15300,2400,1300,-,1100,600
2_女,0_総数,04_30～34歳,234_うち契約社員,06_250～299万円,22000,21800,200,4800,1100,1000,-,4600,1100,8800,200,200,-,-,-
2_女,0_総数,04_30～34歳,234_うち契約社員,07_300～399万円,12200,12200,-,2300,700,1900,-,1400,-,5600,400,300,-,100,-
2_女,0_総数,04_30～34歳,234_うち契約社員,08_400～499万円,4700,4700,-,100,-,1700,-,100,-,2200,600,600,-,-,-
2_女,0_総数,04_30～34歳,234_うち契約社員,09_500～599万円,1800,1500,-,-,-,-,-,-,-,1500,-,-,-,-,100
2_女,0_総数,04_30～34歳,234_うち契約社員,10_600～699万円,-,-,-,-,-,-,-,-,-,-,-,-,-,-,-
2_女,0_総数,04_30～34歳,234_うち契約社員,11_700～799万円,800,800,-,-,-,-,-,-,-,800,-,-,-,-,-
2_女,0_総数,04_30～34歳,234_うち契約社員,12_800～899万円,-,-,-,-,-,-,-,-,-,-,-,-,-,-,-
2_女,0_総数,04_30～34歳,234_うち契約社員,13_900～999万円,-,-,-,-,-,-,-,-,-,-,-,-,-,-,-
2_女,0_総数,04_30～34歳,234_うち契約社員,14_1000～1249万円,-,-,-,-,-,-,-,-,-,-,-,-,-,-,-
2_女,0_総数,04_30～34歳,234_うち契約社員,15_1250～1499万円,-,-,-,-,-,-,-,-,-,-,-,-,-,-,-
2_女,0_総数,04_30～34歳,234_うち契約社員,16_1500万円以上,-,-,-,-,-,-,-,-,-,-,-,-,-,-,-
2_女,1_うち未婚,03_25～29歳,0_総数,00_総数,1848300,1823000,20200,312100,78700,226500,14600,143200,9200,940300,66700,60100,4600,2100,18100
2_女,1_うち未婚,03_25～29歳,0_総数,01_50万円未満,39000,34200,1000,17400,2300,3200,-,2900,400,6700,300,300,-,-,4200
2_女,1_うち未婚,03_25～29歳,0_総数,02_50～99万円,53700,49200,4000,20700,3200,4500,-,2400,-,12800,1400,1400,-,-,4000
2_女,1_うち未婚,03_25～29歳,0_総数,03_100～149万円,105000,100800,2100,42000,5300,10900,300,6400,900,29700,2300,1900,100,300,3300
2_女,1_うち未婚,03_25～29歳,0_総数,04_150～199万円,137500,136700,3200,41400,10700,24800,300,13100,700,38800,2700,2100,500,-,600
2_女,1_うち未婚,03_25～29歳,0_総数,05_200～249万円,362900,360500,4000,80400,20400,54600,1700,40100,1600,147900,8100,7300,800,-,1000
2_女,1_うち未婚,03_25～29歳,0_総数,06_250～299万円,293300,290800,1000,42300,16900,40500,1900,30400,600,149100,7000,6200,800,-,1900
2_女,1_うち未婚,03_25～29歳,0_総数,07_300～399万円,502600,500300,2900,51100,14400,55200,3900,32800,2900,318700,14800,13300,600,900,1100
2_女,1_うち未婚,03_25～29歳,0_総数,08_400～499万円,237700,237200,800,10100,2800,22800,4900,11600,1700,164200,17500,16100,1400,-,300
2_女,1_うち未婚,03_25～29歳,0_総数,09_500～599万円,68600,67400,-,900,500,6100,1400,1100,100,49500,7700,6800,100,800,1200
2_女,1_うち未婚,03_25～29歳,0_総数,10_600～699万円,12500,12400,-,100,-,1000,-,200,100,9500,1500,1300,200,-,100
2_女,1_うち未婚,03_25～29歳,0_総数,11_700～799万円,5900,5900,-,-,100,-,-,-,-,3400,2400,2400,-,-,-
2_女,1_うち未婚,03_25～29歳,0_総数,12_800～899万円,1900,1900,100,-,-,-,-,-,-,800,900,900,-,-,-
2_女,1_うち未婚,03_25～29歳,0_総数,13_900～999万円,1500,1300,-,-,-,200,-,-,-,1100,-,-,-,-,-
2_女,1_うち未婚,03_25～29歳,0_総数,14_1000～1249万円,400,300,-,100,-,-,-,-,-,200,-,-,-,-,100
2_女,1_うち未婚,03_25～29歳,0_総数,15_1250～1499万円,100,100,-,100,-,-,-,-,-,-,-,-,-,-,-
2_女,1_うち未婚,03_25～29歳,0_総数,16_1500万円以上,-,-,-,-,-,-,-,-,-,-,-,-,-,-,-
2_女,1_うち未婚,03_25～29歳,1_うち自営業主,00_総数,31000,30600,1000,10900,2100,3800,-,1400,-,10800,600,600,-,-,300
2_女,1_うち未婚,03_25～29歳,1_うち自営業主,01_50万円未満,9500,9400,-,6200,600,900,-,500,-,1000,100,100,-,-,100
2_女,1_うち未婚,03_25～29歳,1_うち自営業主,02_50～99万円,2100,1900,-,600,300,300,-,-,-,500,200,200,-,-,-
2_女,1_うち未婚,03_25～29歳,1_うち自営業主,03_100～149万円,5800,5600,-,600,-,300,-,-,-,4600,100,100,-,-,100
2_女,1_うち未婚,03_25～29歳,1_うち自営業主,04_150～199万円,2400,2400,500,200,-,500,-,100,-,1100,-,-,-,-,-
2_女,1_うち未婚,03_25～29歳,1_うち自営業主,05_200～249万円,3700,3700,-,700,600,300,-,500,-,1500,200,200,-,-,-
2_女,1_うち未婚,03_25～29歳,1_うち自営業主,06_250～299万円,1400,1400,-,100,-,400,-,-,-,900,-,-,-,-,-
2_女,1_うち未婚,03_25～29歳,1_うち自営業主,07_300～399万円,2100,2100,-,700,500,100,-,-,-,700,-,-,-,-,-
2_女,1_うち未婚,03_25～29歳,1_うち自営業主,08_400～499万円,2800,2800,400,1700,-,400,-,200,-,100,-,-,-,-,-
2_女,1_うち未婚,03_25～29歳,1_うち自営業主,09_500～599万円,500,500,-,-,-,200,-,-,-,300,-,-,-,-,-
2_女,1_うち未婚,03_25～29歳,1_うち自営業主,10_600～699万円,-,-,-,-,-,-,-,-,-,-,-,-,-,-,-
2_女,1_うち未婚,03_25～29歳,1_うち自営業主,11_700～799万円,100,100,-,-,100,-,-,-,-,100,-,-,-,-,-
2_女,1_うち未婚,03_25～29歳,1_うち自営業主,12_800～899万円,100,100,100,-,-,-,-,-,-,-,-,-,-,-,-
2_女,1_うち未婚,03_25～29歳,1_うち自営業主,13_900～999万円,200,200,-,-,-,200,-,-,-,-,-,-,-,-,-
2_女,1_うち未婚,03_25～29歳,1_うち自営業主,14_1000～1249万円,100,100,-,100,-,-,-,-,-,-,-,-,-,-,-
2_女,1_うち未婚,03_25～29歳,1_うち自営業主,15_1250～1499万円,-,-,-,-,-,-,-,-,-,-,-,-,-,-,-
2_女,1_うち未婚,03_25～29歳,1_うち自営業主,16_1500万円以上,-,-,-,-,-,-,-,-,-,-,-,-,-,-,-
2_女,1_うち未婚,03_25～29歳,11_うち起業者（うち自営業主）,00_総数,20100,19800,1000,4500,900,2800,-,800,-,9500,400,400,-,-,300
2_女,1_うち未婚,03_25～29歳,11_うち起業者（うち自営業主）,01_50万円未満,3400,3300,-,1100,500,700,-,-,-,900,100,100,-,-,100
2_女,1_うち未婚,03_25～29歳,11_うち起業者（うち自営業主）,02_50～99万円,1300,1300,-,100,300,300,-,-,-,400,200,200,-,-,-
2_女,1_うち未婚,03_25～29歳,11_うち起業者（うち自営業主）,03_100～149万円,4700,4500,-,400,-,-,-,-,-,4100,-,-,-,-,100
2_女,1_うち未婚,03_25～29歳,11_うち起業者（うち自営業主）,04_150～199万円,2100,2100,500,200,-,200,-,100,-,1100,-,-,-,-,-
2_女,1_うち未婚,03_25～29歳,11_うち起業者（うち自営業主）,05_200～249万円,1900,1900,-,100,-,300,-,500,-,900,100,100,-,-,-
2_女,1_うち未婚,03_25～29歳,11_うち起業者（うち自営業主）,06_250～299万円,1300,1300,-,100,-,300,-,-,-,900,-,-,-,-,-
2_女,1_うち未婚,03_25～29歳,11_うち起業者（うち自営業主）,07_300～399万円,1500,1500,-,700,-,100,-,-,-,700,-,-,-,-,-
2_女,1_うち未婚,03_25～29歳,11_うち起業者（うち自営業主）,08_400～499万円,2800,2800,400,1700,-,400,-,200,-,100,-,-,-,-,-
2_女,1_うち未婚,03_25～29歳,11_うち起業者（うち自営業主）,09_500～599万円,500,500,-,-,-,200,-,-,-,300,-,-,-,-,-
2_女,1_うち未婚,03_25～29歳,11_うち起業者（うち自営業主）,10_600～699万円,-,-,-,-,-,-,-,-,-,-,-,-,-,-,-
2_女,1_うち未婚,03_25～29歳,11_うち起業者（うち自営業主）,11_700～799万円,100,100,-,-,100,-,-,-,-,-,-,-,-,-,-
2_女,1_うち未婚,03_25～29歳,11_うち起業者（うち自営業主）,12_800～899万円,100,100,100,-,-,-,-,-,-,-,-,-,-,-,-
2_女,1_うち未婚,03_25～29歳,11_うち起業者（うち自営業主）,13_900～999万円,200,200,-,-,-,200,-,-,-,-,-,-,-,-,-
2_女,1_うち未婚,03_25～29歳,11_うち起業者（うち自営業主）,14_1000～1249万円,100,100,-,100,-,-,-,-,-,-,-,-,-,-,-
2_女,1_うち未婚,03_25～29歳,11_うち起業者（うち自営業主）,15_1250～1499万円,-,-,-,-,-,-,-,-,-,-,-,-,-,-,-
2_女,1_うち未婚,03_25～29歳,11_うち起業者（うち自営業主）,16_1500万円以上,-,-,-,-,-,-,-,-,-,-,-,-,-,-,-
2_女,1_うち未婚,03_25～29歳,2_うち雇用者,00_総数,1810300,1785800,18700,299300,75600,221900,14600,141500,9200,927800,66000,59400,4500,2100,17800
2_女,1_うち未婚,03_25～29歳,2_うち雇用者,01_50万円未満,29500,24800,1000,11200,1600,2300,-,2300,400,5700,200,200,-,-,4000
2_女,1_うち未婚,03_25～29歳,2_うち雇用者,02_50～99万円,51600,47300,4000,20100,2900,4200,-,2400,-,12300,1200,1200,-,-,4000
2_女,1_うち未婚,03_25～29歳,2_うち雇用者,03_100～149万円,99200,95200,2100,41400,5300,10600,300,6400,900,25200,2200,1800,100,300,3100
2_女,1_うち未婚,03_25～29歳,2_うち雇用者,04_150～199万円,134600,134000,2700,41000,10600,24300,300,13000,700,37600,2700,2100,500,-,600
2_女,1_うち未婚,03_25～29歳,2_うち雇用者,05_200～249万円,359200,356800,4000,79700,19900,54300,1700,39600,1600,146400,7900,7100,800,-,1000
2_女,1_うち未婚,03_25～29歳,2_うち雇用者,06_250～299万円,291600,289100,1000,42000,16900,40100,1900,30400,600,148200,7000,6200,800,-,1900
2_女,1_うち未婚,03_25～29歳,2_うち雇用者,07_300～399万円,500100,497900,2900,50300,13900,55100,3900,32800,2900,317700,14800,13300,600,900,1100
2_女,1_うち未婚,03_25～29歳,2_うち雇用者,08_400～499万円,234800,234400,300,8400,2800,22400,4900,11400,1700,164100,17500,16100,1400,-,300
2_女,1_うち未婚,03_25～29歳,2_うち雇用者,09_500～599万円,68000,66900,-,900,500,5900,1400,1100,100,49200,7700,6800,100,800,1200
2_女,1_うち未婚,03_25～29歳,2_うち雇用者,10_600～699万円,12500,12400,-,100,-,1000,-,200,100,9500,1500,1300,200,-,100
2_女,1_うち未婚,03_25～29歳,2_うち雇用者,11_700～799万円,5700,5700,-,-,-,-,-,-,-,3300,2400,2400,-,-,-
2_女,1_うち未婚,03_25～29歳,2_うち雇用者,12_800～899万円,1800,1800,-,-,-,-,-,-,-,800,900,900,-,-,-
2_女,1_うち未婚,03_25～29歳,2_うち雇用者,13_900～999万円,1300,1100,-,-,-,-,-,-,-,1100,-,-,-,-,-
2_女,1_うち未婚,03_25～29歳,2_うち雇用者,14_1000～1249万円,300,200,-,-,-,-,-,-,-,200,-,-,-,-,100
2_女,1_うち未婚,03_25～29歳,2_うち雇用者,15_1250～1499万円,100,100,-,100,-,-,-,-,-,-,-,-,-,-,-
2_女,1_うち未婚,03_25～29歳,2_うち雇用者,16_1500万円以上,-,-,-,-,-,-,-,-,-,-,-,-,-,-,-
2_女,1_うち未婚,03_25～29歳,21_うち起業者（うち雇用者）,00_総数,1200,1200,-,300,-,-,-,200,-,700,-,-,-,-,-
2_女,1_うち未婚,03_25～29歳,21_うち起業者（うち雇用者）,01_50万円未満,300,300,-,-,-,-,-,-,-,300,-,-,-,-,-
2_女,1_うち未婚,03_25～29歳,21_うち起業者（うち雇用者）,02_50～99万円,500,500,-,-,-,-,-,-,-,500,-,-,-,-,-
2_女,1_うち未婚,03_25～29歳,21_うち起業者（うち雇用者）,03_100～149万円,-,-,-,-,-,-,-,-,-,-,-,-,-,-,-
2_女,1_うち未婚,03_25～29歳,21_うち起業者（うち雇用者）,04_150～199万円,0,0,-,-,-,-,-,0,-,-,-,-,-,-,-
2_女,1_うち未婚,03_25～29歳,21_うち起業者（うち雇用者）,05_200～249万円,300,300,-,300,-,-,-,-,-,-,-,-,-,-,-
2_女,1_うち未婚,03_25～29歳,21_うち起業者（うち雇用者）,06_250～299万円,-,-,-,-,-,-,-,-,-,-,-,-,-,-,-
2_女,1_うち未婚,03_25～29歳,21_うち起業者（うち雇用者）,07_300～399万円,100,100,-,-,-,-,-,100,-,-,-,-,-,-,-
2_女,1_うち未婚,03_25～29歳,21_うち起業者（うち雇用者）,08_400～499万円,-,-,-,-,-,-,-,-,-,-,-,-,-,-,-
2_女,1_うち未婚,03_25～29歳,21_うち起業者（うち雇用者）,09_500～599万円,-,-,-,-,-,-,-,-,-,-,-,-,-,-,-
2_女,1_うち未婚,03_25～29歳,21_うち起業者（うち雇用者）,10_600～699万円,-,-,-,-,-,-,-,-,-,-,-,-,-,-,-
2_女,1_うち未婚,03_25～29歳,21_うち起業者（うち雇用者）,11_700～799万円,-,-,-,-,-,-,-,-,-,-,-,-,-,-,-
2_女,1_うち未婚,03_25～29歳,21_うち起業者（うち雇用者）,12_800～899万円,-,-,-,-,-,-,-,-,-,-,-,-,-,-,-
2_女,1_うち未婚,03_25～29歳,21_うち起業者（うち雇用者）,13_900～999万円,-,-,-,-,-,-,-,-,-,-,-,-,-,-,-
2_女,1_うち未婚,03_25～29歳,21_うち起業者（うち雇用者）,14_1000～1249万円,-,-,-,-,-,-,-,-,-,-,-,-,-,-,-
2_女,1_うち未婚,03_25～29歳,21_うち起業者（うち雇用者）,15_1250～1499万円,-,-,-,-,-,-,-,-,-,-,-,-,-,-,-
2_女,1_うち未婚,03_25～29歳,21_うち起業者（うち雇用者）,16_1500万円以上,-,-,-,-,-,-,-,-,-,-,-,-,-,-,-
2_女,1_うち未婚,03_25～29歳,22_うち正規の職員・従業員,00_総数,1370600,1363500,6300,168600,43600,161300,13100,108300,5900,794100,54500,49900,3400,1200,4200
2_女,1_うち未婚,03_25～29歳,22_うち正規の職員・従業員,01_50万円未満,1800,1800,-,500,100,600,-,100,-,400,-,-,-,-,-
2_女,1_うち未婚,03_25～29歳,22_うち正規の職員・従業員,02_50～99万円,3700,3600,400,1200,500,300,-,-,-,1200,-,-,-,-,-
2_女,1_うち未婚,03_25～29歳,22_うち正規の職員・従業員,03_100～149万円,17100,17100,500,7300,900,1900,100,1600,100,4000,500,100,100,300,-
2_女,1_うち未婚,03_25～29歳,22_うち正規の職員・従業員,04_150～199万円,57500,57300,500,16900,4000,11400,300,6100,-,17500,300,300,-,-,200
2_女,1_うち未婚,03_25～29歳,22_うち正規の職員・従業員,05_200～249万円,249100,247900,2500,52500,10000,35300,1300,28600,800,110800,4600,4000,600,-,400
2_女,1_うち未婚,03_25～29歳,22_うち正規の職員・従業員,06_250～299万円,244600,243000,400,33900,11900,32300,1000,26600,600,129200,6500,5700,800,-,800
2_女,1_うち未婚,03_25～29歳,22_うち正規の職員・従業員,07_300～399万円,471100,469000,1700,45400,12300,49300,3900,31000,2400,306500,13200,12600,500,100,1100
2_女,1_うち未婚,03_25～29歳,22_うち正規の職員・従業員,08_400～499万円,226700,226400,300,7400,2800,22100,4900,11300,1700,158200,16900,15800,1100,-,300
2_女,1_うち未婚,03_25～29歳,22_うち正規の職員・従業員,09_500～599万円,65200,64000,-,700,500,5900,1400,1100,100,46600,7600,6700,100,800,1200
2_女,1_うち未婚,03_25～29歳,22_うち正規の職員・従業員,10_600～699万円,11800,11600,-,100,-,1000,-,200,100,8700,1500,1300,200,-,100
2_女,1_うち未婚,03_25～29歳,22_うち正規の職員・従業員,11_700～799万円,5700,5700,-,-,-,-,-,-,-,3300,2400,2400,-,-,-
2_女,1_うち未婚,03_25～29歳,22_うち正規の職員・従業員,12_800～899万円,1800,1800,-,-,-,-,-,-,-,800,900,900,-,-,-
2_女,1_うち未婚,03_25～29歳,22_うち正規の職員・従業員,13_900～999万円,1100,1100,-,-,-,-,-,-,-,1100,-,-,-,-,-
2_女,1_うち未婚,03_25～29歳,22_うち正規の職員・従業員,14_1000～1249万円,300,200,-,-,-,-,-,-,-,200,-,-,-,-,100
2_女,1_うち未婚,03_25～29歳,22_うち正規の職員・従業員,15_1250～1499万円,100,100,-,100,-,-,-,-,-,-,-,-,-,-,-
2_女,1_うち未婚,03_25～29歳,22_うち正規の職員・従業員,16_1500万円以上,-,-,-,-,-,-,-,-,-,-,-,-,-,-,-
2_女,1_うち未婚,03_25～29歳,23_うち非正規の職員・従業員,00_総数,431900,414700,12400,128700,31900,58900,1600,33000,3300,130600,11300,9300,1100,900,13700
2_女,1_うち未婚,03_25～29歳,23_うち非正規の職員・従業員,01_50万円未満,26600,21900,1000,10700,1500,1700,-,2200,400,4300,100,100,-,-,4000
2_女,1_うち未婚,03_25～29歳,23_うち非正規の職員・従業員,02_50～99万円,47200,43000,3600,18700,2500,3800,-,2400,-,10700,1200,1200,-,-,4000
2_女,1_うち未婚,03_25～29歳,23_うち非正規の職員・従業員,03_100～149万円,81700,77600,1600,33700,4400,8700,200,4800,800,21100,1700,1700,-,-,3100
2_女,1_うち未婚,03_25～29歳,23_うち非正規の職員・従業員,04_150～199万円,77100,76700,2300,24200,6600,12900,100,6800,700,20200,2400,1800,500,-,400
2_女,1_うち未婚,03_25～29歳,23_うち非正規の職員・従業員,05_200～249万円,108300,107100,1400,26800,9800,17900,400,10900,800,35500,3200,3000,200,-,700
2_女,1_うち未婚,03_25～29歳,23_うち非正規の職員・従業員,06_250～299万円,46400,45400,600,7700,5100,7800,900,3800,-,18700,400,400,-,-,1000
2_女,1_うち未婚,03_25～29歳,23_うち非正規の職員・従業員,07_300～399万円,28100,27800,1200,4800,1400,5400,-,1700,500,10900,1600,700,100,900,-
2_女,1_うち未婚,03_25～29歳,23_うち非正規の職員・従業員,08_400～499万円,7300,7300,-,400,-,200,-,100,-,6000,600,300,300,-,-
2_女,1_うち未婚,03_25～29歳,23_うち非正規の職員・従業員,09_500～599万円,2000,2000,-,200,-,-,-,-,-,1700,100,100,-,-,-
2_女,1_うち未婚,03_25～29歳,23_うち非正規の職員・従業員,10_600～699万円,600,600,-,-,-,-,-,-,-,600,-,-,-,-,-
2_女,1_うち未婚,03_25～29歳,23_うち非正規の職員・従業員,11_700～799万円,-,-,-,-,-,-,-,-,-,-,-,-,-,-,-
2_女,1_うち未婚,03_25～29歳,23_うち非正規の職員・従業員,12_800～899万円,-,-,-,-,-,-,-,-,-,-,-,-,-,-,-
2_女,1_うち未婚,03_25～29歳,23_うち非正規の職員・従業員,13_900～999万円,200,-,-,-,-,-,-,-,-,-,-,-,-,-,-
2_女,1_うち未婚,03_25～29歳,23_うち非正規の職員・従業員,14_1000～1249万円,-,-,-,-,-,-,-,-,-,-,-,-,-,-,-
2_女,1_うち未婚,03_25～29歳,23_うち非正規の職員・従業員,15_1250～1499万円,-,-,-,-,-,-,-,-,-,-,-,-,-,-,-
2_女,1_うち未婚,03_25～29歳,23_うち非正規の職員・従業員,16_1500万円以上,-,-,-,-,-,-,-,-,-,-,-,-,-,-,-
2_女,1_うち未婚,03_25～29歳,231_うちパート,00_総数,100300,97600,4600,42200,6900,12900,200,8100,600,19800,1700,1200,500,-,1000
2_女,1_うち未婚,03_25～29歳,231_うちパート,01_50万円未満,4300,3800,400,1400,200,400,-,-,100,1300,-,-,-,-,100
2_女,1_うち未婚,03_25～29歳,231_うちパート,02_50～99万円,13600,13500,1500,7800,700,400,-,800,-,2200,-,-,-,-,-
2_女,1_うち未婚,03_25～29歳,231_うちパート,03_100～149万円,31800,31300,1000,16100,1600,4600,-,1800,100,5600,200,200,-,-,100
2_女,1_うち未婚,03_25～29歳,231_うちパート,04_150～199万円,24600,24500,1000,9300,2100,3900,-,2900,-,4200,900,400,500,-,100
2_女,1_うち未婚,03_25～29歳,231_うちパート,05_200～249万円,19000,18600,100,6100,2000,3000,-,2400,400,4500,-,-,-,-,400
2_女,1_うち未婚,03_25～29歳,231_うちパート,06_250～299万円,3400,3400,200,700,300,200,200,100,-,1400,300,300,-,-,-
2_女,1_うち未婚,03_25～29歳,231_うちパート,07_300～399万円,500,500,-,300,-,-,-,-,-,200,-,-,-,-,-
2_女,1_うち未婚,03_25～29歳,231_うちパート,08_400～499万円,400,400,-,-,-,100,-,-,-,-,300,300,-,-,-
2_女,1_うち未婚,03_25～29歳,231_うちパート,09_500～599万円,-,-,-,-,-,-,-,-,-,-,-,-,-,-,-
2_女,1_うち未婚,03_25～29歳,231_うちパート,10_600～699万円,-,-,-,-,-,-,-,-,-,-,-,-,-,-,-
2_女,1_うち未婚,03_25～29歳,231_うちパート,11_700～799万円,-,-,-,-,-,-,-,-,-,-,-,-,-,-,-
2_女,1_うち未婚,03_25～29歳,231_うちパート,12_800～899万円,-,-,-,-,-,-,-,-,-,-,-,-,-,-,-
2_女,1_うち未婚,03_25～29歳,231_うちパート,13_900～999万円,-,-,-,-,-,-,-,-,-,-,-,-,-,-,-
2_女,1_うち未婚,03_25～29歳,231_うちパート,14_1000～1249万円,-,-,-,-,-,-,-,-,-,-,-,-,-,-,-
2_女,1_うち未婚,03_25～29歳,231_うちパート,15_1250～1499万円,-,-,-,-,-,-,-,-,-,-,-,-,-,-,-
2_女,1_うち未婚,03_25～29歳,231_うちパート,16_1500万円以上,-,-,-,-,-,-,-,-,-,-,-,-,-,-,-
2_女,1_うち未婚,03_25～29歳,232_うちアルバイト,00_総数,119600,108500,3800,40400,8500,13500,300,8200,1100,28500,3300,3300,-,-,10500
2_女,1_うち未婚,03_25～29歳,232_うちアルバイト,01_50万円未満,14300,10400,100,5300,1200,300,-,1100,-,2500,-,-,-,-,3900
2_女,1_うち未婚,03_25～29歳,232_うちアルバイト,02_50～99万円,26800,23400,1900,8200,1200,3000,-,800,-,7200,1100,1100,-,-,3300
2_女,1_うち未婚,03_25～29歳,232_うちアルバイト,03_100～149万円,33000,29500,400,12100,1500,2700,-,1300,500,9900,800,800,-,-,3000
2_女,1_うち未婚,03_25～29歳,232_うちアルバイト,04_150～199万円,22900,22500,1000,8200,1700,5200,-,1500,600,3400,700,700,-,-,300
2_女,1_うち未婚,03_25～29歳,232_うちアルバイト,05_200～249万円,15700,15700,400,3600,2700,1800,300,2100,-,4100,700,700,-,-,-
2_女,1_うち未婚,03_25～29歳,232_うちアルバイト,06_250～299万円,4600,4600,-,1700,100,400,-,1200,-,1300,-,-,-,-,-
2_女,1_うち未婚,03_25～29歳,232_うちアルバイト,07_300～399万円,900,900,-,400,100,200,-,-,-,0,-,-,-,-,-
2_女,1_うち未婚,03_25～29歳,232_うちアルバイト,08_400～499万円,-,-,-,-,-,-,-,-,-,-,-,-,-,-,-
2_女,1_うち未婚,03_25～29歳,232_うちアルバイト,09_500～599万円,-,-,-,-,-,-,-,-,-,-,-,-,-,-,-
2_女,1_うち未婚,03_25～29歳,232_うちアルバイト,10_600～699万円,-,-,-,-,-,-,-,-,-,-,-,-,-,-,-
2_女,1_うち未婚,03_25～29歳,232_うちアルバイト,11_700～799万円,-,-,-,-,-,-,-,-,-,-,-,-,-,-,-
2_女,1_うち未婚,03_25～29歳,232_うちアルバイト,12_800～899万円,-,-,-,-,-,-,-,-,-,-,-,-,-,-,-
2_女,1_うち未婚,03_25～29歳,232_うちアルバイト,13_900～999万円,-,-,-,-,-,-,-,-,-,-,-,-,-,-,-
2_女,1_うち未婚,03_25～29歳,232_うちアルバイト,14_1000～1249万円,-,-,-,-,-,-,-,-,-,-,-,-,-,-,-
2_女,1_うち未婚,03_25～29歳,232_うちアルバイト,15_1250～1499万円,-,-,-,-,-,-,-,-,-,-,-,-,-,-,-
2_女,1_うち未婚,03_25～29歳,232_うちアルバイト,16_1500万円以上,-,-,-,-,-,-,-,-,-,-,-,-,-,-,-
2_女,1_うち未婚,03_25～29歳,233_うち労働者派遣事業所の派遣社員,00_総数,85700,84000,1800,17000,3900,17200,800,7700,-,34400,600,300,300,-,1700
2_女,1_うち未婚,03_25～29歳,233_うち労働者派遣事業所の派遣社員,01_50万円未満,1400,1400,100,100,-,900,-,200,-,100,-,-,-,-,0
2_女,1_うち未婚,03_25～29歳,233_うち労働者派遣事業所の派遣社員,02_50～99万円,2300,1500,-,100,-,100,-,400,-,900,100,100,-,-,700
2_女,1_うち未婚,03_25～29歳,233_うち労働者派遣事業所の派遣社員,03_100～149万円,7800,7800,-,3500,200,300,-,1200,-,2700,-,-,-,-,-
2_女,1_うち未婚,03_25～29歳,233_うち労働者派遣事業所の派遣社員,04_150～199万円,7200,7200,-,1900,800,800,100,400,-,3300,-,-,-,-,-
2_女,1_うち未婚,03_25～29歳,233_うち労働者派遣事業所の派遣社員,05_200～249万円,35600,35300,600,6900,1300,9100,-,3100,-,14200,-,-,-,-,300
2_女,1_うち未婚,03_25～29歳,233_うち労働者派遣事業所の派遣社員,06_250～299万円,15900,15200,400,2300,800,3100,700,1000,-,6900,200,200,-,-,600
2_女,1_うち未婚,03_25～29歳,233_うち労働者派遣事業所の派遣社員,07_300～399万円,13700,13700,400,2200,200,2900,-,1500,-,6400,-,-,-,-,-
2_女,1_うち未婚,03_25～29歳,233_うち労働者派遣事業所の派遣社員,08_400～499万円,400,400,-,100,-,-,-,-,-,-,300,-,300,-,-
2_女,1_うち未婚,03_25～29歳,233_うち労働者派遣事業所の派遣社員,09_500～599万円,-,-,-,-,-,-,-,-,-,-,-,-,-,-,-
2_女,1_うち未婚,03_25～29歳,233_うち労働者派遣事業所の派遣社員,10_600～699万円,-,-,-,-,-,-,-,-,-,-,-,-,-,-,-
2_女,1_うち未婚,03_25～29歳,233_うち労働者派遣事業所の派遣社員,11_700～799万円,-,-,-,-,-,-,-,-,-,-,-,-,-,-,-
2_女,1_うち未婚,03_25～29歳,233_うち労働者派遣事業所の派遣社員,12_800～899万円,-,-,-,-,-,-,-,-,-,-,-,-,-,-,-
2_女,1_うち未婚,03_25～29歳,233_うち労働者派遣事業所の派遣社員,13_900～999万円,-,-,-,-,-,-,-,-,-,-,-,-,-,-,-
2_女,1_うち未婚,03_25～29歳,233_うち労働者派遣事業所の派遣社員,14_1000～1249万円,-,-,-,-,-,-,-,-,-,-,-,-,-,-,-
2_女,1_うち未婚,03_25～29歳,233_うち労働者派遣事業所の派遣社員,15_1250～1499万円,-,-,-,-,-,-,-,-,-,-,-,-,-,-,-
2_女,1_うち未婚,03_25～29歳,233_うち労働者派遣事業所の派遣社員,16_1500万円以上,-,-,-,-,-,-,-,-,-,-,-,-,-,-,-
2_女,1_うち未婚,03_25～29歳,234_うち契約社員,00_総数,96100,94900,1300,19000,11000,14100,300,5700,1300,37700,4400,3300,200,900,400
2_女,1_うち未婚,03_25～29歳,234_うち契約社員,01_50万円未満,800,600,-,0,100,-,-,0,-,300,-,-,-,-,-
2_女,1_うち未婚,03_25～29歳,234_うち契約社員,02_50～99万円,2100,2100,200,800,500,200,-,-,-,400,-,-,-,-,-
2_女,1_うち未婚,03_25～29歳,234_うち契約社員,03_100～149万円,7000,7000,-,1600,1100,900,200,100,200,2400,400,400,-,-,-
2_女,1_うち未婚,03_25～29歳,234_うち契約社員,04_150～199万円,18900,18900,200,4200,1800,3000,-,1500,100,7600,400,400,-,-,-
2_女,1_うち未婚,03_25～29歳,234_うち契約社員,05_200～249万円,30400,30300,200,7600,2900,3800,100,2800,400,10500,1800,1700,200,-,-
2_女,1_うち未婚,03_25～29歳,234_うち契約社員,06_250～299万円,17500,17200,-,2300,3400,3800,-,1000,-,6600,-,-,-,-,400
2_女,1_うち未婚,03_25～29歳,234_うち契約社員,07_300～399万円,12000,11800,600,1800,1100,2300,-,300,500,3500,1600,700,100,900,-
2_女,1_うち未婚,03_25～29歳,234_うち契約社員,08_400～499万円,5000,5000,-,200,-,100,-,-,-,4800,-,-,-,-,-
2_女,1_うち未婚,03_25～29歳,234_うち契約社員,09_500～599万円,1000,1000,-,200,-,-,-,-,-,700,100,100,-,-,-
2_女,1_うち未婚,03_25～29歳,234_うち契約社員,10_600～699万円,600,600,-,-,-,-,-,-,-,600,-,-,-,-,-
2_女,1_うち未婚,03_25～29歳,234_うち契約社員,11_700～799万円,-,-,-,-,-,-,-,-,-,-,-,-,-,-,-
2_女,1_うち未婚,03_25～29歳,234_うち契約社員,12_800～899万円,-,-,-,-,-,-,-,-,-,-,-,-,-,-,-
2_女,1_うち未婚,03_25～29歳,234_うち契約社員,13_900～999万円,200,-,-,-,-,-,-,-,-,-,-,-,-,-,-
2_女,1_うち未婚,03_25～29歳,234_うち契約社員,14_1000～1249万円,-,-,-,-,-,-,-,-,-,-,-,-,-,-,-
2_女,1_うち未婚,03_25～29歳,234_うち契約社員,15_1250～1499万円,-,-,-,-,-,-,-,-,-,-,-,-,-,-,-
2_女,1_うち未婚,03_25～29歳,234_うち契約社員,16_1500万円以上,-,-,-,-,-,-,-,-,-,-,-,-,-,-,-
2_女,1_うち未婚,04_30～34歳,0_総数,00_総数,1063700,1052700,22900,235600,53300,138700,5200,98500,5900,431300,54400,46500,4400,3500,6500
2_女,1_うち未婚,04_30～34歳,0_総数,01_50万円未満,22600,21500,2100,10700,1000,1800,-,1200,200,3200,600,600,-,-,800
2_女,1_うち未婚,04_30～34歳,0_総数,02_50～99万円,41000,37900,4600,12900,2200,3800,500,5000,600,7200,600,400,200,-,2400
2_女,1_うち未婚,04_30～34歳,0_総数,03_100～149万円,75100,74000,4000,29300,4200,11500,200,4700,-,17900,1000,1000,-,0,200
2_女,1_うち未婚,04_30～34歳,0_総数,04_150～199万円,100400,99700,3700,36800,7800,15900,100,9700,100,24200,1000,1000,-,-,-
2_女,1_うち未婚,04_30～34歳,0_総数,05_200～249万円,183700,182800,3700,52700,13300,27500,1000,20300,1200,58000,3600,1600,700,1200,700
2_女,1_うち未婚,04_30～34歳,0_総数,06_250～299万円,142200,140500,1500,30200,8000,20600,700,18200,1400,56400,3100,3000,100,-,800
2_女,1_うち未婚,04_30～34歳,0_総数,07_300～399万円,238000,237300,1200,39800,14300,31200,1100,28200,700,107900,12500,10700,1600,300,200
2_女,1_うち未婚,04_30～34歳,0_総数,08_400～499万円,130700,130600,200,9600,1100,17800,1300,8000,1100,81900,8900,6900,800,1100,0
2_女,1_うち未婚,04_30～34歳,0_総数,09_500～599万円,64800,64600,-,6800,600,5100,300,1100,100,42400,8100,6700,700,700,100
2_女,1_うち未婚,04_30～34歳,0_総数,10_600～699万円,18700,18700,100,100,-,1600,-,100,600,10100,6100,5800,300,-,-
2_女,1_うち未婚,04_30～34歳,0_総数,11_700～799万円,13500,13500,-,200,-,600,-,-,-,9300,3300,3200,-,100,-
2_女,1_うち未婚,04_30～34歳,0_総数,12_800～899万円,7500,7500,-,-,100,-,-,-,-,4100,3300,3300,-,-,-
2_女,1_うち未婚,04_30～34歳,0_総数,13_900～999万円,3400,3400,-,800,-,-,-,-,-,1600,1000,1000,-,-,-
2_女,1_うち未婚,04_30～34歳,0_総数,14_1000～1249万円,2200,1400,-,-,0,100,-,-,-,700,500,500,-,-,800
2_女,1_うち未婚,04_30～34歳,0_総数,15_1250～1499万円,800,800,-,800,-,-,-,-,-,-,-,-,-,-,-
2_女,1_うち未婚,04_30～34歳,0_総数,16_1500万円以上,1000,1000,-,500,-,-,-,-,-,500,-,-,-,-,-
2_女,1_うち未婚,04_30～34歳,1_うち自営業主,00_総数,34600,33800,1300,11500,1400,5300,200,1600,-,10600,1400,700,700,-,300
2_女,1_うち未婚,04_30～34歳,1_うち自営業主,01_50万円未満,7600,7300,1000,3900,300,600,-,-,-,1500,-,-,-,-,100
2_女,1_うち未婚,04_30～34歳,1_うち自営業主,02_50～99万円,5100,5100,100,1300,700,1300,-,400,-,1300,-,-,-,-,-
2_女,1_うち未婚,04_30～34歳,1_うち自営業主,03_100～149万円,2300,1900,-,700,-,400,-,-,-,600,-,-,-,-,200
2_女,1_うち未婚,04_30～34歳,1_うち自営業主,04_150～199万円,3700,3700,0,1500,100,800,-,0,-,800,400,400,-,-,-
2_女,1_うち未婚,04_30～34歳,1_うち自営業主,05_200～249万円,3200,3200,-,1600,-,0,-,-,-,1300,300,300,-,-,-
2_女,1_うち未婚,04_30～34歳,1_うち自営業主,06_250～299万円,3300,3300,100,400,300,800,-,-,-,1800,-,-,-,-,-
2_女,1_うち未婚,04_30～34歳,1_うち自営業主,07_300～399万円,3300,3300,-,300,0,1100,200,1100,-,600,-,-,-,-,-
2_女,1_うち未婚,04_30～34歳,1_うち自営業主,08_400～499万円,2400,2400,200,400,-,-,-,-,-,1300,400,-,400,-,-
2_女,1_うち未婚,04_30～34歳,1_うち自営業主,09_500～599万円,900,900,-,-,100,100,-,-,-,600,-,-,-,-,-
2_女,1_うち未婚,04_30～34歳,1_うち自営業主,10_600～699万円,400,400,-,-,-,100,-,-,-,-,300,-,300,-,-
2_女,1_うち未婚,04_30～34歳,1_うち自営業主,11_700～799万円,300,300,-,200,-,-,-,-,-,100,-,-,-,-,-
2_女,1_うち未婚,04_30～34歳,1_うち自営業主,12_800～899万円,700,700,-,-,-,-,-,-,-,700,-,-,-,-,-
2_女,1_うち未婚,04_30～34歳,1_うち自営業主,13_900～999万円,-,-,-,-,-,-,-,-,-,-,-,-,-,-,-
2_女,1_うち未婚,04_30～34歳,1_うち自営業主,14_1000～1249万円,0,0,-,-,-,0,-,-,-,-,-,-,-,-,-
2_女,1_うち未婚,04_30～34歳,1_うち自営業主,15_1250～1499万円,800,800,-,800,-,-,-,-,-,-,-,-,-,-,-
2_女,1_うち未婚,04_30～34歳,1_うち自営業主,16_1500万円以上,200,200,-,200,-,-,-,-,-,-,-,-,-,-,-
2_女,1_うち未婚,04_30～34歳,11_うち起業者（うち自営業主）,00_総数,21900,21500,200,6100,1200,3300,-,1600,-,7700,800,300,400,-,100
2_女,1_うち未婚,04_30～34歳,11_うち起業者（うち自営業主）,01_50万円未満,1700,1600,100,900,100,200,-,-,-,400,-,-,-,-,100
2_女,1_うち未婚,04_30～34歳,11_うち起業者（うち自営業主）,02_50～99万円,3700,3700,-,900,700,1000,-,400,-,600,-,-,-,-,-
2_女,1_うち未婚,04_30～34歳,11_うち起業者（うち自営業主）,03_100～149万円,1700,1500,-,600,-,400,-,-,-,400,-,-,-,-,-
2_女,1_うち未婚,04_30～34歳,11_うち起業者（うち自営業主）,04_150～199万円,1900,1900,-,1100,100,-,-,0,-,600,100,100,-,-,-
2_女,1_うち未婚,04_30～34歳,11_うち起業者（うち自営業主）,05_200～249万円,2900,2900,-,1300,-,0,-,-,-,1200,300,300,-,-,-
2_女,1_うち未婚,04_30～34歳,11_うち起業者（うち自営業主）,06_250～299万円,2300,2300,-,400,300,200,-,-,-,1400,-,-,-,-,-
2_女,1_うち未婚,04_30～34歳,11_うち起業者（うち自営業主）,07_300～399万円,3100,3100,-,300,0,1100,-,1100,-,600,-,-,-,-,-
2_女,1_うち未婚,04_30～34歳,11_うち起業者（うち自営業主）,08_400～499万円,2400,2300,200,400,-,-,-,-,-,1300,400,-,400,-,-
2_女,1_うち未婚,04_30～34歳,11_うち起業者（うち自営業主）,09_500～599万円,800,800,-,-,100,100,-,-,-,600,-,-,-,-,-
2_女,1_うち未婚,04_30～34歳,11_うち起業者（うち自営業主）,10_600～699万円,100,100,-,-,-,100,-,-,-,-,-,-,-,-,-
2_女,1_うち未婚,04_30～34歳,11_うち起業者（うち自営業主）,11_700～799万円,200,200,-,100,-,-,-,-,-,100,-,-,-,-,-
2_女,1_うち未婚,04_30～34歳,11_うち起業者（うち自営業主）,12_800～899万円,700,700,-,-,-,-,-,-,-,700,-,-,-,-,-
2_女,1_うち未婚,04_30～34歳,11_うち起業者（うち自営業主）,13_900～999万円,-,-,-,-,-,-,-,-,-,-,-,-,-,-,-
2_女,1_うち未婚,04_30～34歳,11_うち起業者（うち自営業主）,14_1000～1249万円,0,0,-,-,-,0,-,-,-,-,-,-,-,-,-
2_女,1_うち未婚,04_30～34歳,11_うち起業者（うち自営業主）,15_1250～1499万円,-,-,-,-,-,-,-,-,-,-,-,-,-,-,-
2_女,1_うち未婚,04_30～34歳,11_うち起業者（うち自営業主）,16_1500万円以上,200,200,-,200,-,-,-,-,-,-,-,-,-,-,-
2_女,1_うち未婚,04_30～34歳,2_うち雇用者,00_総数,1025000,1014900,20900,223800,51600,133100,5100,96600,5900,418800,52900,45800,3700,3500,6100
2_女,1_うち未婚,04_30～34歳,2_うち雇用者,01_50万円未満,15000,14200,1200,6800,700,1200,-,1200,200,1700,600,600,-,-,700
2_女,1_うち未婚,04_30～34歳,2_うち雇用者,02_50～99万円,35700,32800,4600,11700,1600,2500,500,4600,600,5900,600,400,200,-,2300
2_女,1_うち未婚,04_30～34歳,2_うち雇用者,03_100～149万円,72800,72100,4000,28600,4200,11100,200,4700,-,17300,1000,1000,-,0,-
2_女,1_うち未婚,04_30～34歳,2_うち雇用者,04_150～199万円,96600,95900,3700,35200,7700,15100,100,9600,100,23400,600,600,-,-,-
2_女,1_うち未婚,04_30～34歳,2_うち雇用者,05_200～249万円,180500,179600,3700,51100,13300,27400,1000,20300,1200,56800,3300,1400,700,1200,700
2_女,1_うち未婚,04_30～34歳,2_うち雇用者,06_250～299万円,138900,137200,1400,29800,7800,19900,700,18200,1400,54600,3100,3000,100,-,800
2_女,1_うち未婚,04_30～34歳,2_うち雇用者,07_300～399万円,234700,234000,1200,39500,14200,30100,900,27100,700,107300,12500,10700,1600,300,200
2_女,1_うち未婚,04_30～34歳,2_うち雇用者,08_400～499万円,128200,128200,-,9200,1100,17800,1300,8000,1100,80500,8400,6900,400,1100,0
2_女,1_うち未婚,04_30～34歳,2_うち雇用者,09_500～599万円,64000,63800,-,6800,500,5000,300,1100,100,41800,8100,6700,700,700,100
2_女,1_うち未婚,04_30～34歳,2_うち雇用者,10_600～699万円,18400,18400,100,100,-,1500,-,100,600,10100,5800,5800,-,-,-
2_女,1_うち未婚,04_30～34歳,2_うち雇用者,11_700～799万円,13200,13200,-,-,-,600,-,-,-,9200,3300,3200,-,100,-
2_女,1_うち未婚,04_30～34歳,2_うち雇用者,12_800～899万円,6800,6800,-,-,100,-,-,-,-,3500,3300,3300,-,-,-
2_女,1_うち未婚,04_30～34歳,2_うち雇用者,13_900～999万円,3400,3400,-,800,-,-,-,-,-,1600,1000,1000,-,-,-
2_女,1_うち未婚,04_30～34歳,2_うち雇用者,14_1000～1249万円,2200,1300,-,-,0,100,-,-,-,700,500,500,-,-,800
2_女,1_うち未婚,04_30～34歳,2_うち雇用者,15_1250～1499万円,-,-,-,-,-,-,-,-,-,-,-,-,-,-,-
2_女,1_うち未婚,04_30～34歳,2_うち雇用者,16_1500万円以上,900,900,-,300,-,-,-,-,-,500,-,-,-,-,-
2_女,1_うち未婚,04_30～34歳,21_うち起業者（うち雇用者）,00_総数,800,800,-,500,100,100,-,-,-,-,100,100,-,-,-
2_女,1_うち未婚,04_30～34歳,21_うち起業者（うち雇用者）,01_50万円未満,100,100,-,100,-,-,-,-,-,-,-,-,-,-,-
2_女,1_うち未婚,04_30～34歳,21_うち起業者（うち雇用者）,02_50～99万円,-,-,-,-,-,-,-,-,-,-,-,-,-,-,-
2_女,1_うち未婚,04_30～34歳,21_うち起業者（うち雇用者）,03_100～149万円,-,-,-,-,-,-,-,-,-,-,-,-,-,-,-
2_女,1_うち未婚,04_30～34歳,21_うち起業者（うち雇用者）,04_150～199万円,100,100,-,100,-,-,-,-,-,-,-,-,-,-,-
2_女,1_うち未婚,04_30～34歳,21_うち起業者（うち雇用者）,05_200～249万円,-,-,-,-,-,-,-,-,-,-,-,-,-,-,-
2_女,1_うち未婚,04_30～34歳,21_うち起業者（うち雇用者）,06_250～299万円,100,100,-,-,-,-,-,-,-,-,100,100,-,-,-
2_女,1_うち未婚,04_30～34歳,21_うち起業者（うち雇用者）,07_300～399万円,-,-,-,-,-,-,-,-,-,-,-,-,-,-,-
2_女,1_うち未婚,04_30～34歳,21_うち起業者（うち雇用者）,08_400～499万円,-,-,-,-,-,-,-,-,-,-,-,-,-,-,-
2_女,1_うち未婚,04_30～34歳,21_うち起業者（うち雇用者）,09_500～599万円,-,-,-,-,-,-,-,-,-,-,-,-,-,-,-
2_女,1_うち未婚,04_30～34歳,21_うち起業者（うち雇用者）,10_600～699万円,-,-,-,-,-,-,-,-,-,-,-,-,-,-,-
2_女,1_うち未婚,04_30～34歳,21_うち起業者（うち雇用者）,11_700～799万円,-,-,-,-,-,-,-,-,-,-,-,-,-,-,-
2_女,1_うち未婚,04_30～34歳,21_うち起業者（うち雇用者）,12_800～899万円,100,100,-,-,100,-,-,-,-,-,-,-,-,-,-
2_女,1_うち未婚,04_30～34歳,21_うち起業者（うち雇用者）,13_900～999万円,-,-,-,-,-,-,-,-,-,-,-,-,-,-,-
2_女,1_うち未婚,04_30～34歳,21_うち起業者（うち雇用者）,14_1000～1249万円,100,100,-,-,-,100,-,-,-,-,-,-,-,-,-
2_女,1_うち未婚,04_30～34歳,21_うち起業者（うち雇用者）,15_1250～1499万円,-,-,-,-,-,-,-,-,-,-,-,-,-,-,-
2_女,1_うち未婚,04_30～34歳,21_うち起業者（うち雇用者）,16_1500万円以上,300,300,-,300,-,-,-,-,-,-,-,-,-,-,-
2_女,1_うち未婚,04_30～34歳,22_うち正規の職員・従業員,00_総数,697100,694400,5400,118700,29100,90900,3600,64200,4200,331700,43900,38400,3500,2000,1200
2_女,1_うち未婚,04_30～34歳,22_うち正規の職員・従業員,01_50万円未満,1400,1400,100,300,-,-,-,100,-,400,500,500,-,-,-
2_女,1_うち未婚,04_30～34歳,22_うち正規の職員・従業員,02_50～99万円,1700,1700,100,300,200,200,-,700,-,200,-,-,-,-,-
2_女,1_うち未婚,04_30～34歳,22_うち正規の職員・従業員,03_100～149万円,11400,11400,700,4400,700,1300,-,1100,-,3100,0,-,-,0,-
2_女,1_うち未婚,04_30～34歳,22_うち正規の職員・従業員,04_150～199万円,34000,33800,800,13600,3000,4600,-,2700,-,8800,300,300,-,-,-
2_女,1_うち未婚,04_30～34歳,22_うち正規の職員・従業員,05_200～249万円,102000,101900,1200,26000,6600,16700,700,12600,1000,34400,1500,700,700,-,100
2_女,1_うち未婚,04_30～34歳,22_うち正規の職員・従業員,06_250～299万円,102000,101400,1100,19900,4700,17900,300,12300,800,42200,1700,1600,100,-,-
2_女,1_うち未婚,04_30～34歳,22_うち正規の職員・従業員,07_300～399万円,211500,210800,1100,36000,12000,26800,900,24700,700,98200,10100,8400,1600,200,200
2_女,1_うち未婚,04_30～34歳,22_うち正規の職員・従業員,08_400～499万円,121400,121400,-,9100,1100,15800,1300,7700,1100,76200,8400,6900,400,1100,0
2_女,1_うち未婚,04_30～34歳,22_うち正規の職員・従業員,09_500～599万円,62800,62800,-,6800,500,5000,300,1100,100,41000,7900,6700,700,500,-
2_女,1_うち未婚,04_30～34歳,22_うち正規の職員・従業員,10_600～699万円,17800,17800,100,100,-,1200,-,100,600,9900,5800,5800,-,-,-
2_女,1_うち未婚,04_30～34歳,22_うち正規の職員・従業員,11_700～799万円,12300,12300,-,-,-,600,-,-,-,8400,3300,3200,-,100,-
2_女,1_うち未婚,04_30～34歳,22_うち正規の職員・従業員,12_800～899万円,6700,6700,-,-,-,-,-,-,-,3500,3300,3300,-,-,-
2_女,1_うち未婚,04_30～34歳,22_うち正規の職員・従業員,13_900～999万円,3200,3200,-,600,-,-,-,-,-,1600,1000,1000,-,-,-
2_女,1_うち未婚,04_30～34歳,22_うち正規の職員・従業員,14_1000～1249万円,1500,600,-,-,0,-,-,-,-,600,-,-,-,-,800
2_女,1_うち未婚,04_30～34歳,22_うち正規の職員・従業員,15_1250～1499万円,-,-,-,-,-,-,-,-,-,-,-,-,-,-,-
2_女,1_うち未婚,04_30～34歳,22_うち正規の職員・従業員,16_1500万円以上,500,500,-,-,-,-,-,-,-,500,-,-,-,-,-
2_女,1_うち未婚,04_30～34歳,23_うち非正規の職員・従業員,00_総数,319900,312400,15500,103900,21900,41100,1400,31400,1700,84800,7400,5900,200,1300,4900
2_女,1_うち未婚,04_30～34歳,23_うち非正規の職員・従業員,01_50万円未満,13100,12400,1100,6300,700,1200,-,800,200,1200,200,200,-,-,700
2_女,1_うち未婚,04_30～34歳,23_うち非正規の職員・従業員,02_50～99万円,33700,30800,4500,11400,1400,2200,500,3800,600,5500,600,400,200,-,2300
2_女,1_うち未婚,04_30～34歳,23_うち非正規の職員・従業員,03_100～149万円,61000,60300,3300,24200,3500,9400,200,3500,-,14100,1000,1000,-,-,-
2_女,1_うち未婚,04_30～34歳,23_うち非正規の職員・従業員,04_150～199万円,62300,61800,2900,21600,4700,10500,100,6900,100,14600,300,300,-,-,-
2_女,1_うち未婚,04_30～34歳,23_うち非正規の職員・従業員,05_200～249万円,77700,77000,2500,25100,6700,10700,200,7400,200,21900,1900,600,-,1200,600
2_女,1_うち未婚,04_30～34歳,23_うち非正規の職員・従業員,06_250～299万円,34800,33800,300,9100,3000,1900,400,5900,600,12000,400,400,-,-,800
2_女,1_うち未婚,04_30～34歳,23_うち非正規の職員・従業員,07_300～399万円,21300,21300,100,3500,1800,2600,-,2100,-,8700,2400,2300,-,100,-
2_女,1_うち未婚,04_30～34歳,23_うち非正規の職員・従業員,08_400～499万円,6200,6200,-,100,-,2100,-,300,-,3700,-,-,-,-,-
2_女,1_うち未婚,04_30～34歳,23_うち非正規の職員・従業員,09_500～599万円,900,800,-,-,-,-,-,-,-,800,-,-,-,-,100
2_女,1_うち未婚,04_30～34歳,23_うち非正規の職員・従業員,10_600～699万円,500,500,-,-,-,200,-,-,-,300,-,-,-,-,-
2_女,1_うち未婚,04_30～34歳,23_うち非正規の職員・従業員,11_700～799万円,800,800,-,-,-,-,-,-,-,800,-,-,-,-,-
2_女,1_うち未婚,04_30～34歳,23_うち非正規の職員・従業員,12_800～899万円,-,-,-,-,-,-,-,-,-,-,-,-,-,-,-
2_女,1_うち未婚,04_30～34歳,23_うち非正規の職員・従業員,13_900～999万円,200,200,-,200,-,-,-,-,-,-,-,-,-,-,-
2_女,1_うち未婚,04_30～34歳,23_うち非正規の職員・従業員,14_1000～1249万円,100,100,-,-,-,-,-,-,-,100,-,-,-,-,-
2_女,1_うち未婚,04_30～34歳,23_うち非正規の職員・従業員,15_1250～1499万円,-,-,-,-,-,-,-,-,-,-,-,-,-,-,-
2_女,1_うち未婚,04_30～34歳,23_うち非正規の職員・従業員,16_1500万円以上,-,-,-,-,-,-,-,-,-,-,-,-,-,-,-
2_女,1_うち未婚,04_30～34歳,231_うちパート,00_総数,97600,97400,8000,39300,9100,11100,1000,7700,600,18100,1000,1000,-,-,100
2_女,1_うち未婚,04_30～34歳,231_うちパート,01_50万円未満,3200,3200,500,1400,200,400,-,100,-,400,200,200,-,-,-
2_女,1_うち未婚,04_30～34歳,231_うちパート,02_50～99万円,16600,16500,2000,7300,700,1300,400,1700,500,1800,300,300,-,-,100
2_女,1_うち未婚,04_30～34歳,231_うちパート,03_100～149万円,29800,29700,2100,13700,2800,3700,200,900,-,5600,100,100,-,-,-
2_女,1_うち未婚,04_30～34歳,231_うちパート,04_150～199万円,24500,24500,1700,7900,2500,3200,100,3800,100,4900,300,300,-,-,-
2_女,1_うち未婚,04_30～34歳,231_うちパート,05_200～249万円,14500,14500,1400,5200,2700,2100,-,1100,-,1900,100,100,-,-,-
2_女,1_うち未婚,04_30～34歳,231_うちパート,06_250～299万円,4200,4200,100,1500,200,-,300,200,-,2000,-,-,-,-,-
2_女,1_うち未婚,04_30～34歳,231_うちパート,07_300～399万円,1600,1600,-,200,-,300,-,100,-,1000,-,-,-,-,-
2_女,1_うち未婚,04_30～34歳,231_うちパート,08_400～499万円,100,100,-,100,-,-,-,-,-,-,-,-,-,-,-
2_女,1_うち未婚,04_30～34歳,231_うちパート,09_500～599万円,-,-,-,-,-,-,-,-,-,-,-,-,-,-,-
2_女,1_うち未婚,04_30～34歳,231_うちパート,10_600～699万円,-,-,-,-,-,-,-,-,-,-,-,-,-,-,-
2_女,1_うち未婚,04_30～34歳,231_うちパート,11_700～799万円,-,-,-,-,-,-,-,-,-,-,-,-,-,-,-
2_女,1_うち未婚,04_30～34歳,231_うちパート,12_800～899万円,-,-,-,-,-,-,-,-,-,-,-,-,-,-,-
2_女,1_うち未婚,04_30～34歳,231_うちパート,13_900～999万円,200,200,-,200,-,-,-,-,-,-,-,-,-,-,-
2_女,1_うち未婚,04_30～34歳,231_うちパート,14_1000～1249万円,100,100,-,-,-,-,-,-,-,100,-,-,-,-,-
2_女,1_うち未婚,04_30～34歳,231_うちパート,15_1250～1499万円,-,-,-,-,-,-,-,-,-,-,-,-,-,-,-
2_女,1_うち未婚,04_30～34歳,231_うちパート,16_1500万円以上,-,-,-,-,-,-,-,-,-,-,-,-,-,-,-
2_女,1_うち未婚,04_30～34歳,232_うちアルバイト,00_総数,66300,61000,4300,21100,4300,10000,100,6900,600,13300,200,-,200,-,4600
2_女,1_うち未婚,04_30～34歳,232_うちアルバイト,01_50万円未満,4800,4100,500,1700,400,500,-,500,-,500,-,-,-,-,700
2_女,1_うち未婚,04_30～34歳,232_うちアルバイト,02_50～99万円,14200,11500,2400,3000,700,900,100,900,-,3300,200,-,200,-,2100
2_女,1_うち未婚,04_30～34歳,232_うちアルバイト,03_100～149万円,16700,16700,900,5200,400,3800,-,1800,-,4400,-,-,-,-,-
2_女,1_うち未婚,04_30～34歳,232_うちアルバイト,04_150～199万円,11800,11800,400,4700,400,3300,-,600,-,2500,-,-,-,-,-
2_女,1_うち未婚,04_30～34歳,232_うちアルバイト,05_200～249万円,12400,11800,-,4900,1900,1200,-,2000,-,1800,-,-,-,-,600
2_女,1_うち未婚,04_30～34歳,232_うちアルバイト,06_250～299万円,5500,4600,100,1600,400,-,-,1100,600,800,-,-,-,-,800
2_女,1_うち未婚,04_30～34歳,232_うちアルバイト,07_300～399万円,400,400,-,-,100,200,-,-,-,-,-,-,-,-,-
2_女,1_うち未婚,04_30～34歳,232_うちアルバイト,08_400～499万円,-,-,-,-,-,-,-,-,-,-,-,-,-,-,-
2_女,1_うち未婚,04_30～34歳,232_うちアルバイト,09_500～599万円,-,-,-,-,-,-,-,-,-,-,-,-,-,-,-
2_女,1_うち未婚,04_30～34歳,232_うちアルバイト,10_600～699万円,-,-,-,-,-,-,-,-,-,-,-,-,-,-,-
2_女,1_うち未婚,04_30～34歳,232_うちアルバイト,11_700～799万円,-,-,-,-,-,-,-,-,-,-,-,-,-,-,-
2_女,1_うち未婚,04_30～34歳,232_うちアルバイト,12_800～899万円,-,-,-,-,-,-,-,-,-,-,-,-,-,-,-
2_女,1_うち未婚,04_30～34歳,232_うちアルバイト,13_900～999万円,-,-,-,-,-,-,-,-,-,-,-,-,-,-,-
2_女,1_うち未婚,04_30～34歳,232_うちアルバイト,14_1000～1249万円,-,-,-,-,-,-,-,-,-,-,-,-,-,-,-
2_女,1_うち未婚,04_30～34歳,232_うちアルバイト,15_1250～1499万円,-,-,-,-,-,-,-,-,-,-,-,-,-,-,-
2_女,1_うち未婚,04_30～34歳,232_うちアルバイト,16_1500万円以上,-,-,-,-,-,-,-,-,-,-,-,-,-,-,-
2_女,1_うち未婚,04_30～34歳,233_うち労働者派遣事業所の派遣社員,00_総数,56400,56100,1400,17400,3300,8000,-,5900,200,17700,1800,1800,-,-,-
2_女,1_うち未婚,04_30～34歳,233_うち労働者派遣事業所の派遣社員,01_50万円未満,1400,1400,-,800,100,-,-,-,-,100,-,-,-,-,-
2_女,1_うち未婚,04_30～34歳,233_うち労働者派遣事業所の派遣社員,02_50～99万円,1100,1100,-,300,-,-,-,600,-,100,-,-,-,-,-
2_女,1_うち未婚,04_30～34歳,233_うち労働者派遣事業所の派遣社員,03_100～149万円,3900,3900,400,1400,-,700,-,200,-,1100,-,-,-,-,-
2_女,1_うち未婚,04_30～34歳,233_うち労働者派遣事業所の派遣社員,04_150～199万円,9600,9400,700,2900,300,2000,-,1400,-,2000,-,-,-,-,-
2_女,1_うち未婚,04_30～34歳,233_うち労働者派遣事業所の派遣社員,05_200～249万円,21900,21900,300,7100,500,3400,-,1400,200,8700,400,400,-,-,-
2_女,1_うち未婚,04_30～34歳,233_うち労働者派遣事業所の派遣社員,06_250～299万円,8500,8500,-,2800,1400,1000,-,1300,-,1700,300,300,-,-,-
2_女,1_うち未婚,04_30～34歳,233_うち労働者派遣事業所の派遣社員,07_300～399万円,6700,6700,100,1900,1000,400,-,500,-,2400,500,500,-,-,-
2_女,1_うち未婚,04_30～34歳,233_うち労働者派遣事業所の派遣社員,08_400～499万円,900,900,-,-,-,400,-,-,-,500,-,-,-,-,-
2_女,1_うち未婚,04_30～34歳,233_うち労働者派遣事業所の派遣社員,09_500～599万円,200,200,-,-,-,-,-,-,-,200,-,-,-,-,-
2_女,1_うち未婚,04_30～34歳,233_うち労働者派遣事業所の派遣社員,10_600～699万円,-,-,-,-,-,-,-,-,-,-,-,-,-,-,-
2_女,1_うち未婚,04_30～34歳,233_うち労働者派遣事業所の派遣社員,11_700～799万円,-,-,-,-,-,-,-,-,-,-,-,-,-,-,-
2_女,1_うち未婚,04_30～34歳,233_うち労働者派遣事業所の派遣社員,12_800～899万円,-,-,-,-,-,-,-,-,-,-,-,-,-,-,-
2_女,1_うち未婚,04_30～34歳,233_うち労働者派遣事業所の派遣社員,13_900～999万円,-,-,-,-,-,-,-,-,-,-,-,-,-,-,-
2_女,1_うち未婚,04_30～34歳,233_うち労働者派遣事業所の派遣社員,14_1000～1249万円,-,-,-,-,-,-,-,-,-,-,-,-,-,-,-
2_女,1_うち未婚,04_30～34歳,233_うち労働者派遣事業所の派遣社員,15_1250～1499万円,-,-,-,-,-,-,-,-,-,-,-,-,-,-,-
2_女,1_うち未婚,04_30～34歳,233_うち労働者派遣事業所の派遣社員,16_1500万円以上,-,-,-,-,-,-,-,-,-,-,-,-,-,-,-
2_女,1_うち未婚,04_30～34歳,234_うち契約社員,00_総数,74900,73500,800,19100,4600,9900,300,8000,300,27500,2100,900,-,1200,100
2_女,1_うち未婚,04_30～34歳,234_うち契約社員,01_50万円未満,700,700,-,400,-,100,-,-,200,0,-,-,-,-,-
2_女,1_うち未婚,04_30～34歳,234_うち契約社員,02_50～99万円,500,500,100,100,-,-,-,-,-,200,100,100,-,-,-
2_女,1_うち未婚,04_30～34歳,234_うち契約社員,03_100～149万円,8500,7900,-,3400,200,1200,0,600,-,2100,300,300,-,-,-
2_女,1_うち未婚,04_30～34歳,234_うち契約社員,04_150～199万円,13500,13200,0,5400,1500,1400,0,700,-,3900,-,-,-,-,-
2_女,1_うち未婚,04_30～34歳,234_うち契約社員,05_200～249万円,23100,22900,200,5800,1100,4000,200,1900,100,8100,1200,100,-,1100,-
2_女,1_うち未婚,04_30～34歳,234_うち契約社員,06_250～299万円,13800,13600,100,2600,1100,700,-,3200,-,5700,100,100,-,-,-
2_女,1_うち未婚,04_30～34歳,234_うち契約社員,07_300～399万円,9000,9000,-,1300,700,900,-,1300,-,4500,400,300,-,100,-
2_女,1_うち未婚,04_30～34歳,234_うち契約社員,08_400～499万円,3400,3400,-,-,-,1700,-,100,-,1600,-,-,-,-,-
2_女,1_うち未婚,04_30～34歳,234_うち契約社員,09_500～599万円,700,600,-,-,-,-,-,-,-,600,-,-,-,-,100
2_女,1_うち未婚,04_30～34歳,234_うち契約社員,10_600～699万円,-,-,-,-,-,-,-,-,-,-,-,-,-,-,-
2_女,1_うち未婚,04_30～34歳,234_うち契約社員,11_700～799万円,800,800,-,-,-,-,-,-,-,800,-,-,-,-,-
2_女,1_うち未婚,04_30～34歳,234_うち契約社員,12_800～899万円,-,-,-,-,-,-,-,-,-,-,-,-,-,-,-
2_女,1_うち未婚,04_30～34歳,234_うち契約社員,13_900～999万円,-,-,-,-,-,-,-,-,-,-,-,-,-,-,-
2_女,1_うち未婚,04_30～34歳,234_うち契約社員,14_1000～1249万円,-,-,-,-,-,-,-,-,-,-,-,-,-,-,-
2_女,1_うち未婚,04_30～34歳,234_うち契約社員,15_1250～1499万円,-,-,-,-,-,-,-,-,-,-,-,-,-,-,-
2_女,1_うち未婚,04_30～34歳,234_うち契約社員,16_1500万円以上,-,-,-,-,-,-,-,-,-,-,-,-,-,-,-
