channel	group	n	id	upload_date	duration	views	title
lovebynumbers	伸びた	1	fZrqG13mzFs	20260907	1448	351000	【2人に1人】恋愛経験ゼロの20~30代男が増加した本当の理由｜データ分析・統計学
lovebynumbers	伸びた	2	iUiZkONN4MU	20260910	929	27000	なぜ「普通の人」ほどマッチングアプリで損をするのか｜データ分析・恋愛心理学
lovebynumbers	伸びた	3	cqut62ptSJ8	20260912	1025	68000	スマホが普及して恋愛経験ゼロ男が急増した理由｜データ分析・統計学
lovebynumbers	伸びた	4	0iLOVrmlhfc	20260914	1181	152000	20代の女性が東京に集まってしまう本当の理由｜データ分析・統計学
lovebynumbers	伸びた	5	Y9PeclmSEIg	20260917	1545	238000	「普通の男」を求める婚活女性が結婚できない理由｜統計学・データ分析
lovebynumbers	伸びた	6	7JLPx1w_aZU	20260919	1077	45000	「優しい男」より「余裕のある男」の方がモテる理由｜恋愛心理学・データ分析
lovebynumbers	伸びた	7	0JSTa-SQlaY	20260924	1113	15000	ヤンキーがいつの時代もモテる本当の理由｜統計学・恋愛心理学
lovebynumbers	伸びた	8	WbWa0XKZTMA	20260926	1180	92000	「普通の女性」が婚活市場に存在しない理由｜統計学・恋愛心理学・データ分析
lovebynumbers	伸びた	9	zRqLi1kPbqg	20260929	1146	24000	なぜ男女の友情は成立しないのか｜恋愛心理学・データ分析
lovebynumbers	伸びた	10	9cwLSH0nf4s	20261001	1537	37000	「彼氏のいる女」と「彼女のいる男」の人数が一致しない本当の理由｜統計学・データ分析
kangaesugiruashi	伸びた	1	rDyzTemBTC4		767	NA	【科学】ブサイクでも足が速い小学生はなぜ“モテ”た？
kangaesugiruashi	伸びた	2	A4AmUe-MMPU		653	NA	好きな子と、実は兄妹である確率は？【データストーリーテリング】
kangaesugiruashi	伸びた	3	MeeP1p6iqt4		942	NA	"14万人を騙した実験が暴いた─""バズ""の不都合な真実"
kangaesugiruashi	伸びた	4	0_oKDXTjkX0	20260315	836	100000	サイコパスはなぜモテる？─100人に1人だけが持つ、“壊れた脳”の圧倒的な優位性
kangaesugiruashi	伸びた	5	tG-BPJ6TBQg	20260317	651	84000	なぜ深夜にスマホを閉じられないのか？【データストーリーテリング】
kangaesugiruashi	伸びた	6	a7PRBSyQULI	20260318	654	13000	なぜ音楽を聴くと鳥肌が立つのか？【データストーリーテリング】
kangaesugiruashi	伸びた	7	KbhlSz3iBbk	20260319	600	54000	なぜヤンキーは全員同じ見た目なのか？【進化生物学】
kangaesugiruashi	伸びた	8	wmrwEe-rdWQ	20260320	780	45000	なぜ選択肢が多いほど不幸になるのか？【データストーリーテリング】
kangaesugiruashi	伸びた	9	Qb-mXt3C_bY	20260321	761	94000	なぜ人類は常に「幸せ」を感じるように進化しなかったのか？【生物進化学】
kangaesugiruashi	伸びた	10	JluybLERc_s	20260322	1039	42000	なぜ復讐は甘い味がするのか？脳が仕込んだ「矛盾」の正体
kangaesugiruashi	伸びた	11	FThWT3FMCFM	20260323	961	115000	なぜ頭がいい人ほど嘘が上手いのか？【生物進化学】
kangaesugiruashi	伸びた	12	yAhmcL-zYMw	20260324	778	18000	なぜ他人が恥をかくと自分まで苦しいのか？【共感性羞恥の科学】
kangaesugiruashi	伸びた	13	hjJyXAx9DCM	20260325	920	104000	なぜチー牛は全員同じ見た目なのか？【進化心理学】
kangaesugiruashi	伸びた	14	GsZsEy1d90o	20260326	852	37000	なぜあなたの脳は、アンチコメントを書きたがるのか【進化心理学】
kangaesugiruashi	伸びた	15	Umfdq7Ku9NA	20260327	1119	185000	なぜ希薄な友人関係が、人を不幸にするのか【進化心理学】
kangaesugiruashi	伸びた	16	IGnziS65Idk	20260328	899	72000	なぜ人類は他人の成功に苦痛を感じるように進化したのか【進化心理学】
kangaesugiruashi	伸びた	17	PCTUAu3MX2E	20260329	1068	43000	なぜ「乗り物酔い」が、胃の中身を吐き出す奇妙な現象を引き起こすのか？【進化生物学】
kangaesugiruashi	伸びた	18	YU2IasEBKVg	20260329	809	48000	なぜ人類は「過去の記憶」を美化するのか【ノスタルジアの正体】
kangaesugiruashi	伸びた	19	HN_ZNE332c8	20260330	896	51000	なぜいじめっ子ほど出世するのか？【進化心理学】
kangaesugiruashi	伸びた	20	LBjTKi-xeU4	20260331	875	57000	なぜ科学的に否定された占いは「当たる」のか【進化心理学】
kangaesugiruashi	伸びた	21	Y58BrL1aR48		1366	291000	なぜ“正義の味方”より“悪役”の方が魅力的なのか【進化心理学】
kangaesugiruashi	伸びた	22	3PWz24fVAaI		1067	38000	なぜ4月生まれは人生において有利なのか【統計学】
kangaesugiruashi	伸びた	23	nUMPHQQHq-E		1239	494000	なぜ港区女子はみんな同じ見た目なのか【進化心理学×行動経済学】
kangaesugiruashi	伸びた	24	2hPS0cpLunM		1064	506000	なぜネット恋愛は「モテる人」も不幸にするのか【統計学×進化心理学】
kangaesugiruashi	伸びた	25	guVipcrrWYI		927	88000	なぜ男は体の浮気を、女は心の浮気を嫌うのか？【進化心理学】
kangaesugiruashi	伸びた	26	WgSVwMf1kWI		709	16000	なぜ同じ音が日本人だけ違って聞こえるのか【脳科学】
kangaesugiruashi	伸びた	27	fAdOCRDVwTI		1346	55000	なぜ人類は全員が「同じもの」を怖がるように進化しなかったのか？【進化心理学】
kangaesugiruashi	伸びた	28	0IbUBIEK0h8		1015	63000	なぜ「勉強しろ」と言われると逆にやりたくなくなるのか？【進化心理学×脳科学】
kangaesugiruashi	伸びた	29	Q8oLJyOGIWo		976	56000	なぜ嫌いな人ほど、あとから強く惹かれるのか【社会心理学】
kangaesugiruashi	伸びた	30	4JjnhgD_iOk		868	119000	なぜ「子を産まない男」の方がデカいのか【進化生物学】
kangaesugiruashi	伸びた	31	YApCSi3BFbI		1074	225000	なぜ人は、孤独より“似た地獄”を選ぶのか【脳科学×愛着理論】
kangaesugiruashi	伸びた	32	GzKtPxIiFLE		1074	208000	なぜ「女は上書き保存、男は名前をつけて保存」するのか？【進化心理学×脳科学】
kangaesugiruashi	伸びた	33	xXzBiNgZijU		1092	36000	なぜサイコパスは欠伸がうつらないのか【脳科学】
kangaesugiruashi	伸びた	34	Ffm8pgRKgMU		571	17000	なぜ「何もできない」ことが、生物最強の武器だったのか【進化生物学】
kangaesugiruashi	伸びた	35	GlhT-q-PV-Y		866	121000	なぜ同じ遺伝子が、性格をここまで分岐させるのか【行動遺伝学】
kangaesugiruashi	伸びた	36	sf7E0ityTTg		1797	45000	なぜ大阪のおばちゃんは、1円を値切るのにタダで飴をくれるのか【行動経済学 ×社会心理学】
kangaesugiruashi	伸びた	37	pwEz4geoLnA		1125	61000	なぜ人は、売れた“推し”に冷めるのか【社会心理学】
kangaesugiruashi	伸びた	38	9rz6XR0z9FY		1236	226000	なぜ夜職の一晩には、会社員の年収以上の価値がつくのか【行動経済学×社会心理学】
kangaesugiruashi	伸びた	39	xXjB3nxRqhI		1106	57000	なぜ人は金持ちを性格が悪いと勝手に決めつけるのか【進化心理学】
kangaesugiruashi	伸びた	40	4S0BlH9jt9A		1171	157000	なぜ「好き」は、些細な行動ひとつで冷めるのか【脳科学×心理学】
kangaesugiruashi	伸びた	41	CkKy4DPDn3E		891	NA	なぜYouTuberはAIに駆逐されるのか？【認知科学】
kangaesugiruashi	伸びた	42	cwp_JBHnlsY		1248	142000	なぜ現代人は「何者でもない自分」に耐えられないのか【進化心理学×比較文化学】
kangaesugiruashi	伸びた	43	TFNUrcHq3Ew		1432	227000	20の文献が暴いた、婚活市場の不都合な事実【進化心理学×行動経済学】
kangaesugiruashi	伸びた	44	FT8w3vMRd7Q		994	186000	なぜモテたい男ほど“オス性”を捨て、中性化の道を選んだのか【進化心理学×シグナル理論】
kangaesugiruashi	伸びた	45	xXQnSQbR4LQ		1398	88000	親の離婚は、子どもの“当たり前”をどう変えるのか【家族心理学×疫学】
kangaesugiruashi	伸びた	46	6r0TDzptfOc		1072	46000	なぜ人はGW明けに、会社を辞めたくなるのか【進化心理学×神経科学】
kangaesugiruashi	伸びた	47	6K6x1C2J2mg		1290	173000	なぜ「地方イオン派」VS「都会独身派」論争は終結しないのか【進化心理学×脳科学】
kangaesugiruashi	伸びた	48	vUhZCw3aTKk		1104	39000	なぜ脳は、恋人の「過去」にまで嫉妬してしまうのか【進化生物学×脳科学】
kangaesugiruashi	伸びた	49	dUKq-ImX3rM		928	30000	なぜ“うまい言葉”は、脳にこびりつくのか【認知科学×言語心理学】
kangaesugiruashi	伸びた	50	2gWoYo-6K50		1184	88000	なぜ絵画を美で裁きながら、人を美で裁くことを禁忌としたのか【美学×道徳心理学】
kangaesugiruashi	伸びた	51	ckjBx-ngYkQ		1329	379000	なぜ“悪人ゼロ”の世界は、内側から滅びるのか【進化ゲーム理論×免疫学】
kangaesugiruashi	伸びた	52	EW5TIPkdAqg		1195	52000	なぜ人類は、血の証明より“家族という物語”を信じたのか【進化心理学×ゲーム理論】
kangaesugiruashi	伸びた	53	c778DdCcgTo		1194	81000	なぜ正義は価値観であり、世代は越えられないのか【道徳心理学×脳科学】
kangaesugiruashi	伸びた	54	6TsT4Luhsws		1563	165000	18の文献が暴いた、努力と才能の不都合な事実【行動遺伝学×経済学】
kangaesugiruashi	伸びた	55	nMemVzEa47Q		1167	82000	男女の友情は、なぜ「成立する」のに永遠に疑われ続けるのか【言語哲学 × 進化心理学】
kangaesugiruashi	伸びた	56	WnhrE2YG9-U		1226	83000	なぜ人類は生き延びるために進化したのに、大義のために死ねるのか【進化生物学 × 文化人類学】
kangaesugiruashi	伸びた	57	e9kN3HAlG7I		1162	27000	なぜ英雄はいつも遅れて登場するのか？【脳科学×社会心理学】
kangaesugiruashi	伸びた	58	jJ-u4tfMBA0		1138	145000	"なぜ""ドパガキ""は、自分が「中毒患者」だと気づけないのか【脳科学×行動デザイン学】"
kangaesugiruashi	伸びた	59	T5ftIiX1ehw		1123	92000	なぜ低身長男子は、何万世代経っても淘汰されないのか【進化生物学×性選択】
kangaesugiruashi	伸びた	60	r8gdnL5DEZ8		1186	64000	"なぜ脳はバーチャルの""推し""とリアルな恋を区別できないのか【神経科学×進化人類学】"
kangaesugiruashi	伸びた	61	saOYjXdd_lY		1325	114000	"なぜ""学歴が消えた世界”は、さらに残酷な選別を始めるのか【生態学×進化心理学】"
kangaesugiruashi	伸びた	62	uvq4IHA35J8		1192	63000	なぜバカにされても2,400年間「情報商材」は滅びないのか？【情報経済学×宗教社会学】
kangaesugiruashi	伸びた	63	PFdUa6xWRnY		1227	63000	なぜ“メロい”は、流行った瞬間から死語になるのか【社会言語学×感染症学】
kangaesugiruashi	伸びた	64	Ztcan00vAN8		992	55000	なぜ続編は必ず駄作になるのか【行動経済学×脳科学】
kangaesugiruashi	伸びた	65	bmDBQwo_pV4		1037	51000	なぜ女児はお人形を、男児はミニカーを選ぶのか【ニッチ構築論】
kangaesugiruashi	伸びた	66	eVXTZrCj5qA		1472	34000	なぜ人類は「666」を恐れ、「999」を好くのか【神経科学】
kangaesugiruashi	伸びた	67	qYMEucR0j80		1118	52000	なぜ人類は恵みの雨を　「うざい」と感じるように進化したのか【生態人類学】
kangaesugiruashi	伸びた	68	rwdUONHT4HU		1216	70000	なぜ冷笑する人ほど、賢そうに見えて損をするのか【社会心理学】
kangaesugiruashi	伸びた	69	yfmHbtoP0sw		1379	419000	なぜ東京に出た若者は、子を残せず消えるのか【生態学×人口学】
kangaesugiruashi	伸びた	70	E3KEdSw5Fq8		1181	69000	"なぜ""自力で成功した人""など、一人もいないのか【菌類生態学×経済学】"
kangaesugiruashi	伸びた	71	uvGqLNEgFdM		1197	55000	"なぜW杯と五輪では、""強い国""が入れ替わるのか【スポーツ経済学】"
kangaesugiruashi	伸びた	72	O4Ca6FXprH8		1194	55000	なぜ人類は“蟻”と化したAIに喰われたのか【進化生物学×経済学】
kangaesugiruashi	伸びた	73	uecAE3bCR4Y		1213	46000	なぜ「隠居」は現代日本から消えたのか【進化生物学】
kangaesugiruashi	伸びた	74	_s08viR2R7M		1076	53000	なぜSNSは、デスノートより残酷なのか【法社会学×メディア論】
kangaesugiruashi	伸びた	75	gsWohSj3Acg		960	58000	なぜ未だに、コンビニより美容室の方が多いのか【経済地理学×生理学】
kangaesugiruashi	伸びた	76	z0MwP9FRJjk		1299	64000	なぜ現代人は、“働きアリ”になりきれないのか【超個体論】
kangaesugiruashi	伸びた	77	MgC9VAWbJuE		1121	32000	なぜ武器は「最強の形」に収束しなかったのか【進化生物学×技術史】
kangaesugiruashi	伸びた	78	gGn7t8hyn_E		1097	115000	なぜ人は奪われるほど、満たされてしまうのか【社会心理学】
kangaesugiruashi	伸びた	79	55PFDeeWueM		1328	203000	"なぜ国家は""違法""を見て見ぬふりするのか【統治論×公衆衛生】"
kangaesugiruashi	伸びた	80	m-8a1M3rcv0		1286	50000	なぜ儲からない会社ほど、なかなか潰れないのか【進化生物学】
kangaesugiruashi	伸びた	81	rI9mUEB76gs		1148	33000	「英雄色を好む」は果たして本当なのか？【社会心理学×進化生物学】
kangaesugiruashi	伸びた	82	BaFdZmNIKdA		1287	56000	なぜ人は、歳を取るほど丸くなるのか【自己家畜化】
kangaesugiruashi	伸びた	83	ZhRXsEiuBns		1158	301000	なぜ面白い人は、イケメンでなくてもモテるのか【進化心理学】
kangaesugiruashi	伸びた	84	uJQ5bS-PX3U		1432	36000	なぜ自然淘汰は、パンダを消せなかったのか【進化生物学×メディア論】
kangaesugiruashi	伸びた	85	d0g06xeZOYs		1229	22000	神不在の聖地を巡る人々は愚かなのか？【進化心理学×宗教社会学】
kangaesugiruashi	伸びた	86	IUCM_nWWm1s		1168	24000	「頭がデカい奴ほど賢い」は本当なのか？【進化生物学×脳科学】
kangaesugiruashi	伸びた	87	qp4oFj4C8jo		1365	107000	なぜ港区女子はモテるのに結婚できないのか【進化心理学×情報経済学】
kangaesugiruashi	伸びた	88	18TFMl33w8I		1346	42000	なぜ都会の孤独は“故郷のしがらみ”よりも甘美なのか【環境心理学×進化生物学】
kangaesugiruashi	伸びた	89	MaMWTHW532k		1187	71000	なぜ現代人は異世界転生に心惹かれるのか【進化心理学】
kangaesugiruashi	伸びた	90	syE-bnCbBvE		1435	88000	なぜ識字率が上がると国が滅びるのか【政治学×脳科学】
kangaesugiruashi	伸びた	91	7UwCMUsgQws		1372	30000	【教養】なぜ「うんこ」だけは汚いのに愛されるのか｜文化人類学×発達心理学
kangaesugiruashi	伸びた	92	JhH7RQ2nlio		1270	33000	なぜ「忙しい人」ほど、無能に見えてしまうのか【情報経済学】
kangaesugiruashi	伸びた	93	bt0-Bdngjko		1381	37000	翻訳AIは、語学を不要にするのか？【言語学×認知科学】
kangaesugiruashi	伸びた	94	MZS3WhG1iKw		1361	23000	なぜ人はラブレターを書くのか？【社会心理学×記号論】
kangaesugiruashi	伸びた	95	GWTYPkjjwJU		1242	228000	なぜセンスは「才能」ではないのか【認知心理学】
kangaesugiruashi	伸びた	96	pjj6INSUcfQ		1522	55000	なぜ人類は「不安商品」に大金を払い続けるのか【進化心理学×行動経済学】
kangaesugiruashi	伸びた	97	LEzJKwC8e6Q		1345	230000	なぜ「子を残さない思想」は滅びないのか【進化生物学】
kangaesugiruashi	伸びた	98	zbPMYJzyyJE		1268	113000	なぜ東京にヤンキーはいないのか？【行動生態学】
kangaesugiruashi	伸びた	99	9LNeBkw3RXo		1304	114000	なぜ人類は「老い」を克服してはいけないのか【進化生物学】
kangaesugiruashi	伸びた	100	JiH_998Jg0g		1498	51000	なぜ人類は「飼い慣らされた自然」しか愛せないのか【景観心理学】
kangaesugiruashi	伸びた	101	6qUif5KtQLw		1347	49000	なぜ人は「サイコパス」に憧れるのか【臨床心理学】
kangaesugiruashi	伸びた	102	DEh1NkMkVtc		1364	80000	なぜ「いいね」の価値は暴落したのか【恋愛市場のハイパーインフレ】
kangaesugiruashi	伸びた	103	73PfuJI2I3k		1363	93000	なぜモテない男は、「女のせい」にするのか【魔女裁判史×社会心理学】
kangaesugiruashi	伸びた	104	uCt2JDxyII8		1329	106000	なぜ人類は「役に立たない動物」を愛するのか【進化心理学】
kangaesugiruashi	伸びた	105	RRYRFjIPpTA		1332	182000	なぜ「愛されること」が苦痛になる人がいるのか【愛着理論×比較生理学】
kangaesugiruashi	伸びた	106	8m_KObEOGgA		1615	50000	なぜ誰しも「本当の敵」を見誤るのか【生態学×労働経済学】
kangaesugiruashi	伸びた	107	b-1ikaXMKbA		1305	189000	なぜ世界中の怪物は「同じ見た目」なのか【認知科学×比較神話学】
kangaesugiruashi	伸びた	108	trfxwXY2gqw		1454	62000	なぜ不倫で「炎上する人／しない人」がいるのか？【一貫性の罠】
kangaesugiruashi	伸びた	109	cx6sLlAIXyI		1243	185000	なぜ結婚相手は「一人」でなければならないのか【進化人類学】
kangaesugiruashi	伸びた	110	emdZYeTJrEc		1138	62000	なぜ人は「好きなもの」を最後まで残すのか【消費心理学】
kangaesugiruashi	伸びた	111	h89MHXbpCiM		1091	67000	なぜ人は「スカッとする話」を求めてしまうのか【感情心理学】
kangaesugiruashi	伸びた	112	QyvHTHI8L0U		1339	155000	なぜ「命に不要な性欲」が、人を破滅させるのか【生理学】
kangaesugiruashi	伸びた	113	N-9Wm8mnbPE		1327	62000	人類はいつから「赤の他人」に命を預けるようになったのか【社会心理学】
kangaesugiruashi	伸びた	114	RV4oeBQCJsw		1264	49000	サウナ愛好家は「マゾヒスト」なのか？【ゲーム哲学×行動心理学】
kangaesugiruashi	伸びた	115	0_Ib3vhtGj8		1309	64000	なぜ「神童」は大人になると消えるのか【教育経済学×社会心理学】
kangaesugiruashi	伸びた	116	GtACODHJ6M4		1200	42000	なぜ月は「スマホで撮る」と小さくなるのか？【知覚心理学】
kangaesugiruashi	伸びた	117	mP-xSI-GgVI		1056	39000	なぜ好きな人に「ちょっかい」を出すのか【霊長類学】
kangaesugiruashi	伸びた	118	Gokx4jhP9_A		1341	46000	タピオカブームと新興宗教の「構造的共通点」｜宗教社会学
kangaesugiruashi	伸びた	119	x3JGHqYnQuc		1330	39000	なぜ人類は「忘れる」必要があったのか｜記憶科学
kangaesugiruashi	伸びた	120	Kf7teK5iHY8		1382	35000	なぜ差別をなくすほど「社会は分断」されるのか【社会心理学】
DataStickFigure	伸びた	1	yfgm7Eug0OM	20241013	353	191000	なぜ友達にはより多くの友達がいるのか？【データストーリーテリング】
DataStickFigure	伸びた	2	_hke0nDbA5E	20241026	448	572000	誕生月がどこまで人生を左右するか【データストーリーテリング】
DataStickFigure	伸びた	3	ijiDff7-Fxw	20241104	426	167000	なぜ人はギャンブルに魅了されるのか【データストーリーテリング】
DataStickFigure	伸びた	4	Dseh3Jd1bsA	20241114	495	93000	人類のIQは本当に上がり続けているのか？【データストーリーテリング】
DataStickFigure	伸びた	5	TaeQVt8Yz4M	20241208	571	133000	人が死亡する原因をデータで読み解く【データストーリーテリング】
DataStickFigure	伸びた	6	hyy-ZCUBuxU	20241226	389	234000	なぜ歳とともに1年を短く感じるのか【データストーリーテリング】
DataStickFigure	伸びた	7	DxtvqhcLVrM	20250204	461	913000	ネット恋愛の実態を暴いた5つの衝撃的なグラフ【データストーリーテリング】
DataStickFigure	伸びた	8	on_6hSEiw0s	20250307	925	82000	ウクライナ戦争の死傷者数を可視化する【データストーリーテリング】
DataStickFigure	伸びた	9	JkTpgKinRsQ	20250414	500	1300000	人は何人の先祖から遺伝子を受け継ぐのか【データストーリーテリング】
DataStickFigure	伸びた	10	iYgmsPSQEmM	20250503	468	100000	なぜ男性の自殺率は女性よりも高いのか【データストーリーテリング】
DataStickFigure	伸びた	11	FONgOJ4glJ8	20250524	652	341000	人生における様々なピークをデータで読み解く【データストーリーテリング】
DataStickFigure	伸びた	12	ybTeMlQmGjc	20250715	754	318000	資産格差の実態を暴いた5つの衝撃的なグラフ【データストーリーテリング】
DataStickFigure	伸びた	13	DPizaSyf9ZQ	20250811	532	65000	なぜ戦争が終わると男の子が多く生まれるのか？【データストーリーテリング】
DataStickFigure	伸びた	14	BkpRZNeuK98	20250830	491	164000	なぜスマホは時間を奪い続けるのか？ 【データストーリーテリング】
DataStickFigure	伸びた	15	_YPOdXEkj_k	20251001	593	105000	1杯のビールはどれほど体に悪いのか？【データストーリーテリング】
DataStickFigure	伸びた	16	G8oaFveM80c	20251109	594	571000	なぜ男性はマッチングアプリで不利だと言われるのか？【ネット恋愛シミュレーション】
DataStickFigure	伸びた	17	fbvB-2Q0lRg	20251228	661	515000	人の名前の流行は何に左右されるのか？ 【データストーリーテリング】
DataStickFigure	伸びた	18	Nzv8FU1LQEI	20260104	697	160000	バイリンガルの脳は優れているのか？【データストーリーテリング】
DataStickFigure	伸びた	19	xBKQBT6S7II	20260107	258	192000	世界の人口を100人にしてみた【人口データシミュレーション】
DataStickFigure	伸びた	20	ec26DzgBKIU	20260516	458	59000	視聴者は普段どんなチャンネルを見ているのか？
DataStickFigure	伸びた	21	Oi7ZE0ZwZRQ		736	19000	誰にも本当のカロリーを計算できない理由【データストーリーテリング】
DataStickFigure	伸びた	22	2HJs2RZYOag		754	67000	現代人の集中力は本当に低下しているのか？【データストーリーテリング】
DataStickFigure	伸びた	23	3vma_ytEHcY		568	194000	なぜ社会は朝型を称賛するのか？【データストーリーテリング】
DataStickFigure	伸びた	24	wegmLo65RLg		599	535000	なぜ超富裕層は避けられないのか？【資産格差のシミュレーション】
DataStickFigure	伸びた	25	wDnHhX9uaXQ		782	65000	AI社会の実態を暴いた7つの衝撃的なグラフ【データストーリーテリング】
SHAKAI_KENKYU	伸びた	1	VE_d8J0Ykoc	20260903	684	480000	もしバブル崩壊しなかったら、2026年の日本はどうなっていたのかシミュレーションしてみた
SHAKAI_KENKYU	伸びた	2	tx0YsBaT0vw	20260910	981	33000	もし日本が共産主義になったら、どうなっていたのかシミュレーションしてみた
SHAKAI_KENKYU	伸びた	3	9iSZHBEmRGk	20260917	721	3500	【奢り奢られ論争】男性が女性に奢らなくなった日本が恐ろしすぎた｜シミュレーション
まめポ	伸びた	1	QjsDRuvUAdA	20231014	1089	29000	1981年～1990年代前半の家庭用ゲーム機ハードの戦い【ずんだもん＆ゆっくり解説】
まめポ	伸びた	2	M0WPlrB6V5w	20231016	971	35000	強すぎた戦国日本！世界最強だったスペイン王国が日本を侵略出来なかった理由とは？【ずんだもん＆ゆっくり解説】
まめポ	伸びた	3	wftAwFwBW5w	20231021	986	784000	中国に攻められた時、日本はどうなる？アメリカが「日本とは戦うな」と言った理由とは？【ずんだもん＆ゆっくり解説】
まめポ	伸びた	4	4JZ0k7vIebE	20231024	1043	41000	SEGA撤退までの1994年～2001年に起きた次世代ゲーム機ハードの闘い【ずんだもん＆ゆっくり解説】
まめポ	伸びた	5	zHZ0ys3icJ8	20231030	1033	40000	日本をあっさり切り捨てたフィリピンが韓国と中国に鉄道事業を鞍替えした結果…【ずんだもん＆ゆっくり解説】
まめポ	伸びた	6	LMX_GWZl64M	20231031	1111	83000	アメリカ軍が恐れた伝説の航空自衛隊員【ずんだもん＆ゆっくり解説】
まめポ	伸びた	7	6YefK-VmV7A	20231102	969	97000	EV戦略がトヨタに阻まれ完全終了！日本を潰そうとした中国欧州EVが手の平返し！【ずんだもん＆ゆっくり解説】
まめポ	伸びた	8	BWcovHwsaxI	20231109	1025	81000	織田信長をブチギレさせた比叡山僧侶の末路…【ずんだもん＆ゆっくり解説】
まめポ	伸びた	9	edNO_oktnQ0	20231125	1019	242000	自衛隊の真の実力に米軍が驚愕！中国とロシアが恐れる日本の自衛隊真の姿とは？【ずんだもん＆ゆっくり解説】
まめポ	伸びた	10	dOiot7XCsuU	20231206	1066	16000	【実話】日本兵2万人が戦死した硫黄島の戦い…だだ1人の生還者【ずんだもん＆ゆっくり解説】
まめポ	伸びた	11	qSJFJugn-OY	20231207	1068	92000	中国が台湾に侵攻したら日本はどうなる？台湾有事シミュレーション【ずんだもん＆ゆっくり解説】
まめポ	伸びた	12	py6Dwhg5dOk	20231209	1024	298000	日本と中国、あまりの鉄道技術の差にベトナム人大狂乱【ずんだもん＆ゆっくり解説】
まめポ	伸びた	13	Yo7ONUzcQZg	20231210	2116	134000	【総集編】40代以上だけが知っている楽しかったあの頃…。家庭用ゲーム機戦争【ずんだもん＆ゆっくり解説】
まめポ	伸びた	14	tj3hZ3Hf38k		999	NA	クマ被害から人命を守るハンターの実態【ずんだもん＆ゆっくり解説】
まめポ	伸びた	15	y_mQs6f00WY	20231220	1069	69000	日本進出した中国の大手EVメーカーBYDが日本では売れず早々に撤退【ずんだもん＆ゆっくり解説】
まめポ	伸びた	16	BF8cM5Gp7w4	20231221	1092	69000	EV先進国で異常事態！ノルウェーの23年10月新車売上でトヨタが1位に【ずんだもん＆ゆっくり解説】
まめポ	伸びた	17	8rY8G9ysMT4		1094	NA	戦国のDQN四天王「島津忠恒」の外道伝説【ずんだもん＆ゆっくり解説】
まめポ	伸びた	18	7FKwThJ_Lvc	20231228	1070	22000	領海侵入した北の国の不審船が実践経験のない海保へ攻撃した結果…【ずんだもん＆ゆっくり解説】
まめポ	伸びた	19	BWrHnzwQ5gE	20240103	1138	7400	米海兵隊を震わせた最強の日本軍！沖縄・シュガーローフの戦い【ずんだもん＆ゆっくり解説】
まめポ	伸びた	20	EffnqJ-ae8Y	20240107	1014	88000	日本製鉄にしか出来ない見事なカウンターで大量の工場閉鎖、巨額賠償に中国崩壊【ずんだもん＆ゆっくり解説】
まめポ	伸びた	21	2VWQdQiodQ0		1235	14000	日本はなぜ超大国アメリカに挑んだのか？大日本帝国の歴史【ずんだもん＆ゆっくり解説】
まめポ	伸びた	22	axUd9pp33gU		1075	NA	260年間続いた江戸幕府の歴史。徳川最強時代が終わった理由【ずんだもん＆ゆっくり解説】
まめポ	伸びた	23	uxHQsrayp-A		1047	NA	なぜ日本は海外にお金をバラまきを続けるのか？【ずんだもん＆ゆっくり解説】
まめポ	伸びた	24	SBEcViIS3Q8		1056	242000	中国はなぜ日本へ攻め込まないのか？【ずんだもん＆ゆっくり解説】
まめポ	伸びた	25	wP2RLXBTuhM		976	NA	日本人がニジェール砂漠に大量のゴミを捨てた結果…【ずんだもん＆ゆっくり解説】
まめポ	伸びた	26	PVOQGQJXH8w		1090	65000	北朝鮮の独裁体制が崩壊しない理由【ずんだもん＆ゆっくり解説】
まめポ	伸びた	27	xGn1ZP20LI0		2067	40000	【総集編】これが日本の実力！？対中国戦闘シュミレーション【ずんだもん＆ゆっくり解説】
まめポ	伸びた	28	lwMDYE4UmXM		1007	NA	人間が消えた後、地球はどうなる？【ずんだもん＆ゆっくり解説】
まめポ	伸びた	29	3JpUd2N73Vo		1113	123000	北朝鮮の学校教育が速攻逃げ出すレベルでヤバすぎた【ずんだもん＆ゆっくり解説】
まめポ	伸びた	30	vmbpJnHW7hw		1100	48000	高速鉄道を中国に頼んだカリフォルニアと日本に頼んだテキサスの差がヤバい【ずんだもん＆ゆっくり解説】
まめポ	伸びた	31	LNHmJazCCBA		960	17000	日本製のハードロックナットを中国企業が真似した結果、高速鉄道が崩壊【ずんだもん＆ゆっくり解説】
まめポ	伸びた	32	6t9HJUwiDPA		1014	61000	日本の建築技術を真似した韓国の末路【ずんだもん＆ゆっくり解説】
まめポ	伸びた	33	ivpvSl11F04		1106	54000	中国「日本人にできるなら我々にもできるだろｗ」日本の無人販売店を真似した中国の末路【ずんだもん＆ゆっくり解説】
まめポ	伸びた	34	8amCtjjtcvg		1049	41000	トルコ150年の夢を実現した日本の超技術！ボスポラス海峡横断トンネル開通までのトルコ150年の夢【ずんだもん＆ゆっくり解説】
まめポ	伸びた	35	rHGdo2LuraA		1088	231000	ガーナ人「日本は米をくれないとか最悪…」しかし、衝撃の真実を知り…【ずんだもん＆ゆっくり解説】
まめポ	伸びた	36	S2fJKaQJEh8		1027	37000	ウェブトゥーン登場で漫画が業界に勝利宣言するも現実を知り、韓国民大狂乱【ずんだもん＆ゆっくり解説】
まめポ	伸びた	37	6XUM2u69bg8		1196	37000	アフリカの水不足問題。日本人女性が解決した方法に世界が驚愕【ずんだもん＆ゆっくり解説】
まめポ	伸びた	38	-KzD-RuanPw		999	32000	乗客0の中国高速鉄道...なぜ、中国高速鉄道は開通後も巨額の赤字を生み続けているのか？【ずんだもん＆ゆっくり解説】
まめポ	伸びた	39	6ykts6oNknE		1018	54000	韓国「ユニバ建築が決定しました」CMまで流し大々的に発表するも本国はなせがブチギレ…【ずんだもん＆ゆっくり解説】
まめポ	伸びた	40	WP3pxFEVAxk		1246	97000	米軍が死者を出したほどの訓練を自衛隊は余裕でこなす…これが自衛隊の実力【ずんだもん＆ゆっくり解説】
まめポ	伸びた	41	jJVBC9SgnEU		1013	68000	北朝鮮ミサイルはなぜ日本に落ちないのか？彼らが打ち続ける理由…【ずんだもん＆ゆっくり解説】
まめポ	伸びた	42	SS2vi1D5d4c		1133	26000	中国の国家プロジェクト、一帯一路は失敗に終わったのか？【ずんだもん＆ゆっくり解説】
まめポ	伸びた	43	1wJ6R0AVX6o		4007	68000	【総集編】日本を真似した韓国の末路【ずんだもん＆ゆっくり解説】
まめポ	伸びた	44	lhW5i9kFems		1166	29000	なぜ中国の人工島は災害と呼ばれるのか？南沙諸島を巡る争い！【ずんだもん＆ゆっくり解説】
まめポ	伸びた	45	sOBduvcU6us		1193	15000	BYD中国で崩壊間近！中国でも売れない悲惨な現状…世界から見放されていく『BYD』が悲惨すぎる…【ずんだもん＆ゆっくり解説】
まめポ	伸びた	46	w_VFxpu5d44		1270	7200	スクエニ、388億円の大損失の理由【ずんだもん＆ゆっくり解説】
まめポ	伸びた	47	nIvwdcpHQQw		1043	NA	なぜ消えた…誰もが知っていたゲームメーカー『ハドソン』没落の歴史【ずんだもん＆ゆっくり解説】
まめポ	伸びた	48	MOODeqOGhF0		1179	66000	韓国から日本人観光客が消え、中国人で埋め尽くされ韓国人が大激怒→「日本人が来ないせいだ！」【ずんだもん＆ゆっくり解説】
まめポ	伸びた	49	3JfH_nbABOc		1440	146000	ゲーム業界トップを決める壮絶な死闘。約40年を一気に振り返る、家庭用ゲーム機の歴史【ずんだもん＆ゆっくり解説】
まめポ	伸びた	50	UTbQFaeRLQY		3191	173000	【総集編】北朝鮮のヤバすぎる実態（ずんだもん×ゆっくり解説）
まめポ	伸びた	51	q_lL9xk_bbc		1157	NA	中国の激安アパレルブランドの安い理由に隠された闇が深過ぎた【ずんだもん＆ゆっくり解説】
まめポ	伸びた	52	UD3a4zTSt2A		1098	NA	ロケット打ち上げに成功し、日本の技術を超えたと思っていた韓国の末路【ずんだもん＆ゆっくり解説】
まめポ	伸びた	53	M7sHhucZK3Y		1151	10000	中国と日本、あまりの支援の差に現地民が激怒！しかし、衝撃の真実を知り…【ずんだもん＆ゆっくり解説】
まめポ	伸びた	54	x6ommxeJLHg		1049	NA	マリーナベイサンズを韓国に任せた結果、崩壊寸前でシンガポール民大狂乱【ずんだもん＆ゆっくり解説】
まめポ	伸びた	55	hAQVIIHV3_A		1031	397000	パリ五輪と東京五輪のあまりの差に出場選手が大発狂【ずんだもん＆ゆっくり解説】
まめポ	伸びた	56	b1n60kh5XUI		1036	81000	【パリ五輪】フランス人選手だけエアコンを使っていた事実が判明した結果【ずんだもん＆ゆっくり解説】
まめポ	伸びた	57	Lk9am9ywV4M		1114	NA	日本を見下す中国人留学生が現実を知った結果【ずんだもん＆ゆっくり解説】
まめポ	伸びた	58	qP8AcN4Pn-0		1045	74000	もしもロシアが北方領土を返還したら？【ずんだもん＆ゆっくり解説】
まめポ	伸びた	59	9RnTvL2M19U		1052	NA	日本とベネズエラの治安の差がヤバすぎた【ずんだもん＆ゆっくり解説】
まめポ	伸びた	60	UB2TBCQik88		1132	35000	退職代行サービスを使った人達の末路【ずんだもん＆ゆっくり解説】
まめポ	伸びた	61	SBbDH3lhO2o		1093	1000000	人が次々と辞めていくヤバい組織の実態【ずんだもん＆ゆっくり解説】
まめポ	伸びた	62	oawW7OU3qns		973	437000	ドライバーになるとどうなるのか？【ずんだもん＆ゆっくり解説】
まめポ	伸びた	63	csAzjEOiwTQ		1100	103000	もし中国の経済が崩壊したら世界に何が起きるのか？【ずんだもん＆ゆっくり解説】
まめポ	伸びた	64	8PSpms91Nxo		1034	77000	10年で利益が激減したパチンコ業界の理由がヤバい【ずんだもん＆ゆっくり解説】
まめポ	伸びた	65	QPnH0wSDAPI		1029	62000	韓国で200年に1度の豪雨!!日本にインフラ支援を拒否された韓国の末路...【ずんだもん＆ゆっくり解説】
まめポ	伸びた	66	WoK-PqvHG4I		5439	165000	【総集編】日本と中国の差がヤバい【ずんだもん＆ゆっくり解説】
まめポ	伸びた	67	nxPmnItovb8		1084	151000	射精介助士の日常とは？【ずんだもん＆ゆっくり解説】
まめポ	伸びた	68	joo3PyJ3MZE		1110	15000	辞めたくてもやめられないコンビニオーナーの悲惨な末路【ずんだもん＆ゆっくり解説】
まめポ	伸びた	69	mJgAg7LBnn0		1053	NA	靖国神社落書き男に日本が制裁！中国国民からも袋叩きにあった結果【ずんだもん＆ゆっくり解説】
まめポ	伸びた	70	DmX3H8tkAWw		1187	NA	SONYを潰しにかかった中国の悲惨な末路【ずんだもん＆ゆっくり解説】
まめポ	伸びた	71	lJ4TT_CrVIk		1039	NA	生活保護不正受給者の末路【ずんだもん＆ゆっくり解説】
まめポ	伸びた	72	KEo7NfwpOOM		1087	NA	地球から消滅する最初の国と研究機関が予測している韓国の実態【ずんだもん＆ゆっくり解説】
まめポ	伸びた	73	JJ6F1J_2pZg		1043	171000	中国人の民度の悪さに世界が絶句。コストコが中国に進出した結果…【ずんだもん＆ゆっくり解説】
まめポ	伸びた	74	GNt8trjxQFU		979	NA	任天堂とポケモンがパルワを訴訟した件についてまとめてみた【ずんだもん＆ゆっくり解説】
まめポ	伸びた	75	4Kzv5i9bEGQ		1147	74000	「プリウスは韓国が起源だ」日本車を丸パクリした韓国車の末路【ずんだもん＆ゆっくり解説】
まめポ	伸びた	76	VmKVc_nBnz8		1036	276000	ブリヂストンが中国から撤退した結果…【ずんだもん＆ゆっくり解説】
まめポ	伸びた	77	uExjv0DVUCc		4038	165000	【総集編】海外「日本は弱い！所詮アジアの小さい島国ｗ」日本の自衛隊を舐めた結果…
まめポ	伸びた	78	8xe-szmo6Kc		1147	NA	【NHK】スマホを持っているだけ受信料！？国民全員から徴収する準備を開始するNHＫの闇【ずんだもん＆ゆっくり解説】
まめポ	伸びた	79	o6dQIgLZOCM		1088	27000	大手スポンサー続々解除でIOC完全終了【ずんだもん＆ゆっくり解説】
まめポ	伸びた	80	JWqne9z6uiQ		1030	NA	SNSで流行っている精子提供ボランティアの怖すぎる闇…【ずんだもん＆ゆっくり解説】
まめポ	伸びた	81	F0tkXzl4RsM		4385	43000	【総集編】人が次々と辞めていくヤバい組織の実態…
まめポ	伸びた	82	vNXv2NXh2rk		1184	NA	中国で未完成マンションが次々出現。住宅ローンだけ支払い続ける人続出で中国悲惨…【ずんだもん＆ゆっくり解説】
まめポ	伸びた	83	hmmMaTIo1_I		1118	NA	【実話】日本最悪の冤罪事件…事件から58年後に無罪確定！検察が捏造認める【ずんだもん＆ゆっくり解説】
まめポ	伸びた	84	K7q8rWffXdA		1087	12000	『客離れが止まりません!!』PayPay大改悪の真相…
まめポ	伸びた	85	qsk1ilZV1fY		1166	83000	利用者の4割が40代～50代 スキマバイトアプリの実態…【ずんだもん＆ゆっくり解説】
まめポ	伸びた	86	JjVeszpaL34		1130	134000	YouTubeに勝っていたニコニコ動画が衰退した理由…【ずんだもん＆ゆっくり解説】
まめポ	伸びた	87	LWMRfnN5jK8		1119	69000	中間管理職の過酷な日常【ずんだもん＆ゆっくり解説】
まめポ	伸びた	88	UMZ_8nTMCiA		1055	56000	若者のキャバクラ離れが深刻化…倒産爆増でキャバクラ業界終焉【ずんだもん＆ゆっくり解説】
まめポ	伸びた	89	SdIziBzdYEo		1005	NA	ほっともっと190店舗大量閉店の真相…【ずんだもん＆ゆっくり解説】
まめポ	伸びた	90	lrfUjYyf8Rk		1255	205000	生涯独身で過ごすことは結婚するよりも幸せなのか？【ずんだもん＆ゆっくり解説】
まめポ	伸びた	91	EXhMgBYdZnc		1081	521000	人材派遣会社の相次ぐ倒産ラッシュ。 人手不足なのになぜ？【ずんだもん＆ゆっくり解説】
まめポ	伸びた	92	pfuWe-AwT1M		1055	331000	働かない若者とZ世代の価値観【ずんだもん＆ゆっくり解説】
まめポ	伸びた	93	vWHpg1-A1cU		962	NA	メルカリ詐欺の実態【ずんだもん＆ゆっくり解説】
まめポ	伸びた	94	FeEuWHpOcQk		1105	70000	ディズニーランド、現在の姿がヤバすぎた【ずんだもん＆ゆっくり解説】
まめポ	伸びた	95	EiRRbQqlwNI		1074	176000	中高年の引きこもり8050問題の実態【ずんだもん＆ゆっくり解説】
まめポ	伸びた	96	1LXZWUBOCbM		1116	764000	伝説のパチプロ集団、梁山泊が消えた理由【ずんだもん＆ゆっくり解説】
まめポ	伸びた	97	kYfSEcQAIHI		1005	99000	高級車のアルファードが街中に溢れている理由【ずんだもん＆ゆっくり解説】
まめポ	伸びた	98	g7z58H_guwY		1163	47000	昭和の学校では当たり前の常識【ずんだもん＆ゆっくり解説】
まめポ	伸びた	99	lVDs0I9ohrU		1101	22000	昭和の頃は当たり前だった働き方【ずんだもん＆ゆっくり解説】
まめポ	伸びた	100	qojLO6m_Nyg		3730	48000	【総集編】おじさん達が熱狂したモノ【ずんだもん＆ゆっくり解説】
まめポ	伸びた	101	Rf-dMSDsDYU		1064	364000	TSUTAYA閉店ラッシュ本当の理由【ずんだもん＆ゆっくり解説】
まめポ	伸びた	102	Y_SFMRKTkww		1132	397000	社会現象になったビックリマンがオワコン化した本当の理由【ずんだもん＆ゆっくり解説】
まめポ	伸びた	103	Fq_4fRBxGH0		1031	NA	風呂キャンセル界隈の実態【ずんだもん＆ゆっくり解説】
まめポ	伸びた	104	fAYQBad3tHM		1095	754000	車中泊する人が増えている理由【ずんだもん＆ゆっくり解説】
まめポ	伸びた	105	VGznoxw_ZJw		1213	1000000	ミニ四駆ブームが終わった本当の理由【ずんだもん＆ゆっくり解説】
まめポ	伸びた	106	Z7m7zgcijgE		1138	144000	発達障害の人が増えている本当の理由【ずんだもん＆ゆっくり解説】
まめポ	伸びた	107	GAo3bThbisI		1026	114000	レンタル彼女サービスの実態【ずんだもん＆ゆっくり解説】
まめポ	伸びた	108	c7hJItV4meg		1105	535000	コミックボンボンが廃刊になった理由【ずんだもん＆ゆっくり解説】
まめポ	伸びた	109	PMFRTwh8Fcs		1048	127000	自動販売機が消えた理由【ずんだもん＆ゆっくり解説】
まめポ	伸びた	110	3pgBrGSnNt0		1025	301000	カードダス自販機が消えた理由【ずんだもん＆ゆっくり解説】
まめポ	伸びた	111	W09F87Ydb_w		1135	212000	ハイパーヨーヨーが消えた本当の理由【ずんだもん＆ゆっくり解説】
まめポ	伸びた	112	hhPKQTvu8XI		1216	356000	婚活市場の厳しすぎる現実【ずんだもん＆ゆっくり解説】
まめポ	伸びた	113	6JFSalXbGWk		4389	10000	【総集編】令和の日本から消えたモノ【ずんだもん＆ゆっくり解説】
まめポ	伸びた	114	mcRxjN2ouOw		954	166000	バーコードバトラー人気がわずか2年で衰退した理由【ずんだもん＆ゆっくり解説】
まめポ	伸びた	115	ryX9Eih72C0		1000	55000	【たまごっち】爆売れしたのに60億円超えの赤字となった理由【ずんだもん＆ゆっくり解説】
まめポ	伸びた	116	a5Adh9DMWk8		1351	249000	30年前の日本と今の日本を比べてたらヤバすぎた【ずんだもん＆ゆっくり解説】
まめポ	伸びた	117	UDCbyfN4vJU		1256	61000	中学校から部活動が消える理由【ずんだもん＆ゆっくり解説】
まめポ	伸びた	118	a34CuB0OtR8		1254	225000	男と女で車中泊をするとどうなるのか？【ずんだもん＆ゆっくり解説】
まめポ	伸びた	119	LbPacb0rRqY		986	93000	1980年代後半に社会現象を巻き起こしたキョンシーブーム覚えてる？【ずんだもん＆ゆっくり解説】
まめポ	伸びた	120	Iayo0dGtJvg		1258	70000	早期退職制度に応募した結果【ずんだもん＆ゆっくり解説】
まめポ	伸びた	121	LfDTTuTTU9Y		1299	315000	ただの良い人で終わる男の特徴【ずんだもん＆ゆっくり解説】
まめポ	伸びた	122	F5g5ved36rM		1146	27000	歌舞伎町タワーの現状とは【ずんだもん＆ゆっくり解説】
まめポ	伸びた	123	QGXQaxat9FY		1511	266000	製造業界の悲惨な現状【ずんだもん＆ゆっくり解説】
まめポ	伸びた	124	gfN1KNlzBkY		1005	28000	ウーバーイーツ配達員の裏側【ずんだもん＆ゆっくり解説】
まめポ	伸びた	125	D3TujLsXzbs		1125	271000	ディスクシステムが衰退した理由【ずんだもん＆ゆっくり解説】
まめポ	伸びた	126	9JZVZh2-2U8		1190	169000	生活保護を受けて生活するととどうなるのか？【ずんだもん＆ゆっくり解説】
まめポ	伸びた	127	xsJhEL4ciAU		1014	55000	ゲーム機市場に参入したシャープ失敗だったのか？【ずんだもん＆ゆっくり解説】
まめポ	伸びた	128	EAQZnQMpSkM		1100	63000	人々が夢を買わなくなった理由…宝くじの歴史【ずんだもん＆ゆっくり解説】
まめポ	伸びた	129	3ACG7n-9eWk		1257	260000	なぜ女性は真面目な男よりもクズ男に惹かれるのか？【ずんだもん＆ゆっくり解説】
まめポ	伸びた	130	3ozxaTYkIuY		1988	58000	遊戯王カード25年間の歴史【ずんだもん＆ゆっくり解説】
まめポ	伸びた	131	cYuQa8S9g6Y		994	34000	2025年2月ソニーがMDの生産終了発表！約32年の歴史に幕を閉じた理由【ずんだもん＆ゆっくり解説】
まめポ	伸びた	132	xtP9WitAzpk		1307	106000	弱かった人類（ホモサピエンス）だけが生き残った理由【ずんだもん＆ゆっくり解説】
まめポ	伸びた	133	qKVHirBsAUA		1249	220000	ゲームセンターからアーケードゲームが消えた理由【ずんだもん＆ゆっくり解説】
まめポ	伸びた	134	tF1IRFHdMLQ		1013	15000	日本の半導体はなぜ没落したのか？【ずんだもん＆ゆっくり解説】
まめポ	伸びた	135	75HeJce2B5Y		1025	55000	"世界初のモバイルインターネットを実現した「 iモード」はなぜ後続のiPhoneに敗北したのか？【ずんだもん＆ゆっくり解説】"""
まめポ	伸びた	136	59SniSbf-6U		976	117000	マクドナルドからドナルドが消えた理由【ずんだもん＆ゆっくり解説】
まめポ	伸びた	137	ePX2Bi9sPyA		1221	70000	なぜ女性は浮気するのか？【ずんだもん＆ゆっくり解説】
まめポ	伸びた	138	aO2RLrmHAhc		1160	24000	命の代わりに残した最後の手紙…特攻隊員の遺書【ずんだもん＆ゆっくり解説】
まめポ	伸びた	139	OWIWSf1ledU		1664	943000	任天堂がSwitch 2を中国で売らない本当の理由【ずんだもん＆ゆっくり解説】
まめポ	伸びた	140	vsA5qZmiPgU		1840	117000	大喧嘩した任天堂とスクウェアはなぜ仲直りできたのか？【ずんだもん＆ゆっくり解説】
まめポ	伸びた	141	Low0wyIpphg		1416	108000	Wii Uが任天堂イチの負けハードと言われる理由【ずんだもん＆ゆっくり解説】
まめポ	伸びた	142	8_jiC0LwkdM		1486	17000	なぜ最強だった戦艦大和は活躍できないまま沈んだのか？【ずんだもん＆ゆっくり解説】
まめポ	伸びた	143	8oEEQ6Mxj3c		1028	168000	会社組織に無能が多い理由【ずんだもん＆ゆっくり解説】
まめポ	伸びた	144	dcRYlm59uac		1162	66000	日本が一夫多妻制になったら少子化問題は解決するのか？AIが予測する悲惨な現実…【ずんだもん＆ゆっくり解説】
まめポ	伸びた	145	wo1WvSxi9yI		6214	239000	【総集編】日本を舐めた各国の末路【ずんだもん＆ゆっくり解説】
まめポ	伸びた	146	B-YnxfkvGoo		1256	55000	自分の人生と無関係なのに怒る人の心理【ずんだもん＆ゆっくり解説】
まめポ	伸びた	147	U0zRLUzryBA		1224	60000	日本のアニメ制作会社が中国から撤退した結果【ずんだもん＆ゆっくり解説】
まめポ	伸びた	148	4r7tu80FiPc		1209	124000	モテない男が絶対にやらかす勘違い【ずんだもん＆ゆっくり解説】
まめポ	伸びた	149	25jb2THVIJs		1022	168000	学校からヤンキーが消えた理由【ずんだもん＆ゆっくり解説】
まめポ	伸びた	150	dxgViypzu7Q		1258	87000	なぜ普通の男女が結婚できないのか？【ずんだもん＆ゆっくり解説】
まめポ	伸びた	151	Zog46NBSEDI		1224	NA	女性を助けると危険という風潮がSNSで広まった本当の理由【ずんだもん＆ゆっくり解説】
まめポ	伸びた	152	NgETY7OTMLo		1459	9400	【昭和〜平成】懐かしい！1980年代生まれの小学生ああるある【ずんだもん＆ゆっくり解説】
まめポ	伸びた	153	saTnTzEhsyE		1232	300000	ソシャゲが次々と終わる本当の理由【ずんだもん＆ゆっくり解説】
まめポ	伸びた	154	k7-LqlEfN9Q		1188	194000	街のゲームショップが消えた本当の理由【ずんだもん＆ゆっくり解説】
まめポ	伸びた	155	D1T3yGXhPZA		1274	200000	ポケモンに匹敵するほど人気があった妖怪ウォッチが衰退した理由【ずんだもん＆ゆっくり解説】
まめポ	伸びた	156	e_EnfT0Ly9k		1399	15000	セガの隠れた名機 キッズコンピュータ・ピコが消えた理由【ずんだもん＆ゆっくり解説】
まめポ	伸びた	157	CMrlwu1ad4w		972	152000	なぜ離婚する夫婦がこんなに多いのか？【ずんだもん＆ゆっくり解説】
まめポ	伸びた	158	Omwg2cBzQy8		1413	16000	かつて日本一だったmixiはなぜ衰退したのか？【ずんだもん＆ゆっくり解説】
まめポ	伸びた	159	FMAGegX6_5Y		1255	83000	優しい男がモテない本当の理由【ずんだもん＆ゆっくり解説】
まめポ	伸びた	160	Ih35gKRUzu8		1188	96000	アンビリバボーが心霊特集をやらなくなった理由【ずんだもん＆ゆっくり解説】
まめポ	伸びた	161	ys8z4D3RsHM		1235	7500	カラオケ業界は右肩上がりの中、シダックスだけが消えた理由【ずんだもん＆ゆっくり解説】
まめポ	伸びた	162	j6F8nq1rt1k		1217	NA	知らないと騙されるAmazon詐欺業者の進化する手口【ずんだもん＆ゆっくり解説】
まめポ	伸びた	163	wwMJ2xq-4_A		1322	39000	バンダイを倒産の危機に追い込んだ世界一売れなかったゲーム機ピピンアットマークとは？【ずんだもん＆ゆっくり解説】
まめポ	伸びた	164	FUREHnmcgtA		1005	36000	街の書店が次々に閉店している理由【ずんだもん＆ゆっくり解説】
まめポ	伸びた	165	K3yl1veI3mg		1241	255000	ニンテンドーDS最終モデルの価格が高騰している理由【ずんだもん＆ゆっくり解説】
まめポ	伸びた	166	D5gQuJRNh2Y		1360	68000	なぜPHSは消えたのか？最後の砦ウィルコム破綻の真相【ずんだもん＆ゆっくり解説】
まめポ	伸びた	167	IWpjnBsBWuQ		1031	NA	チェルシーが販売終了になった本当の理由【ずんだもん＆ゆっくり解説】
まめポ	伸びた	168	KUvxzUthW2E		1198	25000	任天堂が挑んだ未来すぎたVRゲーム機バーチャルボーイが1年で消えた理由【ずんだもん＆ゆっくり解説】
まめポ	伸びた	169	onOKfNZ9B-U		1092	77000	ブサイクでもモテる男の特徴【ずんだもん＆ゆっくり解説】
まめポ	伸びた	170	SBg1zVs_jfg		1430	77000	ギャンブル依存症になるとどうなるのか？【ずんだもん＆ゆっくり解説】
まめポ	伸びた	171	c3-Rb2uFUKo		6710	7500	【総集編】消えた人類と日本の歴史の真実【ずんだもん＆ゆっくり解説】
まめポ	伸びた	172	wsBHm7xYShY		1354	69000	本家トイザらスが消えた理由【ずんだもん＆ゆっくり解説】
まめポ	伸びた	173	vfXAmzrSbr8		1298	172000	3DOがプレステやセガサターンに負けた理由【ずんだもん＆ゆっくり解説】
まめポ	伸びた	174	MzRpgyFqpw0		1234	46000	適応障害になるとどうなるのか？【ずんだもん＆ゆっくり解説】
まめポ	伸びた	175	B0jbmDq78c4		1096	NA	ゴミ収集員の裏側【ずんだもん＆ゆっくり解説】
まめポ	伸びた	176	k_yxddwTYcM		1262	18000	なぜ結婚式を挙げない人が増えたのか？ブライダル業界の実態
まめポ	伸びた	177	5IJHYDmLrIY		1304	15000	支援制度が増えても保育士が辞める理由【ずんだもん＆ゆっくり解説】
まめポ	伸びた	178	gEPYOPalzbA		1467	93000	プラズマテレビが消えた本当の理由【ずんだもん＆ゆっくり解説】
まめポ	伸びた	179	6bPxSQ-D_Cc		1206	23000	相席屋業界の実態【ずんだもん＆ゆっくり解説】
まめポ	伸びた	180	sVKlSqSjAWg		1219	28000	市役所公務員の実態【ずんだもん＆ゆっくり解説】
まめポ	伸びた	181	ugYrqOP5H18		1234	NA	Z世代に大人気だったZenlyがサービス終了した本当の理由【ずんだもん＆ゆっくり解説】
まめポ	伸びた	182	1CEqiQDGmrA		1242	8200	なぜ商店街は時代とともに衰退したのか？栄枯盛衰の歴史【ずんだもん＆ゆっくり解説】
まめポ	伸びた	183	qeS9_sB7PtQ		1212	111000	PS2の上位機種だったPSXががわずか1年で消えた理由【ずんだもん＆ゆっくり解説】
まめポ	伸びた	184	kSszm39U7nk		1409	178000	江戸の将軍はハーレムだったのか？【ずんだもん＆ゆっくり解説】
まめポ	伸びた	185	yodqxTjKAHQ		1462	37000	下剋上の戦乱の世でも、天皇だけは倒されなかった本当の理由【ずんだもん＆ゆっくり解説】
まめポ	伸びた	186	bO_30qZViWw		1824	34000	桃鉄とボンバーマンの生みの親…ハドソン消滅の裏側【ずんだもん＆ゆっくり解説】
まめポ	伸びた	187	iTyESGDCbv8		4201	25000	【総集編】現代日本の“見えない闇”まとめ【ずんだもん＆ゆっくり解説】
まめポ	伸びた	188	ECvfv21KsLw		2198	462000	FFはなぜ“国民的RPG”でなくなったのか？【ずんだもん＆ゆっくり解説】
まめポ	伸びた	189	fzcyyo45KpY		1370	NA	結局モテるのは『顔と金』だけなのか？残酷すぎる本能のルール【ずんだもん＆ゆっくり解説】
まめポ	伸びた	190	tJ7z-gdQfqA		1159	20000	もしベーシックインカムを導入したらどうなるのか？【ずんだもん＆ゆっくり解説】
まめポ	伸びた	191	_OfmvaPz2cE		1596	46000	『不幸になる人』と『なんだかんだ幸せな人』の決定的な違い【ずんだもん＆ゆっくり解説】
まめポ	伸びた	192	07GXUijpXFk		1246	93000	ブルマが廃止された本当の理由【ずんだもん＆ゆっくり解説】
まめポ	伸びた	193	vdqEKA_RevY		2014	215000	今よりも不便だったのに、なぜ昭和は『最高の時代』だと言われるのか？【ずんだもん＆ゆっくり解説】
まめポ	伸びた	194	olmSm-5PbII		1624	21000	ポケモン開発会社ゲームフリークの苦難と躍進の歴史【ずんだもん＆ゆっくり解説】
まめポ	伸びた	195	64IdgXwigO4		7602	14000	平成初期の懐かしのブーム総集編【ずんだもん＆ゆっくり解説】
まめポ	伸びた	196	0uvXz44xDOE		1929	22000	モバゲー栄枯盛衰の歴史【ずんだもん＆ゆっくり解説】
まめポ	伸びた	197	cHBU5wM9RoM		2608	196000	なぜドラクエは“国民的RPG”であり続けられるのか？【ずんだもん＆ゆっくり解説】
まめポ	伸びた	198	n5McbUapm-w		2555	70000	売れたのに撤退…セガがハード事業をやめた本当の理由【ずんだもん＆ゆっくり解説】
まめポ	伸びた	199	1vj6kf7J8pU		1782	38000	ベイブレード栄枯盛衰の歴史【ずんだもん＆ゆっくり解説】
まめポ	伸びた	200	7_DIWi8QgMI		1319	38000	みんな使ってたSkypeがいつの間にか消えた理由【ずんだもん＆ゆっくり解説】
まめポ	伸びた	201	3wnDZnzgdjU		1143	6400	エアマックス95が社会現象になった理由【ずんだもん＆ゆっくり解説】
まめポ	伸びた	202	8jqGimzbsVM		1195	61000	かつて一世を風靡した桃の天然水は、なぜ販売終了となったのか？【ずんだもん＆ゆっくり解説】
まめポ	伸びた	203	XISp4wEzQQU		1312	43000	娯楽は増えたのに、なぜ昔の方が楽しいと感じるのか？【ずんだもん＆ゆっくり解説】
まめポ	伸びた	204	4UpKR_mvDhk		1646	8100	アメリカのゲーム市場はなぜ崩壊したのか？アタリショックが日本メーカーの勝ち筋を生んだ理由【ずんだもん＆ゆっくり解説】
まめポ	伸びた	205	CUqO7JEVKQ8		1389	131000	なぜ昭和45年から60年は日本が幸せだったのか？
まめポ	伸びた	206	Zc1LnbFTPwY		1261	149000	キャンプブーム終了の裏側。なぜ参加者が激減したのに市場規模は過去最高なのか？
まめポ	伸びた	207	mmuIWRMMDrs		1676	37000	90年代女子高生はなぜ社会現象になったのか？ 日本経済を動かしたコギャルの裏側
まめポ	伸びた	208	BIDrJ19DFyY		1226	153000	なぜパチンコ店からワゴンサービスは消えたのか？パチンコ業界衰退の裏側
まめポ	伸びた	209	N6TOaa2I1a4		1456	36000	出会いの手段は増えたのに、なぜ結婚できない人が多いのか？
まめポ	伸びた	210	7sbJ02hOAF0		1120	NA	犯罪件数は減ったのに、不安だけ増えた本当の理由
まめポ	伸びた	211	kSVstNUcWyU		1509	21000	セガのゲームセンターが消えた本当の理由
まめポ	伸びた	212	Ck1UckT4nI8		1108	46000	車中泊ブームの光と影
まめポ	伸びた	213	GZJP0oIhhtc		1136	14000	なぜストIIは社会現象になったのか？灰皿が飛んだ対戦文化の裏側
まめポ	伸びた	214	Lkn4UUBEvMY		1203	48000	エレベーターガールが消えた本当の理由
まめポ	伸びた	215	GpcCW3w8mxY		943	15000	あんなに特別だった夜行列車はなぜ消えたのか？ 失われた旅の裏側
まめポ	伸びた	216	tCQQsPLv-1Q		946	13000	当たり前だった24時間営業のファミレスが消えた理由
まめポ	伸びた	217	WNK8_BEicnw		1191	50000	【AI副業の残酷な現実】なぜ稼げない人が多いのか？
まめポ	伸びた	218	dIUN2Az67U4		1269	63000	昔はあんなにいた暴走族は、なぜ消えたのか？
まめポ	伸びた	219	wqksjiXE2K4		1506	59000	かつて国民の9割が熱狂したテレビを人々が見なくなった残酷な理由
まめポ	伸びた	220	3JBrKcq0kv4		1835	235000	過去最高級に売れているのに、なぜ「ガンプラ」を引退する古参ファンが続出しているのか？
まめポ	伸びた	221	-xDDVOq4yEg		2111	166000	週刊少年ジャンプはなぜ売れなくなったのか？ ジャンプが昔ほど売れない本当の理由
まめポ	伸びた	222	BqNv3KhCEFU		1803	34000	なぜ出世は憧れから罰ゲームになったのか？
まめポ	伸びた	223	BWCdI_Q5b4g		1877	192000	なぜ若者は車に熱狂しなくなったのか？車に夢を見た若者が消えた理由
まめポ	伸びた	224	dzwXV2KX4KY		2074	62000	童貞がやりがちな痛すぎる恋愛の勘違い
まめポ	伸びた	225	NbYyBaXmQfc		1757	52000	昔は一家の主だったのに、なぜ父親の威厳は消えたのか？
まめポ	伸びた	226	hMF9BkIVxNs		1425	66000	昔はオタク扱いだったのに、なぜアニメ好きは普通になったのか？
まめポ	伸びた	227	Yn94rgXA9a4		7147	8400	昔の日本と現代社会のヤバすぎる裏側【総集編】
まめポ	伸びた	228	6PqzoXWWx74		1436	113000	昔は夜7時台がアニメだらけだったのに、なぜ消えたのか？
まめポ	伸びた	229	7Ct5Nkj5kaI		1404	141000	パチスロ4号機はなぜ人を狂わせ規制されたのか？夢の爆裂機が消えた本当の理由
まめポ	伸びた	230	MWny6oMLmBg		2012	37000	日本では国民的RPGなのに、なぜドラクエは海外で苦戦したのか？
まめポ	伸びた	231	ru5Z2Lni7CU		1587	36000	昔はオタクの聖地だった秋葉原は、なぜ別の街になったのか？
まめポ	伸びた	232	P9PRHYpnehI		1836	72000	昔は長期放送が当たり前だったアニメが、なぜ今は1クール12話で終わる作品が多いのか？
まめポ	伸びた	233	AznGsV4nOPM		1618	45000	なぜ昭和〜平成初期の小学校の土曜日は、学校があったのに特別だったのか？消えた“半ドン”と自由時間の正体
まめポ	伸びた	234	EEl9_h5yPSI		1500	21000	昔は夏休みの定番だった学校のプールは、なぜ消えつつあるのか？
まめポ	伸びた	235	k77BC4XQzkg		1497	51000	コミックボンボンは消えたのに、なぜコロコロコミックだけ生き残れたのか？
まめポ	伸びた	236	94DLzYBPXn4		1654	22000	なぜ令和になっても、昭和体質の会社が多いのか？
まめポ	伸びた	237	Iqq8PyUsQDc		1370	36000	昔は当たり前だったけど、ゲームから失われたもの。なぜ昔のゲームはプレイしてない時間まで楽しかったのか？
まめポ	伸びた	238	QhU9XLIXr4k		1682	16000	昔はどこの町にもあったのに近所の夏祭り・盆踊りはなぜ消えつつあるのか？
まめポ	伸びた	239	4vMCLB0X85M		1434	46000	昔は夏の定番だったのに、なぜ海水浴客は40年で9割も消えたのか？
まめポ	伸びた	240	ME7J5F0V79w		1166	13000	スマホがあるのに、なぜ今も写ルンですは売れるのか？
まめポ	伸びた	241	SrLO37SOJ6w		5837	16000	【総集編】なぜ優しい男は「いい人」で終わるのか？恋愛市場の残酷な現実
まめポ	伸びた	242	6nLv8WIeMOQ		1395	38000	若者が恋愛から離れていく本当の理由
まめポ	伸びた	243	PZQKqAgCJOI		1431	151000	なぜ結婚したい男女が集まるのに結婚できないのか？婚活市場の残酷な現実
まめポ	伸びた	244	ohI4TsiHLD0		1214	151000	ロードバイクブームが終わった理由
まめポ	伸びた	245	dFDbmvytPVY		1388	364000	なぜ釣り人口はここまで減ったのか？釣り離れが進んだ本当の理由
まめポ	伸びた	246	md9OmNNnI4M		1367	170000	麻雀は人気なのに、なぜ雀荘は消え続けているのか？
まめポ	伸びた	247	u34b7gI8bNI		2429	112000	なぜマクロスは40年近く海外展開できなかったのか？大ヒットの裏で続いた権利問題の歴史
まめポ	伸びた	248	nuZIcjfkiVU		1566	242000	コンテナハウスで生活したらどうなるのか？
まめポ	伸びた	249	4pkBxcDGJlI		1194	30000	なぜあれほど流行ったサウナから人が離れたのか？サウナブームが失速した本当の理由
まめポ	伸びた	250	Zl_uieE6v0g		1216	295000	なぜ登山人口はここまで減ったのか？山を好きな人まで離れていく理由
まめポ	伸びた	251	xVaOyHXf6Fg		1325	28000	タクシー運転手の過酷な現実
まめポ	伸びた	252	rj9PhRBshAc		1116	160000	なぜ筋トレが好きな人までジムを離れるのか？
まめポ	伸びた	253	orOrcy11lqg		1078	64000	中高年向けの婚活バスツアーに参加するとどうなるのか？
toshiusagi	伸びた	1	e7mvDwXV9TY	20240203	1130	50000	【新NISA】暴落も暴騰も関係ない!?インデックス投資を始めるタイミング
toshiusagi	伸びた	2	ghZdxNl3HCA	20240214	1005	114000	【新NISA】最強インデックス投資のオルカンとS&P500は本当に混ぜたらダメなのか？
toshiusagi	伸びた	3	FOrOn5825As	20240217	901	97000	【資産形成】新NISAよりiDeCoを優先すべし！地味だが超神制度
toshiusagi	伸びた	4	X0-mTaY8Nf8	20240222	1082	106000	【新NISA】陰謀論を信じた者の末路｜資本主義が産む格差
toshiusagi	伸びた	5	LY1jiEPZ8RA	20240302	253	35000	【有益】SBI証券vs楽天証券！迷っているならこれ見て！
toshiusagi	伸びた	6	IQRRn7orN5M	20240306	775	79000	【本質】積立投資の「得意な相場」と「苦手な相場」を数字で徹底解説！（初心者向け）
toshiusagi	伸びた	7	4ezOCPlgNVM	20240312	529	354000	【新NISA】インデックス投資に複利効果はあるのか？
toshiusagi	伸びた	8	4av6NriwSF4	20240316	794	92000	【新NISA】積立金額の最適解！？結局のところ毎月何万円が良いの？
toshiusagi	伸びた	9	rTbIfXePD50	20240322	1029	93000	【新NISA】投資信託どこまで分散すべき？分散レベル別に解説！
toshiusagi	伸びた	10	rw2c9ev1Iic	20240327	914	210000	【残酷な現実】資本主義とは「リスクを取らない人」が養分になる仕組み
toshiusagi	伸びた	11	lP6SCdEyTEw	20240401	941	119000	【新NISA】S&P500に円安で投資すると損する？為替の影響を徹底検証！
toshiusagi	伸びた	12	FUt5L_rzgCM	20240407	839	71000	【徹底検証】そのお金浪費せずにインデックス投資していたら今いくらになってる？
toshiusagi	伸びた	13	ScwyNc5NaJQ	20240413	550	17000	【新NISA】結局オルカンが最強〜2024年2月銘柄入替〜
toshiusagi	伸びた	14	mR8Z7CXD7CU	20240420	567	19000	【新NISA】S&P500投資はやめた方がいい？
toshiusagi	伸びた	15	Vj8bLwdqNSE	20240428	557	78000	【新NISA】投資信託は持ち続けることが難しい
toshiusagi	伸びた	16	6UuyPr8Abos	20240504	698	36000	【新NISA】超円安でも投資すべき？それとも円高を待つべき？
toshiusagi	伸びた	17	HCB5f6UF5Co	20240511	1123	395000	「企業型DC」新NISA・iDeCo以上の神制度〜活用しないと格差が広がる！？
toshiusagi	伸びた	18	Ssa4MwPxjko	20240517	584	46000	えっ！こんなに減るの？〜投資信託の隠れコストの影響とは！？
toshiusagi	伸びた	19	89NB4toDOyw	20240524	1452	123000	【結論!】新NISAとiDeCo/企業型DCは結局どっちがお得か?〜出口戦略〜
toshiusagi	伸びた	20	YLRA_4rwr6M	20240531	990	167000	【新NISA】オルカン一択は危険なのか？〜運用部隊の1日を追跡！〜
toshiusagi	伸びた	21	ZQyGg9O_nb8		997	347000	【新NISA】ナスダック100への長期積立投資はヤバイ？〜ITバブルの歴史を知る〜
toshiusagi	伸びた	22	Ml3CKjHft4Y		901	219000	【新NISA】リーマンショックに学ぶ、暴落の乗り越え方！
toshiusagi	伸びた	23	5eUnyh9PjcM		1306	213000	【新NISA】インデックス投資vs個別株をドラクエ風に例えて解説！（アニメ）
toshiusagi	伸びた	24	uWRN8SjLrAU		1275	75000	【衝撃】AIバブルか?NVIDIAのヤバさを解説〜インデックス投資家にも影響あり!?〜
toshiusagi	伸びた	25	6BT_fyVtM1I		1306	432000	【本質】インデックス投資だけだと危険？〜新NISA分散投資の必要性とは〜
toshiusagi	伸びた	26	dlCxPXBPWdQ		1264	58000	【新NISA】超円安！？為替介入？インデックス投資家はこの先どうなる？
toshiusagi	伸びた	27	0HP8TGN03vs		1288	262000	【格差社会】新NISAで広がる格差!!〜金持ちは仕組みを知っている〜
toshiusagi	伸びた	28	2um60JrDXy0		1111	62000	【波乱】米大統領選挙でS&P500はどうなる？〜新NISA民はコレ見て学んで〜
toshiusagi	伸びた	29	p6GgGCMv-KE		666	111000	【コント】S&P500とオルカン「混ぜる派」と「混ぜない派」の終わりなき戦い！！
toshiusagi	伸びた	30	8Zxf3NdI3qk		1264	77000	【本格解説！】円高来るか！？~S&P500/ナスダック勢の株価の行方〜
toshiusagi	伸びた	31	p3GjrZB5xLQ		1172	73000	【徹底解説】複利で利回り4％超！米国債〜米利下げ前のチャンス？
toshiusagi	伸びた	32	E8APT-gAK3s		1135	139000	【激震】歴代2位の暴落を徹底解説！インデックス投資家がやるべきこと！
toshiusagi	伸びた	33	Jn0_L4aMBnU		1288	124000	【新NISA】歴代1位の暴落・暴騰から学ぶ！これからの投資戦略！
toshiusagi	伸びた	34	EoXoT1jFDKM		1016	152000	【本質】為替に左右されない投資方法！新NISAで始めるインデックス投資の魅力とは？
toshiusagi	伸びた	35	vuHzsY_0a14		1050	131000	【衝撃データ】新NISAで積立投資が続けられない！？原因は意外な〇〇にあった！
toshiusagi	伸びた	36	5PaXXGP0SOo		1126	43000	【朗報】米株高&円高キター!?ジャクソンホール会議パウエル氏の発言からの株式相場見通し！
toshiusagi	伸びた	37	AskxGOhbbxA		1196	155000	【真実】30年後の年金はどうなる？ 老後格差が拡大する本当の理由
toshiusagi	伸びた	38	cYLch7y1of4		1303	248000	【危険】新NISA民がハマる落とし穴3選→脱出するには？
toshiusagi	伸びた	39	PAxO6Vv9-eA		1158	182000	インフレで貯金が半減！？株式がなぜインフレに強いのか？
toshiusagi	伸びた	40	FLoZr3CrZH8		885	56000	【知らないと損！】米利下げで最高値更新 –利益を出すための考え方
toshiusagi	伸びた	41	bP0ALlum5wE		894	38000	【石破ショック】金融所得課税・為替・株価の今後の行方を解説！
toshiusagi	伸びた	42	_0uGmRZguso		807	478000	【貯金の真実】資産5000万円あると人生がここまで変わる！？
toshiusagi	伸びた	43	1MICAhycgmo		879	275000	【究極】平凡なサラリーマンでも1億円!? 誰でもできる驚きの貯蓄術！
toshiusagi	伸びた	44	cq4jJy_QEYA		905	294000	【衝撃の真実】お金持ちとの格差はここにあった！〜人生を変える攻略法〜［前編］
toshiusagi	伸びた	45	B3Yx6ja3IOI		961	447000	【貯金額別】お金が増える人・減る人の驚きの行動パターンとは！？〜人生を変える攻略法〜［後編］
toshiusagi	伸びた	46	XGpzmQiN45o		910	204000	【衝撃！】貯金し過ぎは人生を貧しくする！？その真実とは？
toshiusagi	伸びた	47	eBcJUCbgRqo		920	409000	【ヤバい!!!!】投資信託4000万円の破壊力〜貯金では辿り着けない領域〜
toshiusagi	伸びた	48	DjgJ2g0bE6c		843	139000	【驚愕!!!!】小学生でもわかる「お金持ちになる方法」とは！？
toshiusagi	伸びた	49	SdldGszxh-c		901	126000	【危険!!】やってはいけない投資！あなたの貯金を確実に減らします
toshiusagi	伸びた	50	iJq8dVtaKWw		726	116000	【マル秘】我慢しないで資産倍増！節約と投資を楽しむ方法
toshiusagi	伸びた	51	U44eb1Nza0o		967	91000	【まだ間に合う！】iDeCo2024年の神改定！今こそ始める老後資金づくりのチャンス
toshiusagi	伸びた	52	-IrKZmprmrc		642	149000	【真実】2025年問題が広げる貧富の格差～対策は簡単！
toshiusagi	伸びた	53	p-MQJPftjS8		961	276000	【激変!!!!!】貯金3000万円を超えると「仕事」「お金」「生き方」が全て変わる！
toshiusagi	伸びた	54	19hAquVQjlo		580	133000	【超朗報!】2025年度iDeCo掛金大幅引き上げ！？〜NISAとiDeCoどちらを優先させる？
toshiusagi	伸びた	55	oEqDJ1NonhQ		1004	382000	【人生激変!!!!】まずは貯金1000万円貯めろ！〜正しいFIREのやり方！
toshiusagi	伸びた	56	bRzIOLeLTW0		645	83000	【衝撃!!】やっちゃった日産の株を買った投資家の末路
toshiusagi	伸びた	57	oWJweF_1f1g		921	187000	【衝撃の真実】年収が高いのに貯金なし!? 〜年収×貯蓄の意外なホントとウソ
toshiusagi	伸びた	58	w--NLYK3zsM		2492	347000	【株全力まとめ】平凡な会社員でも富裕層になれる!? 〜貯金では辿り着けない領域〜【総集編】
toshiusagi	伸びた	59	wMxitYIwASc		801	74000	【資本主義の本質】1/3話_異世界で勇者ファンドを作ったら儲かりすぎた件
toshiusagi	伸びた	60	DijwDrIVRlM		753	51000	【資本主義の本質】2/3話_異世界で勇者ファンドを作ったら儲かりすぎた件
toshiusagi	伸びた	61	5SMhr4Cxb1Q		1005	272000	【リアル】老後2000万円問題の解決策は？→日常に潜む「当たり前」を疑え！！！
toshiusagi	伸びた	62	pW0ACnzU0NU		759	50000	【資本主義の本質】3/3話_異世界で勇者ファンドを作ったら儲かりすぎた件
toshiusagi	伸びた	63	rL8F8lsZ6kM		995	363000	【年代別あるある】20代〜50代の資産形成の罠＆攻略法！[前編]
toshiusagi	伸びた	64	SdkF2TcQEBI		758	169000	【コレやると資産増えない！】無意識に９割の人がハマるNISAの罠！
toshiusagi	伸びた	65	beEaJq9-z5s		923	238000	【年代別あるある】20代〜50代の資産形成の罠＆攻略法![後編]
toshiusagi	伸びた	66	t3ZUG4xxWfg		777	145000	【裏事情】あなたのお金を奪うブランド戦略の闇
toshiusagi	伸びた	67	f7vyFOe1Si8		968	283000	【超注意!!!】投資がバレた社員の末路！
toshiusagi	伸びた	68	_UGt6apBRwk		825	294000	【隠れた真実】インデックス投資は短期で儲からない…実はコレ嘘です！！
toshiusagi	伸びた	69	pzjHxFtaESU		834	115000	【驚愕】金持ち・貧乏は遺伝する！？〜投資する者と投資しない者の格差〜
toshiusagi	伸びた	70	V_IXLk1Bqaw		797	357000	【ヤバイ!!!】1000万円を貯めた人と貯めなかった人の未来が違いすぎる件
toshiusagi	伸びた	71	yvRhjJlAU20		905	253000	【窓際FIRE】会社員は資産5000万円で無敵になれる！？
toshiusagi	伸びた	72	Lm6s65P6M6c		721	177000	【絶望!?】もしも積立投資の終盤で暴落がきたら？
toshiusagi	伸びた	73	2gkPfkUhFKs		989	205000	【株全力】長期投資で暴落をどう乗り越える？
toshiusagi	伸びた	74	_veX7RuBXlU		741	142000	【現実】貯金2000万円は不安？それとも安心？〜決定的な違いを解説！
toshiusagi	伸びた	75	U6fXUok493M		912	355000	【衝撃!!!】貧富の差が過去最大に…この原因を知らないとヤバい！
toshiusagi	伸びた	76	kuitvxpAtyM		801	233000	【朗報!!!】今、新NISAを続けている皆さんの未来が明るすぎる件
toshiusagi	伸びた	77	A2Y_6iAimVY		1060	372000	【窓際FIRE】「会社員×投資=最強」の理由
toshiusagi	伸びた	78	mGY7gqLijmY		749	180000	【超重要!!】資産を増やす人は暴落時に〇〇している！？
toshiusagi	伸びた	79	53_0neZv6vc		1017	322000	【株全力】投資で資産5000万の会社員 vs 給料しか信じない人の絶望格差
toshiusagi	伸びた	80	-Vrd2yzQJbo		889	178000	【朗報!!】どんな暴落でも未来の自分が見たら誤差レベル！！
toshiusagi	伸びた	81	OEHjrLDU2ns		1038	254000	【悲報】9割の人が「一生お金持ちになれない」ヤバい理由〜知らないと絶対損する
toshiusagi	伸びた	82	JpJBlsa17HM		777	200000	【残酷な真実】浪費家が一生気づけない『資産が増える人の意外な思考法』
toshiusagi	伸びた	83	xOrbN4vsKv8		909	210000	【リアル】サラリーマンの中間層が疲弊する本当の理由―生存戦略は「窓際FIRE」
toshiusagi	伸びた	84	9AEsX_k9luA		822	310000	【地獄!!】リーマン級の暴落相場で積立投資を続けるとこうなる！超リアルシミュレーション公開
toshiusagi	伸びた	85	IrL14Y2zuRE		839	262000	【絶対売るな】トランプショック後の『回復のメカニズム』
toshiusagi	伸びた	86	lFXnKSoeWus		894	158000	【株全力】お金が増えない人ほどハマる「短期思考」の致命的な罠
toshiusagi	伸びた	87	FKKW5C0eg84		795	129000	【検証あり‼︎】世界恐慌でも積立なら数年でプラスに！！積立投資の真の力をシミュレーション
toshiusagi	伸びた	88	vmIKltyJ3CE		841	280000	【衝撃の結果!!!】投資信託「配当金再投資」の複利効果を計算したらヤバすぎた
toshiusagi	伸びた	89	qFaF08fp7FM		1069	287000	【悲報】「今さら投資は手遅れ」と諦めた人が将来直面する衝撃の現実
toshiusagi	伸びた	90	Pmb9DEd2VxU		759	101000	【検証あり!!!】円高でS&P500の利益が『消える』って本当？
toshiusagi	伸びた	91	lxw6cWNHktU		977	159000	【暴露】なぜ金持ちはますます金持ちになるのか？〜資本主義が「永遠に成長する」理由
toshiusagi	伸びた	92	SVlUA4hvlLg		868	231000	【９割が知らない!!】年齢別投資法の常識が逆効果だった!!
toshiusagi	伸びた	93	fNroKAQCiP0		964	287000	【静かな退職】やる気ゼロ!最低限の仕事…その末路とは？「窓際FIREとの違い解説」
toshiusagi	伸びた	94	S9YWOEHfFak		996	159000	【本質】お金が増える人、減る人、その差はコレだけ
toshiusagi	伸びた	95	2GhL2cOGtIg		951	181000	【格差社会】収入が増えても幸福度が上がらない人の『残酷すぎる真実』
toshiusagi	伸びた	96	4GTBTnQ7cdU		801	264000	【氷河期世代の現実】40代〜50代で貯金85万円。昇給も期待できない世代
toshiusagi	伸びた	97	mltYFfZtuAc		1052	188000	【マネーのお金まとめ】会社に使われる側から使う側へ〜資産3000万円を築く方法
toshiusagi	伸びた	98	adngT0PqpTs		791	180000	【リアル】40〜50代中間層サラリーマンの末路〜大企業で1万人単位のリストラ
toshiusagi	伸びた	99	B8c9sG_p8m0		955	99000	【物語で解説!!】関税ショックの裏で勝ち組がやっていたこと
toshiusagi	伸びた	100	i0FG1pdi-yg		763	286000	【危険!!】NISA利用者の3割が“危険な状態”にあるという事実
toshiusagi	伸びた	101	INP-HP84J2A		948	276000	【窓際FIRE】資産2000万円越えで人生変わる〜資産×年収マップで解説！
toshiusagi	伸びた	102	cDjAhhN8BRM		883	179000	【対策を!!】今まで通り「普通の生活」を送ることが危険な理由
toshiusagi	伸びた	103	5T5B3lOhAsI		1116	199000	【株全力】資産5000万円貯めるのに才能もセンスも不要！必要なものは〇〇だけ！
toshiusagi	伸びた	104	5PbPvfnCOdk		825	141000	【衝撃】S&P500が10倍になっても積立だと2.6倍！？〜それでも勧める理由
toshiusagi	伸びた	105	kmS1bw3Eu34		1027	230000	【超危険‼︎】リーマンショックの仕組みとヤバさ〜次の暴落から資産を守る思考法
toshiusagi	伸びた	106	M3R8deMzCNo		874	167000	【真実】お金持ちが絶対近寄らない3つの罠！知らないと一生貧乏!?
toshiusagi	伸びた	107	WI9HQiztGS8		877	158000	【異常事態!!】昇進で年収が上がったのに不幸になるバグが多発している件！〜神様コーポレーション〜
toshiusagi	伸びた	108	f-LLAanaxVo		774	103000	【歴史が証明】世界が荒れてもS&P500はこう戻ってきた！
toshiusagi	伸びた	109	if5mNKwbBMo		929	90000	前編【9割が気付けない!!】世界大恐慌から学ぶNISAで避けるべき罠
toshiusagi	伸びた	110	4JSjQbKLBdc		749	325000	【実は…】その積立金額〇万円は多すぎ？ 9割が勘違いしてる投資金額の真実
toshiusagi	伸びた	111	8tIwQX357do		819	89000	後編【9割が気付けない!!】世界大恐慌から学ぶNISAで避けるべき罠
toshiusagi	伸びた	112	_Ge-6P1bk1o		854	145000	【最新調査】S&P500最高値なのに投信流入75％減!?〜6割が不安の理由とは？
toshiusagi	伸びた	113	wDJiGIBJKDc		925	193000	【人生激変】貯金1000万円を目指せば抜け出せる！会社員の価値観ブロック
toshiusagi	伸びた	114	l7FgITQrgsU		897	177000	【米国級!!!】20年で貯金が1/3減る時代！〜今すぐできる最強のインフレ対策！
toshiusagi	伸びた	115	hBL_N6I4po4		876	224000	【知らぬ間に…】贅沢してないのにお金が貯まらない…その理由はコレだった！
toshiusagi	伸びた	116	vmW2Jg_K0lY		909	333000	【最新!!】新NISA民のリアル資産額と投資先を完全公開1000万円超えは上位〇％！
toshiusagi	伸びた	117	OLPpnoB_oiM		901	241000	【異常!?】資産が増える人の頭の中をのぞくと、実は…
toshiusagi	伸びた	118	u3bML58ZgQc		843	181000	【衝撃の新事実】老後2000万円問題、最新データで再計算したら○○万円問題だった！
toshiusagi	伸びた	119	LVXBAEyrTPc		971	179000	【ヤバい!!】9割の会社員が知らない残酷な真実｜気づいた人だけが抜け出せる!
toshiusagi	伸びた	120	QZwajROWfCg		882	150000	【超重要!!】積立と取り崩しシミュレーションの悲観結果がヤバすぎた
toshiusagi	伸びた	121	yPPu_Idlbn4		959	217000	【キケン!!】貯金500万円未満が陥りがちな落とし穴
toshiusagi	伸びた	122	Wolmvolb2OU		749	123000	【対策はコレ!!!】NISA・投資利益への課税と負担増!?政府が検討している改悪とは？
toshiusagi	伸びた	123	swYWhLLUwVU		874	199000	【貯金の真実】窓際FIREしてるのは地味な社員!!!?
toshiusagi	伸びた	124	6Pifvdg4SFg		775	232000	【貯金400万円の壁】その正体と抜け出す唯一の方法
toshiusagi	伸びた	125	X84gQp1bydA		783	166000	【格差の正体!!】マス層から抜け出す人はお金をこう見ている!!!
toshiusagi	伸びた	126	IG8kBF-ZlLc		806	250000	【超速報!!】NISA神改正くる!さらに格差拡大する未来
toshiusagi	伸びた	127	w-FfFLG3T24		1024	190000	【新発想‼︎!】コレに気付くだけで貯金も仕事も激変！！
toshiusagi	伸びた	128	MibA3vNQdnI		881	131000	【衝撃の事実】S&P500は今30倍割高！？ウソとホントを徹底解説！！
toshiusagi	伸びた	129	njtvVB9apnY		956	293000	【キケン!!】みんなと同じだと一生マス層！未来の貯金を奪う罠3選
toshiusagi	伸びた	130	q2_4zcOuuAY		895	201000	【これが現実!!】半分の日本人が「貯金足りない」と回答…その共通点と対策は!?
toshiusagi	伸びた	131	EMji3LiEVso		974	267000	【NISA民に警告‼︎】お金の話をすると人間関係が壊れる理由
toshiusagi	伸びた	132	oxjt7NQVrks		921	246000	【衝撃】金持ちと浪費家の差は“脳の習慣”で決まる！
toshiusagi	伸びた	133	ATZ7RO67klo		1112	213000	【窓際FIRE】凡人が金持ちになるためのたった一つのこと
toshiusagi	伸びた	134	YDh0UkBlRnE		878	312000	【悲惨な格差!!】新たな格差ピラミッドから逃れてお金を増やす方法!!
toshiusagi	伸びた	135	JFgnZqUGFh8		914	202000	【残酷な真実】変化に対応できない人から貯金が尽きる
toshiusagi	伸びた	136	DASHQtcs19k		1041	213000	【驚愕データ】会社員と自営業、貯金にここまで差があった！
toshiusagi	伸びた	137	vD5qd7ki0Do		1042	148000	【小学生でもわかる!】ビットコインの価格が上がり続ける理由
toshiusagi	伸びた	138	sHH2erBivk0		976	139000	【期待!?】NISA民に与える新総裁の政策影響とは？
toshiusagi	伸びた	139	sp57E9TOb3Y		859	147000	【衝撃の結末!!】貯金＝我慢だと思ってる人が一生貯まらない理由
toshiusagi	伸びた	140	QrjeAmX7HXk		815	150000	【対策急げ!!】マス層のままだと将来悲惨な事態に！！
toshiusagi	伸びた	141	AWfDd5lMADU		860	238000	【超有益!!】貯金額で人生が激変する!!5つの壁の乗り越え方
toshiusagi	伸びた	142	wSY847PWywM		862	101000	【速報】高市政権の政策で家計はどう動く？ NISA民の資産形成は!?
toshiusagi	伸びた	143	dQWhiDXrSeg		1048	244000	【騙されるな!!】○○万円になったら積立やめてもOKの罠!!思考停止はヤバいです
toshiusagi	伸びた	144	JBCo-tcxup0		846	329000	【これが格差の現実!!!】結局やる人はNISAを徹底的に活用している
toshiusagi	伸びた	145	fMgd0NK-lq4		810	149000	【超キケン!!】だからマス層はお金が貯まらない！！
toshiusagi	伸びた	146	g1eWdYaYXRw		967	192000	【驚異的!!】S&P500やオルカン投資は今からでも遅くない!!そのワケ!?
toshiusagi	伸びた	147	OZdm3wHrApk		992	219000	【要注意!!】FIREを希望する会社員が急増中!!だが現実は!?
toshiusagi	伸びた	148	vZAnRhswt70		848	223000	【予想外!?】年代別貯金額!!みんな意外と貯金している!?
toshiusagi	伸びた	149	JEMoou6ZFvE		956	155000	【窓際FIRE】貯金1000万超えれば、同じ会社なのに見える世界が変わる‼︎
toshiusagi	伸びた	150	6XW4tciA2YU		875	221000	【最新データ!!】年収別の貯金額のリアル!世界はお金が貯めにくくできている
toshiusagi	伸びた	151	jZhuCr741jc		1063	190000	【悲惨な末路!】40代以降で詰む愚かな思考の末路
toshiusagi	伸びた	152	RZEYXXMycnY		885	235000	【知らないと損する!!】新NISAで投資に慣れた人が失敗する「罠」と「対策」
toshiusagi	伸びた	153	IUBoNTrOiPE		704	190000	【格差の真実】働かないおじさんとデキる社員の格差は用意されていた!?
toshiusagi	伸びた	154	ZZzz31CBYX0		709	230000	【9割勘違い!?】インデックス投資の複利の力とその正体!!
toshiusagi	伸びた	155	GXJKOe57ICs		843	181000	【衝撃】マス層が1億円を手にしても富裕層になれない理由
toshiusagi	伸びた	156	LnfZDa4NPkk		763	144000	【キケン!】マス層が普通以上の暮らしを求めると…
toshiusagi	伸びた	157	Pz8H8JuDsps		703	152000	【知らないとヤバイ】マス層の貯金を狙う最強の残クレが爆誕!?
toshiusagi	伸びた	158	cHjPiyKcApE		170	85000	大切なお知らせ（投資うさぎ）
toshiusagi	伸びた	159	FA9RiN2N6k4		849	157000	【衝撃!!】お金持ちが隠すマス層の抜け出し方_マネーのお金「総集編その２」
toshiusagi	伸びた	160	O7449EIjwVw		539	111000	【体験談!!】お金で買えないモノの真実
toshiusagi	伸びた	161	HoLj4fMSiow		709	215000	【驚異的!】インデックス投資の短期リターンのヤバさ！
toshiusagi	伸びた	162	Qc9WcPoMNTc		723	166000	【実は】年初一括で悩むのは初心者だけ!?上級者はこう考える
toshiusagi	伸びた	163	6TTvCE_g-VI		866	192000	【お金持ちは絶対しない!!】マス層から抜け出せない人の思考
toshiusagi	伸びた	164	kkbN28gAOIg		707	189000	【別次元!!】貯金ガチ勢のリアルな資産形成事情
toshiusagi	伸びた	165	JuZJfy2Or1E		791	268000	【残酷すぎる】誰も教えてくれない「格差の正体」
toshiusagi	伸びた	166	8nzKviC3SAw		752	155000	【残酷な現実】物価上昇で「苦しむ人」と「平気な人」
toshiusagi	伸びた	167	7GXJiJouFRE		729	155000	【天クレ】この残クレを選択をした時点で一生マス層確定です
toshiusagi	伸びた	168	vcEppYU8x-o		740	137000	【普通はありえません】1年前と比べて日本人の資産額（中央値）が倍増
toshiusagi	伸びた	169	3UE0h9vrmWc		952	204000	【えっ‼︎】異常な人だけがマス層を抜け出す…
toshiusagi	伸びた	170	UNGTmJXt_kU		763	137000	【要注意!!】新NISA3年目の人々を襲うの誘惑あるある!
toshiusagi	伸びた	171	Q9cCCWs34H4		792	156000	【超重要!!】2000万貯めるために必要な行動と思考(窓際FIRE)
toshiusagi	伸びた	172	QBcf3ZMaTFM		794	155000	日経爆上げ…NISA民は焦るな！やることは1つ
toshiusagi	伸びた	173	oUEk0Qv8-Lw		698	138000	【ブームの誘惑】ゴールド、日本株に乗り換えたい人見て
toshiusagi	伸びた	174	g_KfEMhy52Y		661	153000	【超有益!!】NISA民はアセットアロケーションするな。
toshiusagi	伸びた	175	loWFqnWKImE		777	297000	【意外な結末!!】運用額3000万円はFIREは可能か？？
toshiusagi	伸びた	176	72mUPzvB2uc		769	133000	NISAで高配当株は無しです…
toshiusagi	伸びた	177	lsMmUEXY5sA		651	116000	【悲報】氷河期世代が会社でますます不遇に!早めの対策を!（リストラ・希望退職）
toshiusagi	伸びた	178	Yx95dLjlgtk		834	331000	【緊急解説】米国がイランを攻撃した背景と影響をわかりやすく解説！
toshiusagi	伸びた	179	GvhARvzzNVU		729	90000	【12分で完全解説!!】仮想通貨サナエトークンとは？〜ビットコインとの違いも解説〜
toshiusagi	伸びた	180	oPsIwjg8SFU		661	121000	【緊急解説!!】イラン戦争で何が起こってるかわかりやすく解説!!（原油と株とトランプ発言）
toshiusagi	伸びた	181	qk2YqoOyCX4		698	193000	【知らないと一生貧乏】お金を産む資産と産まない資産｜
toshiusagi	伸びた	182	lmOnuMRNxA8		700	212000	【貯金の真実】富裕層になる人はだいたい異常な人
toshiusagi	伸びた	183	xuzPflgCCZw		725	149000	【マジか…】金融所得で保険料が爆増〜国が狙う次のターゲット
toshiusagi	伸びた	184	DwEf0pD0uU8		762	213000	【12分でわかる!!】イランが日本を名指し！ホルムズ海峡「通していい」発言の裏側
toshiusagi	伸びた	185	43Tcpbg2P0k		700	153000	【チャンス到来!!】インデックスでお金持ちになる人とならない人の違い
toshiusagi	伸びた	186	qnZ5HFn-9k4		663	151000	ただし、貯金格差は思った以上に深刻だった……
toshiusagi	伸びた	187	5YD4awDo5dI		719	166000	【早く始めた者勝ち!!】インフレ時代の正しい資産形成
toshiusagi	伸びた	188	-_eo4JoQ5ys		679	181000	最新レポート！！金融資産&投資信託の保有金額はいくら？
toshiusagi	伸びた	189	eDpeGEqAu58		4456	164000	結局、会社員×資産形成で窓際FIREが最強なワケ「総集編」
toshiusagi	伸びた	190	9Bxc4FJDYuQ		801	127000	人生狂う!?住宅ローンの変動金利が急上昇中!!
toshiusagi	伸びた	191	xuvj54vTxwM		704	123000	【最新調査】静かな退職が4割越えという恐ろしい現実！（窓際FIRE）
toshiusagi	伸びた	192	noSaQjrD87I		716	127000	戦争中でもS&P500高値更新！待てばリターン増のチャンス到来!!
toshiusagi	伸びた	193	lUaRLeRNEco		832	122000	富裕層だけが知っている最高値の秘密
toshiusagi	伸びた	194	PSwgT2LLOfA		660	101000	【11分でわかる!】ナフサが不足すると何がどうヤバいのか？
toshiusagi	伸びた	195	WWWn9YBMdO0		750	155000	【84%がアウト】超危険な「資産寿命」の残酷な現実
toshiusagi	伸びた	196	SlxHIguzcqY		897	135000	【徹底検証!!】NISAより得する人と損する人の分岐点はコレだ！！
toshiusagi	伸びた	197	ue_-XgoNNj8		692	177000	【資産額別】資産増が加速する人は〇〇に気付いてる！！
toshiusagi	伸びた	198	UJnZLkC2Wgw		699	95000	政府は見て見ぬふり…手取りが消えるステルス増税の正体
toshiusagi	伸びた	199	qMH0w9Ir4Yg		663	117000	【朗報‼︎】乗り遅れるな！みんなの貯金は今年も増えている！
toshiusagi	伸びた	200	Cg3hdydg0Cc		666	88000	持ってるだけで儲かる！爆上げハイテク株のリターンを総取りする方法
toshiusagi	伸びた	201	hBE9081NDUI		500	82000	S&P500最高値！ホルムズ封鎖が解消したらすごいことになる！！
toshiusagi	伸びた	202	uDr18uv4LSI		715	201000	資産額別で見ると、S&P500のヤバさが全然違った
toshiusagi	伸びた	203	x46OA4xVpuw		875	141000	米国株が突然の急落。なぜ起こった？〜様々な思惑の前兆がヤバイ〜
toshiusagi	伸びた	204	MrFAqTWfwAg		925	123000	ここまで違う！スペースX上場後のインデックス各社の対応（S&P500、ナスダック100、オルカンはこうなる！）
toshiusagi	伸びた	205	8sVZwiF0iRY		781	93000	絶好調の日本のスタバが売却される！？（歴史も全部解説します）
toshiusagi	伸びた	206	uPUUZvrEjfk		536	79000	イラン終戦合意で日本株も米国株も急上昇！！
toshiusagi	伸びた	207	XpJ-izEM9kU		931	139000	30年ぶりの金利水準に上昇！株、為替、住宅ローンが終了！？
toshiusagi	伸びた	208	vBNCo9mBZPI		772	75000	米国が利上げ見通しで株も債券も為替も激変！なぜ？を解説！！
toshiusagi	伸びた	209	21moj4-0HGY		830	80000	米国株が急上昇！円安161円でも積立投資が最強な理由！
toshiusagi	伸びた	210	CnVm3UnOvRY		709	165000	普通の暮らしが贅沢になった時代〜正しい行動は！？
toshiusagi	伸びた	211	ZKX0VVy96Yo		574	69000	ハイテク株が急落！なぜ？
toshiusagi	伸びた	212	hQivH93aaxg		870	102000	【共通点多すぎ!!】バブルの歴史とAIブームを比較して分かったこと
toshiusagi	伸びた	213	LNRtMLS3Tyk		622	83000	知らないと危険！NISAでも特定口座でもドルを放置すると税金がかかる件
toshiusagi	伸びた	214	pnLzzMDjSi0		880	161000	富の分断が加速してます。お金が増える人側に回るには？
toshiusagi	伸びた	215	U6tZ4pj1MZM		844	99000	【これで怖くなくなる】超円安162円で積立スタートは損なのか？6パターン検証で出た結論
toshiusagi	伸びた	216	bc72KLEZ9UM		952	118000	"【残クレ超え】誰でも一度は届く""あの案内""のヤバさ（全東信ポジションもいるよ）"
toshiusagi	伸びた	217	3Z6qUI4Nk98		783	134000	家計の金融資産2059万円で過去最高。だが実感とは違う理由
toshiusagi	伸びた	218	i4Ht4F0qg1M		918	118000	お金が貯まらないのは「普通に生きている」からです
toshiusagi	伸びた	219	T7Dgm_NDrvw		870	109000	AI相場、本当にヤバいのはこれからです
toshiusagi	伸びた	220	5hM8MAXMVqs		857	108000	残酷な事実！個別株を混ぜると7割がインデックスに負けます
toshiusagi	伸びた	221	kGIPaAwV2nY		812	124000	最新!リアルな貯金と所得と支出を全部見せます（年代別×中央値）
toshiusagi	伸びた	222	qQxs6gp4KBk		831	129000	今こそ昭和の働き方が最強です。ただし最後は詰みます
toshiusagi	伸びた	223	hqNbuiMl-Qs		769	124000	「無理のない投資」では一生マス層です
toshiusagi	伸びた	224	xstraS-SozE		794	110000	円高と下落はバーゲンセールです
toshiusagi	伸びた	225	vFPIpjha6Y0		696	115000	円高でも生活は楽にならない?金利上昇の残酷な現実
toshiusagi	伸びた	226	aYuQBIxsICs		759	78000	食品消費税1％を閣議決定！自分たちの公約なのに反対が続出する異常事態
toshiusagi	伸びた	227	tudoT3EkcPY		818	154000	NISAしない8割と、たった2年半で圧倒的な差がつきました
toshiusagi	伸びた	228	RjhE5XS1PTk		803	114000	マス層は年7％で借金、富裕層は年7％で増やす
toshiusagi	伸びた	229	krTEOBwyUYk		1035	167000	常識が通用しない!!年代別資産運用のワナ
toshiusagi	伸びた	230	gnnlLx9v1yA		694	110000	なぜ？一生貧乏な人はみんな〇〇を基準にしないの？
toshiusagi	伸びた	231	p0es-nTQbNw		789	157000	マス層の借金が膨張中…！若者は貯金の6.9倍借金
toshiusagi	伸びた	232	UduUJ-sQA6c		764	129000	9割の人が見て見ぬふりしてる貯金の限界
toshiusagi	伸びた	233	-YGtNDTQUb8		796	154000	資産形成ガチ勢ほど見落とす「人生最大のリスク」
toshiusagi	伸びた	234	aw0svWlLEeE		1009	120000	貧乏ほど月々を見て、金持ちほど総支払額を見る。これが本質です
toshiusagi	伸びた	235	P7IXOIkXm2U		753	323000	例年なら年末にかけて急上昇！様子見してる間に買い場は終わります。
toshiusagi	伸びた	236	oFt8IVJ4_qw		762	172000	お金の流れを知れば、この結論になります
toshiusagi	伸びた	237	8t6D7RJd0ME		756	188000	円高になろうが米国株投資が全く問題ない理由はこれです。
toshiusagi	伸びた	238	gOdKNd0R458		743	156000	金融庁本気のNISA改正要望なのですが……
toshiusagi	伸びた	239	6zBI6yNxuGA		768	162000	今起こっていること。為替の歴史を知ればわかります。
toshiusagi	伸びた	240	s6stwJnwOU0		1141	178000	長期金利3％時代、お金の持ち方を間違えると致命傷です。
toshiusagi	伸びた	241	vGW_8-Lr9iA		650	142000	積立終了額を決めると、60代でこうなります。
toshiusagi	伸びた	242	YJZyPrzhzM8		829	158000	AI開発が減速すると、米国株投資はこう変わります。
toshiusagi	伸びた	243	OlZPtZ_pD1Y		829	145000	マス層の半分が残クレの罠にハマっています。
toshiusagi	伸びた	244	W5sT0nfnQeE		715	244000	米国利上げ、仕組みが分かれば怖くありません。
toshiusagi	伸びた	245	3M5RnPof-JE		714	136000	手っ取り早くお金を増やしたい人の結果がこれです。
toshiusagi	伸びた	246	6vb3c-JQd80		986	152000	会社員の勝利条件を間違えると搾取され続けます。
toshiusagi	伸びた	247	M63yQqP6Dps		861	152000	利上げで金持ちはさらに富み、中間層は貧困層へ落ちます
toshiusagi	伸びた	248	tLhkHpEw64k		822	118000	米国株が再び最高値圏！儲かる相場が続くワケ。
toshiusagi	伸びた	249	1uq9SJji_mM		623	121000	景気が強いのに米国株全面安、なぜ？
toshiusagi	伸びた	250	cqUoqC6UdtA		774	138000	企業が最高益の裏で、庶民の家計は最悪です。
toshiusagi	伸びた	251	sPEvE9iVngU		858	126000	なぜ人は、ここまで貯蓄が下手くそなのか。
toshiusagi	伸びた	252	IXRKJls5pb8		689	111000	この米国株下落の正体は、ただの過剰反応です。
toshiusagi	伸びた	253	6t_UQyD5WpA		784	124000	お金の常識を変えない人はリアルに取り残されます。
toshiusagi	伸びた	254	g4OW1M76O9Q		729	104000	利上げ後退だが米国株は続落、でも悲観するのは早いです。
toshiusagi	伸びた	255	bUVqdjHx_7I		763	58000	日本人の平均給与は487万円だが、その中身は・・・
edamamestory	伸びた	1	UqziaQ33-vE	20240111	637	8400	【実話】世界一でかい女の日常【ずんだもん＆ゆっくり解説】
edamamestory	伸びた	2	vuipkLWtlAw	20240119	609	29000	【実話】30年間もの間歯を磨かなかった結果【ずんだもん＆ゆっくり解説】
edamamestory	伸びた	3	XAcMSvZVa4M	20240326	547	16000	【実話】47階からエレベーターが落下するも、生還したずんだもん【ずんだもん＆ゆっくり解説】
edamamestory	伸びた	4	y4BMYgsAeRQ	20240329	620	13000	暑い夏を乗り越えようとしたずんだもんの末路…【ずんだもん＆ゆっくり解説】
edamamestory	伸びた	5	GQHUPhwvxbY	20240401	572	52000	【実話】エ◯ズに感染。ﾀﾋぬまでの45日間【ずんだもん＆ゆっくり解説】
edamamestory	伸びた	6	d_CbOI5ckus	20240422	539	12000	1日22時間ゲームをし続け、脳がボロボロになってしまったゲーマー【ずんだもん＆ゆっくり解説】
edamamestory	伸びた	7	46kxsDSOJxQ	20240424	608	7200	【実話】スマホ見すぎて眼球が爆発した女性【ずんだもん＆ゆっくり解説】
edamamestory	伸びた	8	gdf0Zl4aLrs	20240603	484	12000	【実話】火鍋を食べて脳に700匹以上のサナダムシが湧いた男性【ずんだもん＆ゆっくり解説】
edamamestory	伸びた	9	S-psFxIwNm0	20240609	531	12000	【実話】汚い手で目をこすったら目が無くなったずんだもんの末路【ずんだもん＆ゆっくり解説】
edamamestory	伸びた	10	4TJ3p9Jb5qA	20240615	505	45000	【実話】接着剤でアイプチを続けたずんだもんの末路【ずんだもん＆ゆっくり解説】
edamamestory	伸びた	11	ogQtmkT2leA	20240627	2972	137000	【実話】巨人症になってしまったずんだもんの末路【ずんだもん&ゆっくり解説】　【総集編】　【作業用】
edamamestory	伸びた	12	6hnFfS50BMs	20240629	951	170000	【実話】体中メッタ刺しされても死なないずんだもんの末路【ずんだもん&ゆっくり解説】
edamamestory	伸びた	13	8AEI8L2ncdw	20240707	1008	14000	【実話】筋トレし過ぎて死んでしまった伝説のずんだもん【マッスル北村さん】【ずんだもん&ゆっくり解説】
edamamestory	伸びた	14	hlp8DzzMrPY	20240714	676	75000	【実話】鼻毛を抜いてとんでもないことになったずんだもんの末路【ずんだもん＆ゆっくり解説】
edamamestory	伸びた	15	oXur6tXLqRM	20240719	760	11000	【実話】日本一のスパルタ高校「日生学園」に入学してしまったずんだもんの末路【ずんだもん＆ゆっくり解説】
edamamestory	伸びた	16	3gtHoybKqNg	20240723	2964	88000	【実話】アレを魔改造し過ぎたずんだもんの末路【ずんだもん＆ゆっくり解説】【総集編】【作業用】
edamamestory	伸びた	17	8jwn_twNPco	20240726	877	103000	【実話】一生眠れない難病に罹ってしまったずんだもんの末路
edamamestory	伸びた	18	0qa7dSBPopM	20240801	889	156000	【実話】適応障害になるとどんな生活になるのか？【ずんだもん＆ゆっくり解説】
edamamestory	伸びた	19	EwUHfamMguA	20240807	756	4100	【実話】たった7分で404億円溶かしてしまったずんだもんの末路【ずんだもん＆ゆっくり解説】
edamamestory	伸びた	20	qHUMaPIi0jY	20240821	739	22000	【実話】彼氏の前で2年間オナラを我慢し続けてとんでもないことになった女の子【ずんだもん&ゆっくり解説】
edamamestory	伸びた	21	PvSB0Yr8Ryw		643	28000	【実話】クソガキの悪ふざけで... 取り返しのつかない事態に!?【ずんだもん&ゆっくり解説】
edamamestory	伸びた	22	j0wO3eBjsfA		650	6400	【実話】出会って即S〇X！？平安貴族のリアルな恋愛事情とは...【ずんだもん＆ゆっくり解説】
edamamestory	伸びた	23	yuVHQ9XVN1M		764	34000	【実話】ニキビ潰しただけなのに... アル場所のニキビを潰してしまいとんでもないことになったずんだもんの末路【ずんだもん＆ゆっくり解説】
edamamestory	伸びた	24	qT-UQfobXJ0		3035	196000	【実話】63日間もの間ウ●コを我慢し続けたJKの末路【ずんだもん＆ゆっくり解説】　【総集編】　【作業用】
edamamestory	伸びた	25	dBuLgvrFTLE		783	42000	【実話】アルコール依存症になってしまったずんだもんの末路【ずんだもん＆ゆっくり解説】
edamamestory	伸びた	26	KCLWxP6uLU0		604	26000	【実話】全身の関節が外れ…体がバラバラになる難病に罹ってしまったずんだもんの末路【ずんだもん&ゆっくり解説】
edamamestory	伸びた	27	QYstAthg-MY		3678	784000	【実話】誰でも見境なく襲い、最後は母が…【ずんだもん＆ゆっくり解説】【総集編】
edamamestory	伸びた	28	P9_Vaurx_w8		672	60000	【実話】致シ率100%    狂牛病になってしまったずんだもんの末路【ずんだもん&ゆっくり解説】
edamamestory	伸びた	29	BXTxBNa570E		773	269000	【実話】天才すぎて精神崩壊... 7歳でハーバード大学に合格したずんだもんの末路【ずんだもん&ゆっくり解説】
edamamestory	伸びた	30	LaENJY0303I		838	105000	【実話】超危険ウンコが原因で４７人もウィルス感染させたずんだもんの末路【ずんだもん&ゆっくり解説】
edamamestory	伸びた	31	vA5RnSheD1I		3408	125000	【実話】汚染ミスト浴びて手足が壊死したずんだもんの末路【ずんだもん&ゆっくり解説】【総集編】
edamamestory	伸びた	32	cuKJVx6ur6w		602	74000	【実話】電池を飲み込んでとんでもないことになったずんだもんの末路【ずんだもん&ゆっくり解説】
edamamestory	伸びた	33	dnJpkcNNZSg		752	21000	【実話】調子に乗ってパパ活を続けたずんだもんの末路【ずんだもん&ゆっくり解説】
edamamestory	伸びた	34	fr5QaeTbGIY		647	9000	【実話】コンタクトで睡眠して眼球が腐敗！？自業自得なずんだもんの末路【ずんだもん&ゆっくり解説】
edamamestory	伸びた	35	X9jJVKEhLyM		3297	321000	【実話】北の美女軍団...喜び組の悲惨な末路【ずんだもん＆ゆっくり解説】【総集編】
edamamestory	伸びた	36	JtFMwacwkB8		749	64000	【実話】サル肉食ってエボラ出血熱に感染したずんだもんの末路【ずんだもん＆ゆっくり解説】
edamamestory	伸びた	37	vchKA2SzPn8		730	182000	【実話】前世の記憶を持って生まれたずんだもんの末路【ずんだもん&ゆっくり解説】
edamamestory	伸びた	38	ZiG-nsxCTGo		678	7400	【実話】オリンピックでミスした北〇鮮選手の末路【ずんだもん&ゆっくり解説】
edamamestory	伸びた	39	4MNHaZTJEkc		628	31000	【実話】致命傷でも死なない... アメリカが恐れた不死身の日本人「船坂弘」【ずんだもん&ゆっくり解説】
edamamestory	伸びた	40	cZmpWPcUNOk		3376	166000	【実話】適応障害になるとどんな生活になるのか？【ずんだもん＆ゆっくり解説】【総集編】
edamamestory	伸びた	41	27bANprf_t4		641	140000	【実話】放射線に被爆してしまったずんだもんの末路【ずんだもん＄ゆっくり解説】
edamamestory	伸びた	42	ZACMBHZIKow		687	15000	【実話】世界三大激痛… 群発頭痛に罹ったずんだもんの末路【ずんだもん&ゆっくり解説】
edamamestory	伸びた	43	N1IaTtnyGsE		635	6400	【実話】死にかけた直後に宝くじ当選した幸運過ぎるずんだもんの末路【ずんだもん&ゆっくり解説】
edamamestory	伸びた	44	ppASHkFCG9s		551	13000	【実話】耳かきで脳が汚染されたずんだもんの末路【ずんだもん&ゆっくり解説】
edamamestory	伸びた	45	HtI1_DYmCHU		610	9900	【実話】一生童貞！？女性恐怖症になったずんだもんの末路【ずんだもん&ゆっくり解説】
edamamestory	伸びた	46	gc_100lwPo8		685	79000	【実話】前世の記憶を持って生まれたずんだもん。生まれ変わって奇跡の再会を果たす【ずんだもん&ゆっくり解説】
edamamestory	伸びた	47	3jPBJUx06_8		578	5400	【実話】致シ率90%の最恐細菌「炭疽菌」に感染した男の末路【ずんだもん&ゆっくり解説】
edamamestory	伸びた	48	iB-qpe6RgXA		3002	113000	【実話】鼻毛を抜いてとんでもないことになったずんだもんの末路【ずんだもん＆ゆっくり解説】【総集編】
edamamestory	伸びた	49	7Kv8Ga7SUK0		687	80000	【実話】働かないZ世代の実態とその価値観とは【ずんだもん＆ゆっくり解説】
edamamestory	伸びた	50	RbWh_PdCnpg		1023	62000	【実話】アスペルガー症候群（ASD）になるとどんな生活になるのか【ずんだもん&ゆっくり解説】
edamamestory	伸びた	51	TIxE3-eevEA		1127	13000	【実話】ADHDになるとどんな生活になるのか【ずんだもん&ゆっくり解説】
edamamestory	伸びた	52	vDR9XIuSTWw		792	19000	【実話】生涯独身で無敵の人に... 生涯独身の実態と若者の結婚観【ずんだもん&ゆっくり解説】
edamamestory	伸びた	53	yyP1d1jFXnQ		4352	83000	【実話】7歳でハーバード大学に合格した少年... 天才すぎて精神を病む。【ずんだもん&ゆっくり解説】【総集編】
edamamestory	伸びた	54	QYPwV4QgnVU		807	39000	【実話】風呂キャンセル界隈の実態とその価値観とは【ずんだもん&ゆっくり解説】
edamamestory	伸びた	55	RYoEKORbB7M		843	46000	【実話】ホームレスの実態とその価値観とは【ずんだもん&ゆっくり解説】
edamamestory	伸びた	56	ZdgtuNaQaAE		787	10000	【実話】結婚式がオワコン化した理由と業界の闇とは【ずんだもん&ゆっくり解説】
edamamestory	伸びた	57	1SqHeala8qU		894	58000	【実話】中高年引きこもりのリアルな実態と8050問題について【ずんだもん＆ゆっくり解説】
edamamestory	伸びた	58	4jy8-42khmY		3160	222000	【実話】クソガキの悪ふざけで取り返しのつかない事態に...【ずんだもん&ゆっくり解説】【総集編】
edamamestory	伸びた	59	g4NG9TDPMaE		923	20000	【実話】自己破産を舐めてかかったずんだもんの末路【ずんだもん&ゆっくり解説】
edamamestory	伸びた	60	ZDpdMHlXtfc		646	20000	【実話】ウーバーイーツ配達員減少の理由が深刻すぎた    【ずんだもん＆ゆっくり解説】
edamamestory	伸びた	61	xXdxoMKRevQ		753	13000	【実話】生活保護のリアルな実態と不正受給の末路とは【ずんだもん＆ゆっくり解説】
edamamestory	伸びた	62	EK6xNm5OlPE		982	34000	【実話】あなたの身近にいる絶対に関わってはいけない人の特徴【ずんだもん＆ゆっくり解説】
edamamestory	伸びた	63	7zQt5nmohPY		2907	69000	【実話】ニキビ潰したことが原因で取り返しのつかない事態に...【ずんだもん&ゆっくり解説】【総集編】
edamamestory	伸びた	64	aYP_6KEkCPM		852	105000	【実話】うつ病の実態とその原因とは【ずんだもん&ゆっくり解説】
edamamestory	伸びた	65	JwneY5oB5ik		754	7100	【実話】浮気した彼女にウ●コのタトゥーを彫ったずんだもんの末路【ずんだもん&ゆっくり解説】
edamamestory	伸びた	66	qMRj_fZFzl0		793	6000	【実話】強迫性障害の実態とその原因とは【ずんだもん&ゆっくり解説】
edamamestory	伸びた	67	jbh-uqMfsJk		905	4500	【実話】爪を噛む癖を絶対にやめた方いい理由が恐ろし過ぎた【ずんだもん&ゆっくり解説】
edamamestory	伸びた	68	7D3Co24jkCc		3416	132000	【実話】前世の記憶を持って生まれた少年... 自分をコ〇した犯人を逮捕する【ずんだもん&ゆっくり解説】【総集編】
edamamestory	伸びた	69	ANN3CFxiCAM		861	16000	【実話】たばこ業界の悲惨な現状とは【ずんだもん&ゆっくり解説】
edamamestory	伸びた	70	-tTBm_7Vj94		837	13000	【実話】介護業界の悲惨な実態とは【ずんだもん&ゆっくり解説】
edamamestory	伸びた	71	iep3rtmw2BQ		852	12000	【知らなきゃヤバい】年々増加している孤独死する人の共通点とは【ずんだもん&ゆっくり解説】
edamamestory	伸びた	72	-cLI7h-5VHw		741	10000	【実話】人間関係リセット症候群の実態とその価値観とは【ずんだもん&ゆっくり解説】
edamamestory	伸びた	73	j_umz1Kno_I		3284	156000	【実話】働かないZ世代の実態とその価値観とは【ずんだもん＆ゆっくり解説】【総集編】
edamamestory	伸びた	74	DiDUpa-jeLw		921	48000	【実話】糖尿病になるとどうなるのか？【ずんだもん&ゆっくり解説】
edamamestory	伸びた	75	3nOclFXnOxA		770	40000	【実話】アナタは大丈夫？SNS中毒の恐ろしい末路とは【ずんだもん&ゆっくり解説】
edamamestory	伸びた	76	vtROBXlpkwg		809	36000	【実話】近年話題になっている統合失調症の実態とは【ずんだもん&ゆっくり解説】
edamamestory	伸びた	77	TkG-z-SmF5Y		836	11000	普通に生きるのが難しくなっている残酷な現実とは【ずんだもん&ゆっくり解説】
edamamestory	伸びた	78	GNIAgJ2jaW4		2866	149000	【実話】ホームレスの実態とその価値観とは【ずんだもん&ゆっくり解説】【総集編】
edamamestory	伸びた	79	oa33gxFye90		848	7300	【実話】若者貧困化の実態とは【ずんだもん&ゆっくり解説】
edamamestory	伸びた	80	EJU9b4YqpK4		860	96000	【実話】社会で生きづらい境界知能のリアルな実態とは【ずんだもん&ゆっくり解説】
edamamestory	伸びた	81	ab-fzgRjM8I		910	117000	【実話】すぐ辞めた新入社員のその後の人生が悲惨過ぎた【ずんだもん&ゆっくり解説】
edamamestory	伸びた	82	PVwW6vPehCs		900	10000	【実話】なぜ優秀な社員は辞めていくのか？【ずんだもん&ゆっくり解説】
edamamestory	伸びた	83	fZAe25yNM54		3455	71000	【実話】アナタの身近にいる絶対に関わってはいけない人の特徴【ずんだもん＆ゆっくり解説】【総集編】
edamamestory	伸びた	84	03XbrO3Ytko		861	33000	【実話】うつ病よりも危険な躁うつ病（双極性障害）の実態とは【ずんだもん&ゆっくり解説】
edamamestory	伸びた	85	WN_y4dcUPYE		772	21000	【実話】見栄っ張りな若者が送る人生が悲惨過ぎた【ずんだもん&ゆっくり解説】
edamamestory	伸びた	86	F-D155hFUjM		870	32000	【実話】やる気はあるが仕事ができない... 若手無能社員の人生が悲惨すぎた【ずんだもん&ゆっくり解説】
edamamestory	伸びた	87	hPK8GpnuUvY		804	15000	【実話】100人に1人が発症... パニック障害になるとどんな生活になるのか？【ずんだもん&ゆっくり解説】
edamamestory	伸びた	88	eEMrO2K2UYQ		3726	134000	【実話】うつ病の実態とその原因とは【ずんだもん&ゆっくり解説】【総集編】
edamamestory	伸びた	89	IYhVs3TzqLE		800	20000	【実話】4人に1人が経験する...「五月病」の実態とその原因とは【ずんだもん&ゆっくり解説】
edamamestory	伸びた	90	WWBjUJ-Qctw		817	133000	【実話】若者の社会不適合者が増えた理由とは【ずんだもん&ゆっくり解説】
edamamestory	伸びた	91	H-GUaoJc0_A		842	20000	【実話】ネットの情報で家庭崩壊... 陰謀論にハマる母の実態とその原因とは【ずんだもん&ゆっくり解説】
edamamestory	伸びた	92	9dRPWT7s8jk		768	32000	【実話】突然の余命宣告... すい臓がんの恐ろしい実態とは【ずんだもん&ゆっくり解説】
edamamestory	伸びた	93	GHyy7JQyqCc		3317	175000	【実話】中高年引きこもりのリアルな実態とは【ずんだもん＆ゆっくり解説】【総集編】
edamamestory	伸びた	94	pAWomyDrcI0		790	16000	【実話】仕事が続かない若手社員のその後の人生が悲惨過ぎた【ずんだもん&ゆっくり解説】
edamamestory	伸びた	95	sDD-_l_S3TI		822	23000	【実話】若者に急増中... 社内ニートのリアルな実態とは【ずんだもん&ゆっくり解説】
edamamestory	伸びた	96	r0VWRdQTvG4		749	16000	【実話】モンスターペアレントのリアルな実態とその原因とは【ずんだもん&ゆっくり解説】
edamamestory	伸びた	97	-sSMKhYkGWI		814	8000	【実話】ヤバすぎる手口... 占いにダマされた女の末路とは【ずんだもん&ゆっくり解説】
edamamestory	伸びた	98	QKzscfphkGc		3146	53000	【実話】風呂キャンセル界隈の実態とその価値観とは【ずんだもん&ゆっくり解説】【総集編】
edamamestory	伸びた	99	r8VmxvTkEAQ		794	14000	【実話】ブラック企業のリアルな実態とは【ずんだもん&ゆっくり解説】
edamamestory	伸びた	100	FQTBRgk6C-0		854	21000	【実話】ネットで誹謗中傷をした人間のその後の人生が悲惨すぎた【ずんだもん&ゆっくり解説】
edamamestory	伸びた	101	15iR039b-vU		837	40000	【実話】チー牛の実態とその価値観とは【ずんだもん&ゆっくり解説】
edamamestory	伸びた	102	vCBhqq3jJzI		824	19000	【実話】全て親の言いなり... 過干渉されて育った子供の人生が悲惨すぎた【ずんだもん&ゆっくり解説】
edamamestory	伸びた	103	q5AI_fBARfQ		3073	52000	【実話】糖尿病になるとどうなるのか？【ずんだもん&ゆっくり解説】【総集編】
edamamestory	伸びた	104	AuZUmE7a1hA		865	62000	【実話】残クレでレクサスを買った若者の末路【ずんだもん&ゆっくり解説】
edamamestory	伸びた	105	t6m_AH-lNc4		843	50000	【実話】懲戒解雇になった社員のその後の人生が悲惨すぎた【ずんだもん&ゆっくり解説】
edamamestory	伸びた	106	X3QQ06tjVeM		793	6900	【実話】退職代行を利用した若手社員の末路【ずんだもん&ゆっくり解説】
edamamestory	伸びた	107	fODl0dmcXr0		754	48000	【実話】トー横キッズの人生があまりにも悲惨すぎた【ずんだもん&ゆっくり解説】
edamamestory	伸びた	108	NHp3f1Kjvh4		3234	111000	【実話】社会で生きづらい境界知能のリアルな実態とは【ずんだもん&ゆっくり解説】【総集編】
edamamestory	伸びた	109	_-hTpHC5Ds8		781	37000	【実話】突然の余命宣告... 大腸がんの恐ろしい実態とは【ずんだもん&ゆっくり解説】
edamamestory	伸びた	110	0Jwio7cSrEE		763	4400	【実話】一般人がタワーマンションに住むとどうなるのか？【ずんだもん&ゆっくり解説】
edamamestory	伸びた	111	h6CM7ZUqGLY		981	13000	【実話】50代独身ボッチの悲惨すぎる実態とは【ずんだもん&ゆっくり解説】
edamamestory	伸びた	112	3DQ-a9Lm24M		770	5800	【実話】関わったら終わり... 老害社員の実態とは【ずんだもん&ゆっくり解説】
edamamestory	伸びた	113	OGwrx1YAHAg		3235	149000	【実話】若者の社会不適合者が増えた理由とは【ずんだもん&ゆっくり解説】【総集編】
edamamestory	伸びた	114	SUhTt5vZ4V4		793	8100	【実話】ドバイ案件を受けた女性の悲惨過ぎる末路【ずんだもん&ゆっくり解説】
edamamestory	伸びた	115	I0dackKH-xo		882	10000	【実話】二郎系ラーメン中毒になるとどうなってしまうのか？【ずんだもん&ゆっくり解説】
edamamestory	伸びた	116	Eu8DYw0f504		760	18000	【実話】近年急増するプリウスミサイルの実態とは【ずんだもん&ゆっくり解説】
edamamestory	伸びた	117	M4vfjXpZ_4M		788	9100	【実話】高齢者利用が増加中... ラ〇ホ業界の実態とは【ずんだもん&ゆっくり解説】
edamamestory	伸びた	118	JokmRKj0q60		769	8000	【実話】痴漢免罪の実態とその回避法とは【ずんだもん&ゆっくり解説】
edamamestory	伸びた	119	vK_12iOqB8Q		766	7500	【実話】若者の発達障害が増えた理由とは【ずんだもん&ゆっくり解説】
edamamestory	伸びた	120	2bAXFe_IvWY		3332	34000	【実話】すぐ辞めた新入社員のその後の人生が悲惨過ぎた【ずんだもん&ゆっくり解説】【総集編】
edamamestory	伸びた	121	4-IIqgmNPkY		807	11000	【実話】急増するペアローン地獄の実態とは【ずんだもん&ゆっくり解説】
edamamestory	伸びた	122	wAobd_uKER0		769	7600	【実話】何かがおかしい... なぜ不登校が増えているのか？【ずんだもん&ゆっくり解説】
edamamestory	伸びた	123	M33DfgxJDhQ		720	16000	【実話】残クレでアルファードを買った若者の末路【ずんだもん&ゆっくり解説】
edamamestory	伸びた	124	MX1vTj-LCSY		3188	24000	【実話】突然の余命宣告… すい臓がんの恐ろしい実態とは【ずんだもん&ゆっくり解説】【総集編】
edamamestory	伸びた	125	bKnSQmaenKA		866	7300	【実話】無期懲役のリアルな実態とは【ずんだもん&ゆっくり解説】
edamamestory	伸びた	126	cEDt5i1VZWA		723	16000	【実話】パチンコ依存症の悲惨過ぎる末路とは【ずんだもん&ゆっくり解説】
edamamestory	伸びた	127	LMAQ5CmyZCU		827	20000	【実話】ガチで笑えない… 悲劇のヒロイン症候群の実態とは【ずんだもん&ゆっくり解説】
edamamestory	伸びた	128	NI5HnG_K4p0		898	21000	【実話】アナタは大丈夫？現代人の物忘れが急増している理由とは【ずんだもん&ゆっくり解説】
edamamestory	伸びた	129	jPL1HMaKlQE		783	4500	【実話】社会ナメすぎ… パソコンが使えないZ世代の実態とは【ずんだもん&ゆっくり解説】
edamamestory	伸びた	130	CYdYmHh2ViA		937	38000	【実話】アルツハイマー型認知症の実態とその予防法とは【ずんだもん&ゆっくり解説】
edamamestory	伸びた	131	JPDIXARs_fw		830	12000	【実話】メンタルが弱すぎる若者の実態とその理由とは【ずんだもん&ゆっくり解説】
edamamestory	伸びた	132	LR3XKgeldFQ		3490	54000	【実話】チー牛の実態とその価値観とは【ずんだもん&ゆっくり解説】【総集編】
edamamestory	伸びた	133	RaCLMuKI6lQ		749	10000	【実話】ガチで笑えない... プライドが高すぎる無能社員の末路とは【ずんだもん&ゆっくり解説】
edamamestory	伸びた	134	XcCNY3UEmLE		877	26000	【実話】働かないZ世代の実態とその価値観とは【ずんだもん&ゆっくり解説】
edamamestory	伸びた	135	_QYop-x9o9Q		809	424000	近年、適応障害が急増している理由とその原因とは【ずんだもん&ゆっくり解説】
edamamestory	伸びた	136	PqgoXXIC0UY		725	13000	実はこの特徴ある人は心の病気かも…【スキゾイドパーソナリティ障害】【ずんだもん&ゆっくり解説】
edamamestory	伸びた	137	bS6IPsOzdc4		3236	35000	残クレでレクサスを買った若者の末路【ずんだもん&ゆっくり解説】【総集編】
edamamestory	伸びた	138	o4JDy69lcLU		824	14000	アナタは大丈夫？ガチで頭が悪い人の思考法とその解決策とは【ずんだもん&ゆっくり解説】
edamamestory	伸びた	139	dKG5q3QTgiI		883	4800	近年、前立腺がんが急増している理由とは【ずんだもん&ゆっくり解説】
edamamestory	伸びた	140	fNq8ZGaA4KE		828	15000	悪質転売ヤーが消えない本当の理由とは【ずんだもん&ゆっくり解説】
edamamestory	伸びた	141	CRXr8pUuDz0		780	26000	若くしてガンになるとどうなるのか？【ずんだもん&ゆっくり解説】
edamamestory	伸びた	142	tvDL33ebrmQ		840	11000	若年性アルツハイマーの実態とその原因とは【ずんだもん&ゆっくり解説】
edamamestory	伸びた	143	EcLxsAdTiao		3190	65000	【実話】懲戒解雇になった社員のその後の人生が悲惨すぎた【ずんだもん&ゆっくり解説】【総集編】
edamamestory	伸びた	144	tjVvvwHz410		813	17000	近年増加する脳梗塞のヤバすぎる実態とは【ずんだもん&ゆっくり解説】
edamamestory	伸びた	145	nt3_LNM2kEk		827	13000	ストレスで体が膨らむ... 呑気症がヤバすぎた【ずんだもん&ゆっくり解説】
edamamestory	伸びた	146	o0b6j_qjxkQ		948	15000	アナタは大丈夫？ガチの陰キャさん実はヤバい障害かもしれない...【ずんだもん&ゆっくり解説】
edamamestory	伸びた	147	b3ZrYnKiB38		792	24000	余命宣告を受けるとどんな人生になるのか？【ずんだもん&ゆっくり解説】
edamamestory	伸びた	148	JkywqRCLpwY		3141	20000	【実話】気づいたときにはもう手遅れ... 大腸がんのエグすぎる実態とは【ずんだもん&ゆっくり解説】【総集編】
edamamestory	伸びた	149	cJo7RWylapY		930	7200	記憶力が高すぎるとどうなるか？【ずんだもん&ゆっくり解説】
edamamestory	伸びた	150	qvvMb0GbL2U		849	7700	急増する孤独死… 特殊清掃員になるとどうなるのか？【ずんだもん&ゆっくり解説】
edamamestory	伸びた	151	ZlF5A4bKnvk		805	13000	若者の境界知能が急増している理由【ずんだもん＆ゆっくり解説】
edamamestory	伸びた	152	Z2sPGLAiPa4		804	48000	近年、微笑みうつ病が急増している理由とその原因とは【ずんだもん＆ゆっくり解説】
edamamestory	伸びた	153	sSXT1M-1a1Q		929	10000	なぜホームレスになってしまうのか？【ずんだもん&ゆっくり解説】
edamamestory	伸びた	154	XQvs5asTmfA		3287	14000	【実話】アルツハイマー型認知症の残酷な実態とは【ずんだもん&ゆっくり解説】【総集編】
edamamestory	伸びた	155	R7kGEX5yyNI		841	9300	急増する高齢労働者のリアルな実態とは【ずんだもん&ゆっくり解説】
edamamestory	伸びた	156	XHTwmUGu6YA		794	5200	若者のテレビ離れが急増した理由がヤバすぎた【ずんだもん&ゆっくり解説】
edamamestory	伸びた	157	RKWY5ObaBJA		722	4400	携帯ショップの実態がヤバすぎた【ずんだもん&ゆっくり解説】
edamamestory	伸びた	158	aXxw14qXziU		732	6100	急増するシングルマザーの残酷な実態とは【ずんだもん&ゆっくり解説】
edamamestory	伸びた	159	TLI-cTn2D68		780	11000	深夜労働者のリアルな実態【ずんだもん&ゆっくり解説】
edamamestory	伸びた	160	J91yVQWVEx4		3314	35000	【実話】ガチで笑えない… 悲劇のヒロイン症候群の実態とは【ずんだもん&ゆっくり解説】【総集編】
edamamestory	伸びた	161	NE50hweAowc		790	4300	スキマバイトの残酷な実態とは【ずんだもん&ゆっくり解説】
edamamestory	伸びた	162	YSQh3-BwAKQ		870	267000	隠れアダルトチルドレンが増えている理由とは【ずんだもん&ゆっくり解説】
edamamestory	伸びた	163	KfxCeCsdSH4		730	15000	若害が増えている理由とは【ずんだもん&ゆっくり解説】
edamamestory	伸びた	164	CGJN6aeaJ2M		781	39000	東京生活の残酷な現実とは【ずんだもん&ゆっくり解説】
edamamestory	伸びた	165	Mt9hfoK4kd4		823	5000	なぜ旅行しない若者が急増しているのか？【ずんだもん&ゆっくり解説】
edamamestory	伸びた	166	PC_3HuyI4yE		3460	16000	回避性パーソナリティ障害が増えている理由とは【ずんだもん&ゆっくり解説】【総集編】
edamamestory	伸びた	167	TvE336X2sZQ		899	46000	中高年引きこもりが急増している理由とは【ずんだもん&ゆっくり解説】
edamamestory	伸びた	168	Gn-MOgG2TV8		855	10000	若者のルッキズムが急増している理由【ずんだもん&ゆっくり解説】
edamamestory	伸びた	169	1EQ9eLlwQLA		816	11000	カフェイン中毒が急増している理由とは【ずんだもん&ゆっくり解説】
edamamestory	伸びた	170	x_vzDRfj4BE		806	15000	40代で人生詰む人が急増している理由とは【ずんだもん&ゆっくり解説】
edamamestory	伸びた	171	He_HEvCUVwo		3184	51000	近年、適応障害が急増している理由とその原因とは【ずんだもん&ゆっくり解説】【総集編】
edamamestory	伸びた	172	KqYiKnaJdZg		740	4500	いい子症候群が増えている理由とは【ずんだもん&ゆっくり解説】
edamamestory	伸びた	173	mvUw8J1CQvs		805	9900	【実話】年金を支払わずに老後を迎えたずんだもんの末路【ずんだもん&ゆっくり解説】
edamamestory	伸びた	174	AgBmfwLTzVw		796	18000	【実話】知らないと手遅れ… 胃ガンの恐ろしい実態とは【ずんだもん&ゆっくり解説】
edamamestory	伸びた	175	8_aKHKIIdd4		848	3400	【実話】知らないとヤバい… 休日なのに体がダルい本当の理由とは【ずんだもん&ゆっくり解説】
edamamestory	伸びた	176	L1j0BWiBS04		712	3200	【実話】ゲーム課金依存症エグ過ぎる末路とは【ずんだもん&ゆっくり解説】
edamamestory	伸びた	177	dVSCCVrHgsk		3308	12000	【実話】働かないZ世代の実態とその価値観とは【ずんだもん&ゆっくり解説】【総集編】
edamamestory	伸びた	178	0drysIg4dEo		774	4200	人前で食事ができない… 会食恐怖症になるとどうなるのか？【ずんだもん&ゆっくり解説】
edamamestory	伸びた	179	hlUKDNdzYME		824	5500	ストレスで出血… 血汗症になるとどうなるのか？【ずんだもん&ゆっくり解説】
edamamestory	伸びた	180	GFuETuWacbA		752	20000	【実話】借金返済を無視し続けた若者のその後の人生が悲惨すぎた【ずんだもん&ゆっくり解説】
edamamestory	伸びた	181	B_MW73VAdlY		735	3900	頑張っても無駄… 静かな退職が増えている理由とは【ずんだもん＆ゆっくり解説】
edamamestory	伸びた	182	VZ1m4PsWWio		3158	26000	アナタも要注意... 近年、微笑みうつ病が急増している理由とその原因とは【ずんだもん＆ゆっくり解説】【総集編】
edamamestory	伸びた	183	wKTYDzvl3wY		3206	64000	若者の境界知能が急増している理由【ずんだもん＆ゆっくり解説】【総集編】
edamamestory	伸びた	184	KIUv7YHDaj0		752	9700	カサンドラ症候群の悲惨すぎる実態【ずんだもん＆ゆっくり解説】
edamamestory	伸びた	185	DdpbnGU-6gg		725	10000	肺がんのエグすぎる実態とは【ずんだもん&ゆっくり解説】
edamamestory	伸びた	186	J_ON0tTLoac		3288	21000	若者ガンの残酷過ぎる実態とは【ずんだもん&ゆっくり解説】【総集編】
edamamestory	伸びた	187	ve8OM7ICPic		746	4100	HSPになるとどんな生活になるのか？【ずんだもん&ゆっくり解説】
edamamestory	伸びた	188	RqIdvnxP4gE		797	18000	爆弾を残して退職した男の末路【ずんだもん&ゆっくり解説】
edamamestory	伸びた	189	qX0Ylp1AUCQ		984	4600	やりがい搾取のエグすぎる実態とは【ずんだもん&ゆっくり解説】
edamamestory	伸びた	190	vfOJhJl46cM		737	6800	あおり運転で事故を起こした男の末路【ずんだもん&ゆっくり解説】
edamamestory	伸びた	191	DIQ_Lhxurvo		811	4900	初任給30万企業の残酷な実態とは【ずんだもん&ゆっくり解説】
edamamestory	伸びた	192	cER-LrT8bks		888	10000	現代の奴隷労働… B型就労支援のエグすぎる実態【ずんだもん&ゆっくり解説】
edamamestory	伸びた	193	tDkluU2T3Bk		3350	40000	ホームレスのリアルな生活とは【ずんだもん&ゆっくり解説】【総集編】
edamamestory	伸びた	194	Tu87OfHENrg		900	25000	女性用風俗で働くとどうなるのか？【ずんだもん&ゆっくり解説】
edamamestory	伸びた	195	V7dtPItc9ec		816	13000	人手不足なのに働けない理由とは【ずんだもん&ゆっくり解説】
edamamestory	伸びた	196	PfjXt1hWxn0		979	31000	社会不適合者が急増している理由とは【ずんだもん&ゆっくり解説】
edamamestory	伸びた	197	2FMoXgsVADA		748	5100	絶対に休んだ方がいい体のサインとは【ずんだもん&ゆっくり解説】
edamamestory	伸びた	198	lwo7yp0NUC0		709	11000	チャットレディで働くとどうなるのか？【ずんだもん&ゆっくり解説】
edamamestory	伸びた	199	O3cakDe18mY		3235	26000	隠れアダルトチルドレンが増えている理由とは【ずんだもん&ゆっくり解説】【総集編】
edamamestory	伸びた	200	M60mnEy1W4A		716	8600	30代で糖尿病になるとどんな生活になるのか？【ずんだもん&ゆっくり解説】
edamamestory	伸びた	201	9t5QBU2sFbw		790	26000	3組に1組が離婚する理由とは【ずんだもん&ゆっくり解説】
edamamestory	伸びた	202	imAwhhJDfIk		764	13000	頭が悪い若者が急増している本当の理由とは【ずんだもん&ゆっくり解説】
edamamestory	伸びた	203	VxvzYTdwhXE		924	8300	ギフテッドで生まれるとどうなるのか？【ずんだもん&ゆっくり解説】
edamamestory	伸びた	204	eS6XMfpy160		818	11000	現代人はなぜうつ病になるのか？【ずんだもん&ゆっくり解説】
edamamestory	伸びた	205	KLGcLH9mpX4		3107	105000	中年引きこもりが急増している理由とは【ずんだもん&ゆっくり解説】【総集編】
edamamestory	伸びた	206	3YP59hfxj0o		857	5200	会社でサボり過ぎるとどうなるのか？【ずんだもん&ゆっくり解説】
edamamestory	伸びた	207	5g_ChUb8WBg		857	8100	リベンジ退職が急増している理由とは【ずんだもん&ゆっくり解説】
edamamestory	伸びた	208	H2kGoECToOQ		867	57000	残クレiphoneが急増してる理由とは【ずんだもん&ゆっくり解説】
edamamestory	伸びた	209	xrsCadWfucY		717	29000	趣味が無い人が急増してる理由とは【ずんだもん&ゆっくり解説】
edamamestory	伸びた	210	JUbOGpJMQxA		880	26000	隠れサイコパスの実態とは【ずんだもん&ゆっくり解説】
edamamestory	伸びた	211	lDPB4hcVQ20		904	59000	若者の事実婚が急増してる理由【ずんだもん&ゆっくり解説】
edamamestory	伸びた	212	R1fUA4BO8Es		719	11000	動画を流しながら寝落ちするとどうなるのか？【ずんだもん&ゆっくり解説】
edamamestory	伸びた	213	V3kSK7B4HDc		850	17000	生活保護不正受給のリアルな実態【ずんだもん&ゆっくり解説】
edamamestory	伸びた	214	Bi3nUXCixyg		684	25000	交際0日婚が急増してる理由【ずんだもん&ゆっくり解説】
edamamestory	伸びた	215	Sd4BmHZkdqE		723	7700	Fラン大卒がオワコンの理由【ずんだもん&ゆっくり解説】
edamamestory	伸びた	216	T1aVXpDh0Eg		3112	64000	若害が急増してる理由【ずんだもん&ゆっくり解説】【総集編】
edamamestory	伸びた	217	kiDp9lVk0bA		983	20000	高卒の非正規雇用が多い理由とは【ずんだもん&ゆっくり解説】
edamamestory	伸びた	218	InczgefTg7U		843	13000	どれだけ努力しても無駄な理由【ずんだもん&ゆっくり解説】
edamamestory	伸びた	219	4oUklrZ3ozc		904	231000	アナタの体が疲れやすい理由とは【ずんだもん&ゆっくり解説】
edamamestory	伸びた	220	8Hh3POdUXHY		876	9000	整形する人が急増してる理由【ずんだもん&ゆっくり解説】
edamamestory	伸びた	221	jqP0GIdHFP0		746	7900	肝臓がんになるとどうなるのか？【ずんだもん&ゆっくり解説】
edamamestory	伸びた	222	wMsy1uQekhw		760	13000	隠れADHDの実態とは【ずんだもん&ゆっくり解説】
edamamestory	伸びた	223	I_Z_qVNa3wY		884	149000	貯金が無い若者が急増してる理由とは【ずんだもん&ゆっくり解説】
edamamestory	伸びた	224	4LahGShyfIQ		722	17000	社会で無能が必要な理由とは【ずんだもん&ゆっくり解説】
edamamestory	伸びた	225	GMOXlXfkXgs		851	63000	マイルド貧困が急増してる理由とは【ずんだもん&ゆっくり解説】
edamamestory	伸びた	226	AvAWZNYpn2Y		987	103000	退屈症候群急増してる理由とは【ずんだもん&ゆっくり解説】
edamamestory	伸びた	227	BrLc95QrXuE		991	53000	給料の高い仕事の実態とは【ずんだもん&ゆっくり解説】
edamamestory	伸びた	228	w6DyoaeAE-A		754	7500	賢く会社を辞める人の特徴とは【ずんだもん&ゆっくり解説】
edamamestory	伸びた	229	-cWHRC_osW0		730	21000	若者のクレカ沼が急増してる理由とは【ずんだもん&ゆっくり解説】
edamamestory	伸びた	230	vUg1dcxxj-A		865	9300	ブラックに人が残り続ける理由とは【ずんだもん&ゆっくり解説】
edamamestory	伸びた	231	NiEYLlQHIT4		732	10000	隠れソシオパスの実態とは【ずんだもん&ゆっくり解説】
edamamestory	伸びた	232	pggSX5cwFjE		899	15000	優秀な人が出世できない本当の理由とは【ずんだもん&ゆっくり解説】
edamamestory	伸びた	233	-ZcWj_mHlWk		698	48000	生涯独身が急増してる理由【ずんだもん&ゆっくり解説】
edamamestory	伸びた	234	Ejqk55jK_lI		759	6000	65歳までに捨てないと家族が泣くモノとは【ずんだもん&ゆっくり解説】
edamamestory	伸びた	235	je_DyDCAFrI		849	9700	SNSで晒し投稿が急増してる理由【ずんだもん&ゆっくり解説】
edamamestory	伸びた	236	2XC2II8mBB0		763	12000	副業で稼いでも生活が苦しい理由とは【ずんだもん&ゆっくり解説】
edamamestory	伸びた	237	ryS2ealJBFY		715	18000	iPhoneからアンドロイドに乗り換えが急増してる理由とは【ずんだもん&ゆっくり解説】
edamamestory	伸びた	238	lqmp5wQNuXE		930	23000	AI依存症が急増する理由とは【ずんだもん&ゆっくり解説】
edamamestory	伸びた	239	IF5ODFNtsLs		926	11000	マチアプ詐欺が急増してる理由【ずんだもん&ゆっくり解説】
edamamestory	伸びた	240	W-C-l_ZevPY		1025	9300	スマートICが急増している理由【ずんだもん&ゆっくり解説】
edamamestory	伸びた	241	AMXrbqIVU2E		806	8200	子供をSNSのネタにするクソ親の実態【ずんだもん&ゆっくり解説】
edamamestory	伸びた	242	f0IuBnkKas4		848	6800	寝だめが体に悪い理由とは【ずんだもん&ゆっくり解説】
edamamestory	伸びた	243	ZlDmh-N-Hs4		969	14000	情報商材屋が急増してる理由とは【ずんだもん&ゆっくり解説】
edamamestory	伸びた	244	FYkfFd3htCg		934	27000	静かなパワハラの実態とは【ずんだもん&ゆっくり解説】
edamamestory	伸びた	245	FRBpHeyEFko		953	73000	不健康な若者が急増してる理由とは【ずんだもん&ゆっくり解説】
edamamestory	伸びた	246	HwwToGwgfCE		879	28000	身近に溢れるパパ友ヒエラルキーの実態とは【ずんだもん&ゆっくり解説】
edamamestory	伸びた	247	1ru9Gq8ElNE		929	9500	貯金ゼロで老後を過ごすとどうなるのか？【ずんだもん&ゆっくり解説】
edamamestory	伸びた	248	tRyYDK8FiPA		799	6600	病院に行かない若者が急増してる理由とは【ずんだもん&ゆっくり解説】
edamamestory	伸びた	249	_8hA6RupWYY		842	98000	貧乏が遺伝する本当の理由とは【ずんだもん&ゆっくり解説】
edamamestory	伸びた	250	cXdn0LOfPVI		968	5300	体の不調を絶対に調べてはいけない理由とは【ずんだもん&ゆっくり解説】
edamamestory	伸びた	251	jyPTE9FOc3E		846	8700	真面目な社員がバカを見る会社の実態とは【ずんだもん&ゆっくり解説】
edamamestory	伸びた	252	NE99LAZ6dpk		915	33000	人生がつまらないと感じてしまう理由とは【ずんだもん&ゆっくり解説】
edamamestory	伸びた	253	_Pctb-Sr69A		912	23000	地方公務員の退職が急増してる理由とは【ずんだもん&ゆっくり解説】
edamamestory	伸びた	254	5HeAviuwGQM		922	22000	社内不倫で離婚するとガチですべて失います【ずんだもん&ゆっくり解説】
edamamestory	伸びた	255	H2JghW-hlZE		875	11000	脳腫瘍になるとどうなるのか？【ずんだもん&ゆっくり解説】
edamamestory	伸びた	256	m1f-4eujFKo		846	25000	メゾネット賃貸に住んではいけない理由とは【ずんだもん&ゆっくり解説】
edamamestory	伸びた	257	VOjr4ILn5vY		790	49000	絶対に結婚してはいけない女性の特徴とは【ずんだもん&ゆっくり解説】
edamamestory	伸びた	258	7VZTYny3Qyw		732	37000	食べても太らない体質の正体とは【ずんだもん&ゆっくり解説】
edamamestory	伸びた	259	fwQlEnH515M		909	10000	花粉症を自己判断してはいけない理由とは【ずんだもん&ゆっくり解説】
edamamestory	伸びた	260	NJxUzjtjkJo		798	17000	アナタの体がなぜかだるい理由とは【ずんだもん&ゆっくり解説】
edamamestory	伸びた	261	M7c6xduCeLU		745	7000	健康インフルエンサーを信じた末路とは【ずんだもん&ゆっくり解説】
edamamestory	伸びた	262	oWiDFm9nZQo		734	22000	賢い人ほど結婚しない理由とは【ずんだもん&ゆっくり解説】
edamamestory	伸びた	263	susKz6eoP40		833	21000	人生を楽にする思考法とは【ずんだもん&ゆっくり解説】
edamamestory	伸びた	264	JfA0hRkCc90		782	22000	退職代行のやばいトラブルとは【ずんだもん&ゆっくり解説】
edamamestory	伸びた	265	a1E5nuxgEu8		847	28000	仕事ができない人の特徴とは【ずんだもん＆ゆっくり解説】
edamamestory	伸びた	266	t9abGqhsgFY		779	15000	無理にダイエットをしてはいけない理由とは【ずんだもん&ゆっくり解説】
edamamestory	伸びた	267	pRs6l3YhUHQ		921	9800	アナタの体調が良くなる方法とは【ずんだもん&ゆっくり解説】
edamamestory	伸びた	268	PfbvXealQ30		981	181000	若者のセルフネグレクトが急増している理由とは【ずんだもん&ゆっくり解説】
edamamestory	伸びた	269	zvA4LuywVdc		950	42000	アナタの口臭を完全に消す方法【ずんだもん&ゆっくり解説】
edamamestory	伸びた	270	hUAxK75Iol4		793	17000	カップルの9割が別れる理由とは【ずんだもん&ゆっくり解説】
edamamestory	伸びた	271	_q6qm5ZBNa8		855	9900	SNSでうつになる理由とは【ずんだもん&ゆっくり解説】
edamamestory	伸びた	272	4WBOFrjgY_I		923	23000	借金地獄になる人の特徴とは【ずんだもん＆ゆっくり解説】
edamamestory	伸びた	273	4M74lr1gJHo		878	35000	無能な日本人が急増してる理由とは【ずんだもん&ゆっくり解説】
edamamestory	伸びた	274	Kbn0j1jQu-4		809	24000	結婚できない女の特徴とは【ずんだもん&ゆっくり解説】
edamamestory	伸びた	275	Gy8TZhedBMI		934	41000	年齢とともに孤独になる理由とは【ずんだもん&ゆっくり解説】
edamamestory	伸びた	276	ie16cxcwhWY		858	11000	人間関係で疲れない方法とは【ずんだもん&ゆっくり解説】
edamamestory	伸びた	277	-ItS3p5nbto		910	61000	無気力な子供が急増している理由とは【ずんだもん&ゆっくり解説】
edamamestory	伸びた	278	AQCUTfoT1Eo		972	234000	頭おかしい人が急増してる理由とは【ずんだもん&ゆっくり解説】
edamamestory	伸びた	279	4TzWTLCVmpA		947	127000	見えないホームレスが急増している理由とは【ずんだもん&ゆっくり解説】
edamamestory	伸びた	280	bKObG1K5YSU		1015	20000	子供いらない若者が急増している理由とは【ずんだもん&ゆっくり解説】
edamamestory	伸びた	281	eu_zUffxgGA		895	25000	生まれた家で人生が決まる本当の理由とは【ずんだもん&ゆっくり解説】
edamamestory	伸びた	282	XFIiE3L9b3Q		696	14000	なぜマイホームを買うと一生借金に苦しむのか【ずんだもん&ゆっくり解説】
edamamestory	伸びた	283	KOUOa_6eOts		844	14000	孤独死する人のヤバい特徴とは【ずんだもん&ゆっくり解説】
edamamestory	伸びた	284	n2CextTwlqc		890	40000	派遣社員を辞めれらない本当の理由とは【ずんだもん&ゆっくり解説】
edamamestory	伸びた	285	vnRgXKZtyLs		984	20000	氷河期世代が救われない本当の理由とは【ずんだもん&ゆっくり解説】
edamamestory	伸びた	286	J09GAmLDClA		985	35000	中高年リストラのリアルな実態とは【ずんだもん&ゆっくり解説】
edamamestory	伸びた	287	hn4qiOEgOe4		940	43000	子供いない老後のリアルな実態とは【ずんだもん&ゆっくり解説】
edamamestory	伸びた	288	CCFS0oE9y5s		879	15000	職場に蔓延るフレネミーの特徴とは【ずんだもん&ゆっくり解説】
edamamestory	伸びた	289	9hlwljEKw6Q		966	10000	親の介護で人生詰む理由とは【ずんだもん&ゆっくり解説】
edamamestory	伸びた	290	RUfU0eakqF4		1025	18000	老後貧乏になる人の特徴とは【ずんだもん&ゆっくり解説】
edamamestory	伸びた	291	lvm6LrsPqMc		1020	7900	なぜ賢い日本人が不幸になるのか？【ずんだもん&ゆっくり解説】
edamamestory	伸びた	292	u0f6nEqOZmk		988	68000	アナタが努力できない本当の理由とは【ずんだもん&ゆっくり解説】
edamamestory	伸びた	293	VRJQhFQeQgc		1016	11000	近年、熟年離婚が急増している理由とは【ずんだもん&ゆっくり解説】
edamamestory	伸びた	294	W723FJ7SSSg		1136	48000	マイホームと賃貸はどっちがお得なのか？【ずんだもん&ゆっくり解説】
edamamestory	伸びた	295	L2hbWM6qzqY		808	6700	アナタの脳が集中できない本当の理由とその解決法とは【ずんだもん&ゆっくり解説】
edamamestory	伸びた	296	MceCPJ9MQGU		1198	10000	無能な上司が出世する腐った会社の実態とは【ずんだもん&ゆっくり解説】
edamamestory	伸びた	297	f7OT-xJ3ims		1249	14000	働けば働くだけ年金を削られていく理由とは【ずんだもん&ゆっくり解説】
edamamestory	伸びた	298	A_hdnZmweOg		962	12000	氷河期世代の老後のリアルな実態とは【ずんだもん&ゆっくり解説】
edamamestory	伸びた	299	KlbO3qcnnME		1294	34000	見えない格差が広がっている理由とは【ずんだもん&ゆっくり解説】
edamamestory	伸びた	300	wL_1SCsYOXA		1201	23000	真面目な人ほどうつ病になる本当の理由とは【ずんだもん&ゆっくり解説】
edamamestory	伸びた	301	SliR1wIFDLY		1120	18000	給料が上がっても貧乏になる理由とは【ずんだもん&ゆっくり解説】
edamamestory	伸びた	302	Q_SrIjQXRWE		900	7700	新卒採用を減らす企業が増えている本当の理由とは【ずんだもん&ゆっくり解説】
edamamestory	伸びた	303	pd5nbP6YUCs		978	17000	「どうでもいい」と諦めると人生上手くいく理由【ずんだもん&ゆっくり解説】
edamamestory	伸びた	304	gIdDneF3nHs		1239	10000	楽して稼げる仕事が存在しない理由【ずんだもん&ゆっくり解説】
edamamestory	伸びた	305	kgCAcSO98n8		1068	24000	9割が知らない... ナフサショックの実態とは【ずんだもん&ゆっくり解説】
edamamestory	伸びた	306	BeMZ-3ATKHo		1192	20000	【9割が知らない】保険で損する本当の理由とは【ずんだもん&ゆっくり解説】
edamamestory	伸びた	307	Qbrn4bRZRsE		982	15000	日本人が貯金できない本当の理由とは【ずんだもん&ゆっくり解説】
edamamestory	伸びた	308	Hw9faoePWy8		882	7100	普通の家庭ほどよく起きる... 相続トラブルが急増している本当の理由とは【ずんだもん&ゆっくり解説】
edamamestory	伸びた	309	pksxt2rKtTw		1062	16000	長年ストレスに耐え続けるとどうなるのか？【ずんだもん&ゆっくり解説】
edamamestory	伸びた	310	ohYgCHjQUJ8		1099	352000	【9割が知らない】1970年代生まれが最も優秀な理由とは【ずんだもん&ゆっくり解説】
edamamestory	伸びた	311	3B_QdOE_LpI		922	59000	日本男性の3人に1人が生涯独身の衝撃的な理由とは【ずんだもん&ゆっくり解説】
edamamestory	伸びた	312	5bF0CFZjLsc		1066	155000	貯金がない40代が急増している理由とは【ずんだもん&ゆっくり解説】
edamamestory	伸びた	313	F42udo_AbLE		1089	27000	年を取るにつれて人生が退屈になる理由とは【ずんだもん&ゆっくり解説】
edamamestory	伸びた	314	h14Wb1_19jw		1032	94000	港区女子の知られざる実態とは【ずんだもん&ゆっくり解説】
edamamestory	伸びた	315	Z4o6Pc1mSv8		988	68000	真面目な人が社会で潰れる理由とは【ずんだもん&ゆっくり解説】
edamamestory	伸びた	316	-pSGqVv1g6Y		1131	11000	社会に適合できない人はどう生きればいいのか？【ずんだもん&ゆっくり解説】
edamamestory	伸びた	317	V8CDJigY1YI		1032	10000	社会に不要な仕事が高収入な理由とは【ずんだもん&ゆっくり解説】
edamamestory	伸びた	318	V22bH7vFqlY		1121	10000	非正規社員から抜け出せない本当の理由とは【ずんだもん&ゆっくり解説】
edamamestory	伸びた	319	XUYr7LppqaQ		1240	15000	【9割が知らない】マッチングアプリで不幸になる仕組みとは【ずんだもん&ゆっくり解説】
edamamestory	伸びた	320	ekkq0r7cQTU		1057	12000	シニア婚活が危険すぎる理由とは【ずんだもん&ゆっくり解説】
edamamestory	伸びた	321	HotdjSoq4P4		1002	26000	金持ちが庶民に絶対教えない裏常識とは【ずんだもん&ゆっくり解説】
edamamestory	伸びた	322	QphOczumwe4		1085	53000	お金が貯まらない家庭の共通点5選【ずんだもん&ゆっくり解説】
edamamestory	伸びた	323	8UDNu5vC0MA		1064	20000	賢い人ほど孤独を選ぶ理由とは【ずんだもん&ゆっくり解説】
edamamestory	伸びた	324	IvJ8TlLa_MU		1027	6300	梅毒が急増してる闇深すぎる理由とは【ずんだもん&ゆっくり解説】
edamamestory	伸びた	325	I0wtAelIhy0		914	4500	自転車離れが急増している理由とは【ずんだもん&ゆっくり解説】
edamamestory	伸びた	326	ondmNJkjsR0		1020	8100	【9割が知らない】変動金利の危険すぎるカラクリとは【ずんだもん&ゆっくり解説】
edamamestory	伸びた	327	7LF97sLKY3s		1102	87000	マンジャロ依存症の女性が増えている本当の理由とは【ずんだもん&ゆっくり解説】
edamamestory	伸びた	328	QPYVwdRWdzo		3105	24000	知らないと危険.... 寝ても取れない疲労の正体とは【ずんだもん＆ゆっくり解説】【総集編】
edamamestory	伸びた	329	nv3qPyAV1d4		1034	105000	2027年から始まる⁉︎新しい労働基準法がヤバすぎた…【40年ぶりの大改正】【ずんだもん&ゆっくり解説】
edamamestory	伸びた	330	rl8SkwE3ULg		1038	13000	【知らないと大損】退職後にやってはいけないこと5選【2026年/失業給付/健康保険/年金/住民税】【ずんだもん&ゆっくり解説】
edamamestory	伸びた	331	YsapGa1g_U8		1092	435000	かなり深刻... なぜドパガキと呼ばれる子供が急増しているのか？【ずんだもん&ゆっくり解説】
edamamestory	伸びた	332	esSQlvJmWIQ		975	22000	【9割が知らない】寝ても眠い人実は〇〇です【ずんだもん&ゆっくり解説】
edamamestory	伸びた	333	athcgzIaqo4		822	32000	衝撃の事実... 優しいのに舐められない人は絶対に〇〇しません【ずんだもん&ゆっくり解説】
edamamestory	伸びた	334	-dwuTgk6OG8		924	27000	9割が知らない... 長生きしない人がもっている共通点とは【ずんだもん&ゆっくり解説】
edamamestory	伸びた	335	3QSV9PjJ0E4		1073	43000	9割が知らない... 精神疾患はどのようにして発症するのか？【ずんだもん&ゆっくり解説】
edamamestory	伸びた	336	jZXEJjqi4Ws		943	20000	知らないと損する... 実は違法な会社の慣習とは【ずんだもん&ゆっくり解説】
edamamestory	伸びた	337	qNZJiZodkjI		814	6900	なぜ寝台列車は廃止されたのか？【ずんだもん&ゆっくり解説】
edamamestory	伸びた	338	P8gEsVTM000		1087	37000	【悲報】現代の仕事が昔より精神的にキツくなった理由がヤバすぎた...【ずんだもん&ゆっくり解説】
edamamestory	伸びた	339	OaeSwwcfvKc		788	105000	【コスパ最強】孤独な人生を最大限に楽しむ裏技教えます！【ずんだもん&ゆっくり解説】
edamamestory	伸びた	340	1DONyHhUkeE		1110	82000	【本質】 メンタルが強い人の思考法を全部教えます！【ずんだもん&ゆっくり解説】
edamamestory	伸びた	341	kuLADWZoRlg		1020	14000	9割が知らない... 周囲から理解されにくい新型うつ病の実態【ずんだもん&ゆっくり解説】
edamamestory	伸びた	342	ueeQU7Gk0ng		897	62000	【悲報】ついに男性が女性を避け始めてしまう…【ずんだもん&ゆっくり解説】
edamamestory	伸びた	343	Jk7UI1jaU90		1146	13000	【知らないと怖い】糖尿病はどのようにして発症するのか？【ずんだもん&ゆっくり解説】
edamamestory	伸びた	344	WfNOHaW6nQU		1089	554000	【ガチで使える】どんな悪口も気にならなくなる裏技を教えます！【ずんだもん&ゆっくり解説】
edamamestory	伸びた	345	UaCVGps01Sg		938	218000	【今すぐやめて】人が老化する原因は〇〇です【ずんだもん&ゆっくり解説】
edamamestory	伸びた	346	3XAD_8s-XUU		1172	62000	かなり深刻... なぜ人を冷笑する人が急増しているのか？【ずんだもん&ゆっくり解説】
edamamestory	伸びた	347	S1iba37Yo5k		737	24000	【コスパ最強】イヤな体臭を根本から消す裏技教えます！【ずんだもん&ゆっくり解説】
edamamestory	伸びた	348	DrL5ecvsLVw		842	201000	【9割が知らない】なぜ今になって50代60代の中年採用が増えているのか？【ずんだもん&ゆっくり解説】
edamamestory	伸びた	349	an9JfUghjbo		818	13000	【今すぐやって】仕事で疲れた体が超回復する最強の休み方を全部教えます！【ずんだもん&ゆっくり解説】
edamamestory	伸びた	350	GaKWp24dj5A		1138	51000	【エアコン不要】真夏の室内を−10℃涼しくする裏技教えます！【ずんだもん&ゆっくり解説】
edamamestory	伸びた	351	8DKb1q_ivcg		938	29000	【9割が知らない】なぜか部屋が汚くなる人だけが持つ才能とは【ずんだもん&ゆっくり解説】
edamamestory	伸びた	352	EEGN-Na59t0		864	56000	【閲覧注意】整形した人が年を取るとどうなるのか？【ずんだもん&ゆっくり解説】
edamamestory	伸びた	353	VQXpWKOeuw0		1122	10000	【今すぐ離れて】絶対に関わってはいけない人の特徴は〇〇です【自己愛性パーソナリティー障害】【ずんだもん&ゆっくり解説】
edamamestory	伸びた	354	c1IGeHcdlnU		961	72000	【知らないとヤバい】貧乏人が増え続ける本当の理由【ずんだもん&ゆっくり解説】
edamamestory	伸びた	355	u9B2djqXdXY		884	9800	【まだ間に合う】退屈な人生から抜け出す裏技教えます！【ずんだもん&ゆっくり解説】
edamamestory	伸びた	356	BTgJjMhnOuc		1073	95000	【残酷な現実】なぜ年収が低い人ほど高いものを買ってしまうのか？【ずんだもん&ゆっくり解説】
edamamestory	伸びた	357	Ym275Wn-7lg		1126	4800	【9割が知らない】新たに導入された残クレマイホームの実態とは【ずんだもん&ゆっくり解説】
edamamestory	伸びた	358	BUm9Iu0vD_Q		1067	12000	【知らないとヤバい】なぜ50代の黒字リストラが急増しているのか？【ずんだもん&ゆっくり解説】
edamamestory	伸びた	359	QCj7d6o7b_s		1166	34000	【当てはまったらヤバい】頭が悪くなる人の共通点とは【ずんだもん&ゆっくり解説】
edamamestory	伸びた	360	73kpD59nStA		833	44000	【異常事態】気温40℃越えの酷暑日が誕生してしまった理由【ずんだもん&ゆっくり解説】
edamamestory	伸びた	361	wiVBDWwk7c8		1042	25000	【9割が該当】なぜ独身なのにお金が貯まらないのか？【ずんだもん&ゆっくり解説】
edamamestory	伸びた	362	Ha8Gv_pQccU		887	12000	【絶対やめて】この健康習慣は全部逆効果です【ずんだもん&ゆっくり解説】
edamamestory	伸びた	363	g_BPnrnVEw0		857	97000	【アナタは大丈夫？】40代で人生詰む人の共通点とは【ずんだもん&ゆっくり解説】
edamamestory	伸びた	364	s7qzMDXhtb4		1013	6400	【店が教えない】飲み放題なのに儲かる仕組みがヤバすぎた...【ずんだもん&ゆっくり解説】
edamamestory	伸びた	365	5rRbF80I5Hk		1194	180000	【2026年最新】50代の貯金格差のリアルな実態とは【ずんだもん&ゆっくり解説】
edamamestory	伸びた	366	DDfzwmjVro4		967	486000	【永久保存版】2週間で内蔵脂肪を落とす最強習慣ぜんぶ教えます！【ずんだもん&ゆっくり解説】
edamamestory	伸びた	367	CYUhrkGW62Y		968	26000	【誰も教えてくれない】9割の人が人生を浪費してしまう理由【ずんだもん&ゆっくり解説】
edamamestory	伸びた	368	uUIE-CvNHF8		1040	103000	【知らないとヤバい】頭の良さはコレだけの会話でバレます【ずんだもん&ゆっくり解説】
edamamestory	伸びた	369	67nFT-SrHwg		3294	15000	【閲覧注意】限界集落に移住してしまうとどうなるのか？【ずんだもん＆ゆっくり解説】【総集編】
edamamestory	伸びた	370	2eoGcBlbV_w		1338	93000	【永久保存版】信じると貧乏になるお金の常識ぜんぶ教えます！【ずんだもん&ゆっくり解説】
edamamestory	伸びた	371	7RgFwIgt98A		953	27000	【9割が知らない】何でもある現代人が満たされない理由【ずんだもん&ゆっくり解説】
edamamestory	伸びた	372	BivxJL5Sbf4		1041	8300	【知らないと損】老後に選ぶべき最強バイトぜんぶ教えます！【ずんだもん&ゆっくり解説】
edamamestory	伸びた	373	hXYhExoWCEQ		945	79000	【絶対マネして】50代嫌でもお金が貯まる最強習慣を教えます！【ずんだもん&ゆっくり解説】
edamamestory	伸びた	374	KZ7wKPRU4eg		1095	22000	【9割が知らない】人生で苦労が絶えない人の共通点とは【ずんだもん&ゆっくり解説】
edamamestory	伸びた	375	Fou2uJZ9_-g		1176	80000	【9割が知らない】人々はこのようにして騙されます【ずんだもん&ゆっくり解説】
edamamestory	伸びた	376	mPZB42ZUTyg		1027	111000	なぜ現代人は文章を読めなくなったのか？【ずんだもん&ゆっくり解説】
edamamestory	伸びた	377	UuwiH2Pci14		1062	29000	なぜ賢い人ほど家からでないのか？【ずんだもん&ゆっくり解説】
edamamestory	伸びた	378	xcPNpCWV3IE		1025	16000	【知らないとヤバい】年収300万で実家暮らしを続けるとどうなるのか？【ずんだもん&ゆっくり解説】
edamamestory	伸びた	379	rCw6ZcUSEqc		1029	15000	【これで爆睡】マネするだけで熟睡できる裏技ぜんぶ教えます！【ずんだもん&ゆっくり解説】
edamamestory	伸びた	380	SkrikdrQFZY		1009	36000	【9割が知らない】夏になると体が臭くなる本当の理由とは【ずんだもん&ゆっくり解説】
edamamestory	伸びた	381	k-a-LmFzBE4		938	15000	【永久保存版】独身1人暮らしでガチで生活が変わるアイテム全部教えます！【ずんだもん&ゆっくり解説】
edamamestory	伸びた	382	goQQBz_4OEQ		909	13000	【学歴関係ない】実は頭が悪い人の共通点と意外な能力とは【ずんだもん&ゆっくり解説】
edamamestory	伸びた	383	Rsnz-lSu3t0		1325	103000	なぜ低年収な人ほどギャンブルをしてしまうのか？【ずんだもん&ゆっくり解説】
edamamestory	伸びた	384	xKwU2Q3xhNc		853	39000	なぜ賢い人ほど群れないのか？【ずんだもん&ゆっくり解説】
edamamestory	伸びた	385	ETQRlyRlTLg		939	6900	【9割が知らない】常に時間がない人の特徴とは【ずんだもん&ゆっくり解説】
edamamestory	伸びた	386	n4uukwcX1_0		727	50000	【悲報】なぜ男性たちは恋愛をしなくなったのか？【ずんだもん&ゆっくり解説】
edamamestory	伸びた	387	-wZ3qh9P6Wk		1022	71000	【9割が知らない】複数人だと黙ってしまう人だけが持つ才能とは【ずんだもん&ゆっくり解説】
edamamestory	伸びた	388	hcMLwtCLfVQ		900	91000	【職場崩壊】絶対にやめさせてはいけない人の特徴とは【ずんだもん&ゆっくり解説】
edamamestory	伸びた	389	uzsz9LWnzm4		1086	344000	【人生変わった】どん底を経験した人にしかわからないこと【ずんだもん&ゆっくり解説】
edamamestory	伸びた	390	7qLU5RiM3XM		882	30000	【無理はやめて！】ストレスが限界まで溜まると起こる危険なサインとは【ずんだもん&ゆっくり解説】
edamamestory	伸びた	391	H3smnxvLQpU		949	45000	【今すぐやめて】脳が老化する原因は〇〇です【ずんだもん&ゆっくり解説】
edamamestory	伸びた	392	RL1V9CThwB8		1040	33000	【9割が知らない】人見知りだけど心を開くとよく喋る人、実は凄い特性があります【ずんだもん&ゆっくり解説】
edamamestory	伸びた	393	hQXdHEedU_E		953	29000	【知らないと大損】2026年10月の法改正がヤバすぎた...【ずんだもん&ゆっくり解説】
edamamestory	伸びた	394	_0QCVh4S-dw		1160	11000	【まだ続く猛暑】危険な熱中症は〇〇をするだけで防げます【ずんだもん&ゆっくり解説】
edamamestory	伸びた	395	h9Dx2Wliwxo		1050	16000	【ガチで使える】ウザい奴から身を守る裏技を教えます！【ずんだもん&ゆっくり解説】
edamamestory	伸びた	396	si6yRIr96Uo		1059	103000	【努力不要】勝手に貯金が増える最強の趣味ぜんぶ教えます！【ずんだもん&ゆっくり解説】
edamamestory	伸びた	397	qsogOvjkh8M		978	52000	【全国で被害急増】闇バイトに狙われる家の特徴とは【ずんだもん&ゆっくり解説】
edamamestory	伸びた	398	yQl3ovE3Frw		860	196000	【9割が知らない】なぜかいつも体力がない本当の理由【ずんだもん&ゆっくり解説】
edamamestory	伸びた	399	F5FiVk85LiQ		963	46000	【9割が知らない】本当に強い人はなぜ物静かなのか？【ずんだもん&ゆっくり解説】
edamamestory	伸びた	400	KBfpjb_gk68		1122	543000	【一瞬でバレる】育ちが悪い人がやりがちなヤバい行動とは【ずんだもん&ゆっくり解説】
edamamestory	伸びた	401	eL1oUWHmKXY		972	23000	【もう疲れない】仕事が驚くほどラクになる最強習慣とは【ずんだもん&ゆっくり解説】
edamamestory	伸びた	402	EYS_QsdhP98		977	71000	【9割が知らない】なぜか外で知り合いに会うと避けてしまう本当の理由とは【ずんだもん&ゆっくり解説】
edamamestory	伸びた	403	1kAzGRyCSPc		1231	48000	【もう落ち込まない】ガチで病まなくなる最強習慣ぜんぶ教えます！
edamamestory	伸びた	404	f8YPye2Kbm4		1098	222000	【一瞬でバレる】精神年齢が低い人はだいたいこの話し方です【ずんだもん&ゆっくり解説】
edamamestory	伸びた	405	DBUJTRs1YRA		1042	150000	【9割が知らない】休日に外に出ない人実は〇〇です【ずんだもん&ゆっくり解説】
edamamestory	伸びた	406	dPZuY52XdZk		1106	113000	【一瞬でバレる】マジで性格が悪い人の特徴とは【ずんだもん&ゆっくり解説】
edamamestory	伸びた	407	0W1TsviBLEQ		1131	248000	【9割が知らない】50歳から絶対にやめた方がいい習慣【ずんだもん&ゆっくり解説】
edamamestory	伸びた	408	bdykP0WlyuM		976	121000	【残酷な現実】コレ知らないと確実に貧乏になります【ずんだもん&ゆっくり解説】
edamamestory	伸びた	409	HUyLzqVwT8M		1020	81000	【9割が知らない】なぜあの人は言い方がきついのか？【ずんだもん&ゆっくり解説】
edamamestory	伸びた	410	xzB62Il2O0o		1010	82000	【9割が知らない】マジで話が通じない人の特徴とその対処法をぜんぶ教えます！【ずんだもん&ゆっくり解説】
edamamestory	伸びた	411	U_VmqJWaMdE		1017	129000	【9割が知らない】スクールカースト上位は社会に出るとどうなるのか？【ずんだもん&ゆっくり解説】
edamamestory	伸びた	412	wEi1ryfuvb8		965	29000	【意外と身近にいる】この特徴がある人は絶対に関わってはダメです【ずんだもん&ゆっくり解説】
edamamestory	伸びた	413	nThQ5b0dJ_g		955	205000	【9割が知らない】女性の言う「清潔感」って結局なんなのか？【ずんだもん&ゆっくり解説】
edamamestory	伸びた	414	n1k1v1p7DCk		1040	887000	【9割が知らない】50代、何をしても楽しくない本当の理由【ずんだもん&ゆっくり解説】
edamamestory	伸びた	415	89hwb7fTx00		1099	45000	【残酷な現実】2030年、働き方が激変する本当の理由【ずんだもん&ゆっくり解説】
edamamestory	伸びた	416	ZlV8vvQ6sQg		980	288000	【9割が知らない】会社にとって本当に辞められたら困る人の特徴【ずんだもん&ゆっくり解説】
edamamestory	伸びた	417	hHFM4DJDmkE		1032	117000	【9割が知らない】婚活市場に急増している「電柱女子」の実態とは【ずんだもん&ゆっくり解説】
edamamestory	伸びた	418	epMOf0pa4wY		889	16000	【要注意】体だけ成長した幼稚な人の特徴とその対処法【ずんだもん&ゆっくり解説】
edamamestory	伸びた	419	wjtKzjSpmuc		976	77000	【9割が知らない】50代のうちに絶対にやるべきことを全部教えます【ずんだもん&ゆっくり解説】
edamamestory	伸びた	420	4--lYNUYLxE		975	37000	【9割が知らない】これが家にあると気づかず貧乏になります【ずんだもん&ゆっくり解説】
edamamestory	伸びた	421	iWDCI0ig08A		1126	165000	【9割が知らない】なぜ死ぬ間際の後悔はみんな同じなのか【ずんだもん&ゆっくり解説】
edamamestory	伸びた	422	rgQWsNEhFOY		911	143000	【9割が知らない】なぜか人の本質を見抜ける人の特徴とは【ずんだもん&ゆっくり解説】
edamamestory	伸びた	423	bQFsllf_3gQ		889	56000	【9割が知らない】普段から苦労し過ぎている人の7つの特徴とは【ずんだもん&ゆっくり解説】
edamamestory	伸びた	424	s8Ouj2EdMas		995	25000	【9割が知らない】周りに気をつかう人ほど雑に扱われてしまう理由とその対処法とは【ずんだもん&ゆっくり解説】
edamamestory	伸びた	425	V-C28bh_GhY		962	55000	【人生壊れる】一度やられたら絶対に許してはいけないこととは【ずんだもん&ゆっくり解説】
edamamestory	伸びた	426	547Qp8dAF2k		1114	91000	【9割が知らない】絶対にお金を出してはいけない女の特徴とは【ずんだもん&ゆっくり】
edamamestory	伸びた	427	MrHkfcsyOpQ		1024	54000	【9割が知らない】女性の言う「余裕のある男」って結局なんなのか？【ずんだもん&ゆっくり解説】
edamamestory	伸びた	428	1raA8e8wCbA		1015	184000	【9割が知らない】実は職場で評価されなかった人が去ったあとに起きることとは【ずんだもん&ゆっくり解説】
edamamestory	伸びた	429	HHvPhX0Lgdw		905	125000	【9割が知らない】実年齢より若く見える人実は〇〇です【ずんだもん&ゆっくり解説】
edamamestory	伸びた	430	u3PaREQLR8g		1025	35000	【9割が知らない】実は低IQの人にあなたの話はこう聞こえています【ずんだもん&ゆっくり解説】
edamamestory	伸びた	431	jGdurlASj3U		952	57000	【9割が知らない】恋愛経験ゼロの男が急増してる理由とは【ずんだもん&ゆっくり解説】
edamamestory	伸びた	432	-4VSgaKH83A		1123	23000	【永久保存版】50代から人生楽になる人の５つの特徴とは【ずんだもん&ゆっくり解説】
edamamestory	伸びた	433	q8mI1ARKlBM		921	20000	【9割が知らない】50代頑張るのをやめた人に起きることとは【ずんだもん&ゆっくり解説】
love_observation	伸びた	1	9hWkMQ11r_E	20260810	1142	14000	なぜ「不同意性交」の問題が起こるのか
love_observation	伸びた	2	L5owbljVyD4	20260813	1177	10000	なぜ女性の脈ありサインは当てにならないのか
love_observation	伸びた	3	VIMCIoXYnFI	20260818	1083	59000	なぜマッチングアプリでは男だけ営業しなければならないのか
love_observation	伸びた	4	aZX981PyJ2w	20260820	913	12000	なぜマチアプの写真で「推し活アピールする女性」が多いのか
love_observation	伸びた	5	rrOZy5R6PKo	20260821	1107	111000	なぜ「いい旦那になりそうな男」は彼氏に選ばれないのか
love_observation	伸びた	6	rrJDCoN9Lkc	20260822	1173	43000	なぜ男性のマッチングアプリ体験談は悲惨なのか
love_observation	伸びた	7	BDmAd0uKnkA	20260823	1174	250000	なぜ女性は「余裕のある男」に惹かれるのか
love_observation	伸びた	8	ktqngOiDNlk	20260824	1139	88000	なぜ恋愛経験ゼロの男ほど恋愛が難しくなるのか
love_observation	伸びた	9	8yfWOyiRIlQ	20260825	1209	11000	なぜ男は「3回目のデート」で告白したがるのか
love_observation	伸びた	10	HvrQE-aonIU	20260826	1269	44000	なぜ女性は清潔感のある男に惹かれるのか
love_observation	伸びた	11	y8h2WPQuYGE	20260827	1143	24000	なぜ女性はLINEを「未読無視」するのか
love_observation	伸びた	12	77m0_un4Kh4	20260828	1110	30000	なぜ女性は「女慣れしていない男」を見抜くのか
love_observation	伸びた	13	NIJ9j1VH6u0	20260829	1070	10000	なぜ高学歴になってもモテないのか
love_observation	伸びた	14	Xw3kWC7Ei0o	20260830	1048	33000	なぜ非モテほど女性から嫌われることを恐れるのか
love_observation	伸びた	15	gsFfpHSzGPk	20260901	1051	20000	なぜ女性は聞き上手な男に惹かれるのか
love_observation	伸びた	16	BWJBbmxv_ws	20260902	1148	50000	なぜモテない男は共通して同じ失敗をするのか
love_observation	伸びた	17	VgAOGgoQMJQ	20260903	1112	207000	なぜ20代以降で「恋愛経験ゼロ」の男性が増えたのか
love_observation	伸びた	18	5ozxijmi0RY	20260904	1143	38000	なぜ男だけが恋愛にコストを払う構造になったのか。
love_observation	伸びた	19	nWPfjK-Gmis	20260905	922	15000	なぜ「一途な男」は重い男だと思われるのか
love_observation	伸びた	20	_fYxSild8U8	20260906	1171	25000	なぜ「普通の男」の基準が上がり続けているのか
love_observation	伸びた	21	ozvt4e5iOHs		1147	84000	なぜブサイクでもモテる男がいるのか
love_observation	伸びた	22	NmYDa0SrnXo		1215	20000	なぜ「脱毛をする男」が増えたのか
love_observation	伸びた	23	ZhoDlBRzocc		1058	24000	なぜ女性は断る時に本当の理由を言わないのか
love_observation	伸びた	24	MMbVJxamUeU		1146	79000	なぜ一部の女性は「奢られて当然」と思うのか
love_observation	伸びた	25	TZ9Lrv1UzV0		1262	23000	なぜ「自信のない男」はモテないのか
love_observation	伸びた	26	KDjBc2vSh84		1266	39000	なぜ非モテほど「いい人止まり」になってしまうのか
love_observation	伸びた	27	9TPCWOiGnqc		1208	52000	なぜ女性は「格上の男」を求めるのか
love_observation	伸びた	28	CateYSdhqgU		1159	37000	なぜモテる男の会話は共通しているのか
love_observation	伸びた	29	_6AidVenGAQ		1180	19000	なぜ女性は「色気のある男」に惹かれるのか
love_observation	伸びた	30	TnhMtoYb2z8		1147	27000	なぜホストは女性からモテるのか
love_observation	伸びた	31	jmEUMoeM8hs		1115	23000	なぜマチアプの一部の女性はばっくれをするのか
love_observation	伸びた	32	uqSojXTl8bE		1227	26000	なぜドーパミン中毒は男を弱くするのか
love_observation	伸びた	33	YdWhJModDEo		1165	7500	なぜ男性は30代以降でもモテる男がいるのか
love_observation	伸びた	34	j7WDhTMkhvs		1161	21000	なぜ「普通の女性」を求める男性が結婚できないのか
love_observation	伸びた	35	f_bqHWmTTaQ		1134	31000	なぜ恋愛経験ゼロの男はモテないのか
love_observation	伸びた	36	M_xWF9MWGrw		1052	11000	なぜ「実家暮らしが長い男」ほど恋愛で苦戦するのか
love_observation	伸びた	37	dsY6G3_D9DQ		1299	11000	なぜ「低身長の男」は恋愛で苦戦するのか
love_observation	伸びた	38	ECVT7TyYOkw		1288	10000	なぜ女性から「友達認定」をされると逆転が難しいのか
love_observation	伸びた	39	luXxO-eZins		1361	8700	なぜ告白して振られ続ける男は同じ失敗を繰り返すのか
love_observation	伸びた	40	oPXromlDseg		1410	12000	なぜ恋愛市場は「一部の男」に女性が集中するようになったのか
love_observation	伸びた	41	WHKdfGvjrmo		1209	10000	なぜ、男は「たのピク女」を求めるのか
love_observation	伸びた	42	XX7WRnKAW3U		1241	22000	なぜ「学生時代にモテなかった男」は大人になっても恋愛で苦戦するのか
love_observation	伸びた	43	x1LHmJc8eLM		1206	7500	なぜ、女性は「存在しない男」にハマるのか
love_observation	伸びた	44	IU6SunvgSdw		1228	6700	なぜ、恋愛経験ゼロの男ほど恋愛以外も自信を失うのか
檻の中の自由	伸びていない	1	zb2KiFeC5l4	20260611	641	408000	【心理学】スポーツ観戦に興味がない人だけが持っている特徴｜脳の配線が違う科学的理由
檻の中の自由	伸びていない	2	jUK54nPHQh8	20260617	706	19000	【心理学】推し活に夢中になれない人の心理｜自己決定理論と心の意外なしくみ
檻の中の自由	伸びていない	3	B0zoW_sjItc	20260622	763	25000	【心理学】IQが高い人だけが持っている10の特徴｜知能の正体を解き明かす
檻の中の自由	伸びていない	4	ch6tk7KzMQc	20260625	711	1500	【心理学】家に人を呼ぶとなぜか疲れ果てる人の心理
檻の中の自由	伸びていない	5	a6nBNjSLv9k	20260629	763	5900	"【心理学】人の名前を覚えられない人の特徴｜覚えていないのは名前""だけ""という事実"
檻の中の自由	伸びていない	6	mtEzEmbpwuU	20260704	487	3200	【心理学】群れるのが嫌いな人ほど、実は『脳のOS』が優秀な科学的理由
檻の中の自由	伸びていない	7	ND98HbXu8wg	20260707	656	1000	【心理学】「旅行しないと損」は本当か？｜出不精は欠点ではない科学的理由
檻の中の自由	伸びていない	8	sf1Sv_W9-eA	20260711	550	2000	【心理学】あなたが片づけられないのは、だらしないからじゃなかった｜片づけの魔力
檻の中の自由	伸びていない	9	tKeeILFkSb4	20260714	617	333	【心理学】夏が嫌いな人だけが持っている特徴｜夏を楽しめない人へ
檻の中の自由	伸びていない	10	arMM91dw7rU	20260725	1072	1700	【危険】頭のいい人ほどカルトにハマる衝撃の理由｜なぜカルト宗教が「優秀な人材」ばかりを集められるのか
檻の中の自由	伸びていない	11	y45pKTTlpLI	20260803	748	7100	【心理学】ブランド品に興味がない人だけが持つ特徴｜「機会費用」で考える心理
檻の中の自由	伸びていない	12	5o6bOLrCaH0	20260821	1451	7400	物忘れは老化のせいじゃない！脳が勝手に思い出し始める7つの習慣
檻の中の自由	伸びていない	13	6Ur6qLPRxrc	20260827	902	8500	話がうまい人より「また会いたい」と思われる人がしていること｜リアクションの心理学
檻の中の自由	伸びていない	14	e8PWpT5Fo4g	20260905	1200	1900	【心理学】なぜアメリカ人のほうが他人に心を開くのか？「逃げ場のない日本」で生き残るための生存戦略
檻の中の自由	伸びていない	15	aVtd6okhLNg	20260919	521	334	団塊とZ世代に挟まれ、名前すら呼ばれずSNSをやらない世代が、実は一番強かった理由
檻の中の自由	伸びていない	16	sL_gKtgg1wk	20260923	854	219	マッチングアプリの「いいね」が偏り続ける仕組みの正体｜データ分析・統計学
檻の中の自由	伸びていない	17	jKRJzUc3-f0	20260927	1017	1100	なぜ才能と運は比例しないのか【シミュレーション×経済学】
檻の中の自由	伸びていない	18	MPkmK-SDKgw	20260927	996	802	生まれ順はどこまで性格を左右するか【パーソナリティ心理学】
檻の中の自由	伸びていない	19	4i8B7KgQMKw	20260929	1016	206	なぜ人は「幼なじみ」とは恋に落ちにくいのか【進化生物学】
檻の中の自由	伸びていない	20	_uEuxwqp1H8	20261001	1016	182	【行動経済学】「払うほど縛られる」推し活の正体
nippon_data	伸びていない	1	xa8kXDZKMXE	20260716	711	2200	【婚活】男性だけ未婚が加速する理由｜20年で1.6倍の真実
nippon_data	伸びていない	2	fMSOSGQjzf4	20260718	545	1900	独身のまま老いた女性の44.1%が貧困｜「結婚しなかったから」ではなかった、日本の制度の話
nippon_data	伸びていない	3	yv5JDw9N6lk	20260720	385	11000	【婚活女性】男性の約8割を選ばない理由｜内閣府データが示す婚活市場の非対称
nippon_data	伸びていない	4	OHKnHYoT3Iw	20260721	806	874	"独身男性は既婚男性より3.4年早く死ぬ｜""14年""という数字の正体"
nippon_data	伸びていない	5	4L9qCYfynPo	20260722	1487	669	【格差】親ガチャで生涯資産が決まる！？データで見る残酷な現実
nippon_data	伸びていない	6	jLFt83MP1ZE	20260723	1003	460	"【老後格差】老後の貯金を分けたのは""年収""でも""独身か結婚か""でもなかった"
nippon_data	伸びていない	7	TcVZsucZpDk	20260726	707	14000	"【婚活】結婚できた女性と、できなかった女性を分けたのは""年収""でも""若さ""でもなかった"
nippon_data	伸びていない	8	NksjOCHcJuo	20260729	488	479	"【婚活】年収600万円でも女性に選ばれない理由｜""会員の半数""が同じ年収"
nippon_data	伸びていない	9	rKwv6qcdJaw	20260730	394	3200	【衝撃】婚姻数は増えているのに、なぜ「令和の男」は独身のままなのか？
nippon_data	伸びていない	10	sZymoJeUPYM	20260801	693	5500	【離婚】なぜ男性にだけ重いのか？既婚男性との差は2.84倍だった。離婚率60年史。
nippon_data	伸びていない	11	7_ErqRXlP9Y	20260802	536	527	【婚活】婚活男性の3割は、数の上で最初から相手がいない｜都道府県ランキング1位の衝撃
nippon_data	伸びていない	12	g9JyAqYdyaU	20260804	633	7600	【恋愛市場】恋愛弱者は誰なのか？20代と30代のデータを並べてわかった衝撃の事実
nippon_data	伸びていない	13	DqIPH0fhgJQ	20260808	577	1900	【結婚】なぜ男性は降りたのか。一人暮らしの生活費は、月17万3千円だった
nippon_data	伸びていない	14	t9AGsen3bLI	20260809	613	845	【婚活】結婚のきっかけ1位は、お見合いでも職場でもなかった｜アプリ経由が25.1%
nippon_data	伸びていない	15	jHdE18Dp9kA	20260815	616	3700	【婚活】独身1万人の条件を突き合わせたら、噛み合ったのは3.8%｜内閣府1万人調査
nippon_data	伸びていない	16	cuELVkgFvF0	20260816	620	1700	【未婚】5年歳を取るごとに、結婚できる確率は半分｜35歳で13.7%、40代後半で2.9%
nippon_data	伸びていない	17	xCYcZcnBpg0	20260816	499	1400	【貧富差】貯金ゼロが3人に1人｜あなたの年代の貯金ゼロ率は何%か
nippon_data	伸びていない	18	xLgLDwOc9_w	20260817	592	1000	【結婚】男はもう女性を養えない｜結婚相手に「経済力」を求める男が倍増した、データが示す本当の理由
nippon_data	伸びていない	19	tUj324Q-oME	20260821	706	4800	【奨学金】なぜ返済は、結婚ではなく交際と部屋から削るのか｜データで見る、37歳まで続く引き落とし
nippon_data	伸びていない	20	JMM4NWuvpi0	20260822	428	2700	【衝撃】30代・40代の資産中央値は500万円以下。老後資金との絶望的なギャップ
nippon_data	伸びていない	21	LobNUlDF3bg		570	5700	【婚活】「結婚したい」と答えた男性、結婚できたのは54%｜結婚と年収の相関関係
nippon_data	伸びていない	22	k1Dzgp7a8MQ		1080	9900	【婚活】結婚した男性が相手と出会ったのは平均25.9歳｜45歳以降で出会えたのは655組のうち11組
nippon_data	伸びていない	23	KH9qZcAGjxI		1156	4300	【婚活】40代・50代男性の4人に1人が未婚｜それでも81.4%は「結婚するつもり」と答えている
nippon_data	伸びていない	24	tH9rZ3dt8-Q		1038	1000	"【婚活】男性が結婚相手に「経済力」を重視するのは20人に1人だった｜世間の""倍増""は半分だけ正確"
nippon_data	伸びていない	25	ES6-yIRKTqw		601	7300	【再婚】離婚した男性のほうが、多く結婚していた｜ただし待つほど、相手は変わる
nippon_data	伸びていない	26	_ntVpnX3Aj0		603	1100	【中高年】50代で一人暮らしだった男性の80.9%は、19年後も一人だった
nippon_data	伸びていない	27	KtgF6r3_q58		370	4300	【結婚】独身男性の9割に、いま交際相手がいない｜女性との差が消えない理由
nippon_data	伸びていない	28	OJhSep-nvJM		805	649	【離婚】財産分与で夫が渡す額は、連れ添った年数で「桁」が変わる。
nippon_data	伸びていない	29	zTUrA7Rf2_M		737	735	【英37万人の遺伝子データ】結婚できない男性を分けたのは、年収でも身長でもなかった
nippon_data	伸びていない	30	URe3UTCCc-Y		626	3600	【婚活】「いい人がいない」は勘違い？独身1万人のデータが暴く残酷な現実
nippon_data	伸びていない	31	mnCHZ7zqJgw		549	4200	【婚活】辞めていった男性のほうが、5か月長く在籍していた｜45歳からの婚活で届いた人は何をしていたのか
nippon_data	伸びていない	32	avi51s8j5I0		350	1500	100年前と今の日本：名前ランキングが浮き彫りにする「孤独」の正体
nippon_data	伸びていない	33	7ZrptBelcT8		462	9600	恋愛しない、SNSも見ない。18〜34歳の未婚男性、7割がもう「モンクモード」
nippon_data	伸びていない	34	qG1DLENEFFo		628	564	見えない格差の正体。年収400万・600万・800万で手取りがこれほど違う理由
nippon_data	伸びていない	35	edIRfe6t_5s		1497	114	【老後】夫婦の貯蓄に差が付く理由。現役時代の年収差だけではないリアル。
nippon_data	伸びていない	36	fHF289RSKRU		1191	1100	【再婚】「離婚したら終わり」なんて、遠い昔の話だった
nippon_data	伸びていない	37	7dv_CJOIRYc		1126	2400	「普通の男」を求める婚活女性が、結婚できない理由【統計学・経済学】
nippon_data	伸びていない	38	q0hT3lLxiwo		859	8000	独身男性が余る、本当の理由5選【統計学・人口学】
nippon_data	伸びていない	39	kVzKtx2N83E		622	812	「若い女性がいい」は男のわがままか？ 年の差婚のウソ5選【統計学・人口学】
nippon_data	伸びていない	40	nYHJQ7I3-3I		671	211	「日本人女性に選ばれなかった男」は外国人妻？国際結婚のウソ5選【統計学・社会学】
知られざる令和の世界	伸びていない	1	TnRQRqxpTSM	20260820	1092	189	やる気ない？昇進・飲み会断る部下 【静かな退職】
知られざる令和の世界	伸びていない	2	X3ds0a-kWy4	20260825	923	88	なぜ今「素人」が芸能人より見られるのか【ラヴ上等・BreakingDown・LAST CALL】
知られざる令和の世界	伸びていない	3	zVRK5pNLQV4	20260828	937	53	【setlog】令和のSNS新常識、天井の写真を送り合う若者#setlog #bereal #tiktok
知られざる令和の世界	伸びていない	4	v9kBTUe5wGA	20260901	688	44	3日に1回しか風呂に入らない界隈？
知られざる令和の世界	伸びていない	5	B_r-01_nq80	20260902	503	78	なぜ自分からドーパミン中毒のガキを名乗る？
知られざる令和の世界	伸びていない	6	cRsd-Ow7mDQ	20260905	957	364	冷笑を避けられないパラドックス【行動経済学×社会心理学】
知られざる令和の世界	伸びていない	7	PCBET5E3nQ8	20260907	771	659	なぜ若者は『消えない入れ墨』を身体に入れるのか【社会学×ゲーム理論】
知られざる令和の世界	伸びていない	8	eyPrg28JNak	20260908	811	4500	マッチングアプリで出会えても、結婚にたどり着けない理由【社会学×社会心理学】
知られざる令和の世界	伸びていない	9	4U-y74sN8RQ	20260909	825	1100	なぜ今、デート代で男女が揉めるのか【社会心理学 × ジェンダー論】
知られざる令和の世界	伸びていない	10	lA8hrCSTvzU	20260912	576	357	なぜ、大学を出た女性ほど、結婚しづらいのか【経済学 × 行動経済学】
知られざる令和の世界	伸びていない	11	DWwOJy_JXv8	20260914	643	436	なぜ子どもは、親ではなくAIに相談するのか【社会心理学×AI】
知られざる令和の世界	伸びていない	12	7jHyiOHRzsg	20260915	579	1000	なぜ「自分だけ友達が少ない」と感じるのか？【友情のパラドックス】【社会学 × 経済学】
知られざる令和の世界	伸びていない	13	5VQ_3y5Bb40	20260916	804	738	急に会社に来ない。「辞めます」が言えない現代人【退職代行】 【組織論 × 労働経済学 】
知られざる令和の世界	伸びていない	14	8JK350sSSlY	20260917	703	14000	なぜ、好きな人を誘えなくなったのか【恋愛離れ】【行動経済学×社会心理学】
知られざる令和の世界	伸びていない	15	vmTHhwkLXSg	20260919	642	160	「何気ない仕草」で恋が終わる？　蛙化現象の正体【社会心理学×家族社会学】
知られざる令和の世界	伸びていない	16	UdksODxLYTs	20260920	671	1500	なぜ人は性格を「4文字」で呼びたがるのか【MBTI × 社会心理学】
知られざる令和の世界	伸びていない	17	eGLODJEbu8M	20260921	702	244	なぜ整形は、身近になったのか【進化生物学 × 社会心理学】
知られざる令和の世界	伸びていない	18	iG-7EOlziw0	20260922	797	432	なぜ「友達なのに敵」が増えたのか。フレネミーという関係【社会心理学】
知られざる令和の世界	伸びていない	19	cLKj956at6A	20260923	757	479	なぜシル活は「市場」になったのか【経済学 × 貨幣の起源】
知られざる令和の世界	伸びていない	20	OcrSB5QZhNw	20260924	586	99	やめたいのに、なぜ一人ではやめられないのか【SNS規制】
知られざる令和の世界	伸びていない	21	OoSO-8N4-gE		574	235	なぜ職場から飲み会が消えたのか【労働法×行動経済学】
知られざる令和の世界	伸びていない	22	5d3rzf6_Eo4		637	1100	成果は落ちないのに？8割が在宅を続けたくても「原則出社」が増える理由【出社回帰】
知られざる令和の世界	伸びていない	23	_ANYOxL08_o		611	1300	AIを使ったと言い出せない...【社会心理学】
知られざる令和の世界	伸びていない	24	ocOMrRwyMLY		641	3000	生き物なのに、なぜ「子どもはいらない」と言えるのか【進化生物学×人口学】
知られざる令和の世界	伸びていない	25	pzUnLCtbqGI		405	5300	結婚相手に求める条件は、なぜ増え続けるのか【家族社会学×人口学】
知られざる令和の世界	伸びていない	26	JHlU6s30iko		648	87	スキマバイトは、なぜ40代に広がったのか【労働経済学×行動経済学】
知られざる令和の世界	伸びていない	27	nF30CjIE0GY		458	74	なぜ「会議ばかりで仕事ができない」会社になったのか【経営学×エネルギー経済学】
知られざる令和の世界	伸びていない	28	lxuPYdaGJtM		614	695	35歳を過ぎた未婚男性は、どのくらい結婚しているのか｜人口学×統計学
kangaedako	伸びていない	1	gx_UeahTU6I	20260801	1334	17	なぜ人は、会えない推しに給料を溶かし続けるのか【進化心理学×行動経済学】
kangaedako	伸びていない	2	0FOAZkc6m60	20260803	1435	91	なぜ男は、友達がゼロでも平気でいられるのか【進化心理学×社会疫学】
kangaedako	伸びていない	3	qwgq61atR4w	20260805	1442	126	なぜ人は、大富豪ではなく隣の同期に嫉妬するのか【社会心理学×進化心理学】
kangaedako	伸びていない	4	dypQGuOtgx8	20260807	1336	49	なぜ、あなたの貯金は毎年こっそり減っているのか【行動経済学×神経科学】
kangaedako	伸びていない	5	OX8L0vvTgco	20260809	1214	129	なぜ人は、両想いになった瞬間に冷めるのか【社会心理学×脳科学】
kangaedako	伸びていない	6	epl848CrExs	20260811	1391	22	なぜ人は、深夜にSNSの投稿を消したくなるのか【進化心理学×文化人類学】
kangaedako	伸びていない	7	kM0vfOjGp6E	20260813	1255	110	なぜ身長170cmの壁は、会う前にしか存在しないのか【進化心理学×計量経済学】
kangaedako	伸びていない	8	xXo5y2OE3u8	20260815	1204	33	なぜ年収800万で、幸福は頭打ちにならないのか【行動経済学×感情科学】
kangaedako	伸びていない	9	5vG7gyWAZ6c	20260818	1118	277	なぜ自撮りの顔は、実物よりブサイクに見えるのか【光学×認知心理学】
kangaedako	伸びていない	10	WyZpcqPzpFw	20260820	1040	87	なぜ録音した自分の声は、あんなに気持ち悪く感じるのか【音響学×神経科学】
kangaedako	伸びていない	11	ybiNt0urZ_A	20260822	998	1000	なぜダイエットは、意志の強い人でも失敗するのか【代謝科学×進化心理学】
kangaedako	伸びていない	12	ff9WSgp2xW0	20260825	1040	51	なぜSNSは、楽しくないのにやめられないのか【行動経済学×報酬学習】
kangaedako	伸びていない	13	bNzal_rIYi0	20260827	1016	572	なぜ思い出は、話すたびに補正されていくのか【認知心理学×法心理学】
kangaedako	伸びていない	14	4lZ6Udx9MoY	20260829	1021	20	双子1450万組が暴いた、努力の正体【行動遺伝学】
kangaedako	伸びていない	15	vrLVOAxlcQw	20260901	1191	69	なぜ他人は、あなたの薄毛を覚えていないのか【社会心理学×進化心理学】
kangaedako	伸びていない	16	2xDP9aySLpQ	20260903	1185	45	なぜ普通の人が、最後のスイッチまで押したのか【社会心理学×行動倫理学】
kangaedako	伸びていない	17	qcqR1jfzFQM	20260905	1104	243	なぜ同窓会では、自分以外が老けて見えるのか【認知心理学×老年学】
kangaedako	伸びていない	18	yn08lEJTjnY	20260908	1316	67	なぜ初対面で、嫌われていると感じるのか【社会心理学×会話分析】
kangaedako	伸びていない	19	VqCb8DJNk-g	20260910	1365	119	AIはもう、あなたの友達を選んでいる【AI×社会ネットワーク論】
kangaedako	伸びていない	20	3di_icOJ7Sk	20260912	1269	168	なぜ他人の休日は楽しそうに見えるのか【社会心理学×統計学】
kangaedako	伸びていない	21	F7LBTq3Qyh0		1402	55	なぜ寝不足の夜は、ラーメンが無性に食べたくなるのか【睡眠科学×脳科学】
kangaedako	伸びていない	22	h88GK5AFnAU		1400	346	なぜ宝くじが当たると、近所の破産が増えるのか【行動経済学×社会心理学】
kangaedako	伸びていない	23	a-opyVysBMI		1367	278	なぜ人を呼んだ結婚式の夫婦は、別れにくいのか【家族社会学×行動経済学】
kangaedako	伸びていない	24	9n2WTLDrcr8		1385	130	「女は上位2割の男しか見ない」は本当か。マッチングアプリの男と女、すれ違う数字
kangaedako	伸びていない	25	bRX9LotGUdg		1202	91	なぜハイスペ女子は、男の前で「野心」を隠すのか
kangaedako	伸びていない	26	I4Yswqp3yes		1208	105	なぜ社長のキャバクラ代は、経費で落ちるのか
kangaedako	伸びていない	27	fWFkqy_08G0		1180	31	なぜ、人は「昔はよかった」と感じてしまうのか
kangaedako	伸びていない	28	mpwFbnhrXKM		1194	52	なぜ女性は好きだった男に「蛙化」してしまうのか
kangaedako	伸びていない	29	9o3w6lJpnS0		1231	12	なぜFIREした人は、「FIRE卒業」してしまうのか
汝ヒトを知れ	伸びていない	1	b3Y8eseEzf0	20260915	639	3000	なぜ「普通の人生」は、35年で終わったのか【労働経済学×人口学】
汝ヒトを知れ	伸びていない	2	bQFsC9-zUZA	20260916	588	1200	なぜ、大人になると「友達」が消えていくのか【社会学×行動科学】
汝ヒトを知れ	伸びていない	3	d6oH9WhViZE	20260917	842	152	なぜ人は「これが最後」と言いながら、やめられないのか【神経科学×行動経済学】
汝ヒトを知れ	伸びていない	4	iBT6ZXCQNu8	20260918	1198	631	なぜ人は「自分だけはまとも」だと思ってしまうのか？【認知科学×進化心理学】
汝ヒトを知れ	伸びていない	5	-5RA4yacz5w	20260919	729	127	なぜ人は「当たっている」と錯覚してしまうのか？【バーナム効果と確証バイアス】
汝ヒトを知れ	伸びていない	6	kgyXmKQijJQ	20260920	945	68	なぜ他人の炎上は「蜜の味」なのか？【社会心理学×霊長類学】
汝ヒトを知れ	伸びていない	7	_0PROd_P5nQ	20260921	862	238	なぜ「身近な人の一言」は敵の悪口より刺さるのか？ 社会心理学×生態学
汝ヒトを知れ	伸びていない	8	UbX3Pl8L0qk	20260922	776	418	なぜショート動画を見るほど虚しくなるのか？【行動生態学×認知心理学】
汝ヒトを知れ	伸びていない	9	XJ_wNFfgoWg	20260923	729	122	なぜ人は「マウント」を取るのか？【霊長類学×社会心理学】
汝ヒトを知れ	伸びていない	10	Svja98vkduU	20260924	1157	2000	なぜ「出会う方法」は増えたのに恋人ができないのか【行動経済学×進化心理学】
汝ヒトを知れ	伸びていない	11	98lm73mD92A	20260925	972	1800	なぜ年収が上がっても、貯金は増えないのか【行動経済学×進化生物学】
汝ヒトを知れ	伸びていない	12	_5Ph6XBhYG8	20260927	934	276	なぜ「日曜の夜」は月曜よりつらいのか【行動経済学×神経科学】
汝ヒトを知れ	伸びていない	13	ssey6L4sa2M	20260928	717	244	なぜ結婚にお金をかけたほうが別れやすいのか【経済学×心理学】
汝ヒトを知れ	伸びていない	14	JNZEo58-15s	20260929	750	114	なぜ、いい人ほど都合よく使われるのか【社会心理学×行動経済学】
汝ヒトを知れ	伸びていない	15	hmGwwZ5hjbI	20260930	842	5900	なぜ、大人になると新しい曲を聴かなくなるのか【鳥類学×音楽心理学】
汝ヒトを知れ	伸びていない	16	nV69wTQQsQA	20261001	904	49	なぜ「奢り奢られ論争」は終わらないのか【進化心理学×ゲーム理論】
汝ヒトを知れ	伸びていない	17	lToHllzVia8	20261002	979	38	なぜ、スクールカーストができるのか【霊長類学×統計物理学】
汝ヒトを知れ	伸びていない	18	pXyDEcPo49g	20261003	908	16	なぜ人は、恋愛まで性格診断で決めたがるのか【社会心理学×宗教学】
eevvzzz	伸びていない	1	2sq2DBrOhj8	20260817	1843	70	【30分】面白すぎる人間雑学まとめ【有益】
eevvzzz	伸びていない	2	iU1kmFkFEBc	20260818	1868	57	【31分】9割の人が知らない雑学まとめ【総集編1】
eevvzzz	伸びていない	3	ObS4ygRHJm8	20260818	1828	18	【30分】9割の人が知らない雑学まとめ【総集編4】
eevvzzz	伸びていない	4	glVK8FnztKc	20260818	1854	131	【30分】面白すぎる心理雑学まとめ【有益】
eevvzzz	伸びていない	5	HAAEVIm6-mw	20260818	1826	12	【30分】9割の人が知らない雑学まとめ【総集編3】
eevvzzz	伸びていない	6	pH0W3qELMMM	20260818	1810	49	【30分】9割の人が知らない雑学まとめ【総集編5】
eevvzzz	伸びていない	7	OnnSyJVAKaw	20260818	1881	9	【31分】9割の人が知らない雑学まとめ【総集編6】
eevvzzz	伸びていない	8	5A4Nk_BC7Cc	20260818	1812	5	【30分】9割の人が知らない雑学まとめ【総集編7】
eevvzzz	伸びていない	9	jUmr-uNHoRk	20260818	1892	14	【31分】9割の人が知らない雑学まとめ【総集編2】
eevvzzz	伸びていない	10	rMRTYmRAgws	20260818	1831	19	【30分】9割の人が知らない雑学まとめ【総集編8】
eevvzzz	伸びていない	11	9__GAibl-D8	20260818	1832	7	【30分】面白すぎる人間雑学まとめ2【有益】
eevvzzz	伸びていない	12	atnAt47aHqE	20260905	1067	43	川はどうして、絶対に曲がりくねるのか。【アインシュタインが紅茶で解明】
eevvzzz	伸びていない	13	mj12lxlPhrQ	20260905	1068	209	なぜネット恋愛は「モテる人」も不幸にするのか【統計学×進化心理学で解説】
eevvzzz	伸びていない	14	0eKMgNPXZOU	20260905	1797	498	【30分】映画オデュッセイア予習【3000年前のギリシャ神話をゼロから解説】
eevvzzz	伸びていない	15	eOZdIPPja_4	20260906	1383	60	なぜ東京に出た若者は、子を残せず消えるのか【生態学×人口学で解説】
eevvzzz	伸びていない	16	9W27wZIM7P0	20260906	1527	2	日本人に英語がここまで難しい原因を、3000年の日本史から考えてみる【英語と農業史】
eevvzzz	伸びていない	17	Ts8bxDEgQTM	20260906	1900	9	日本の英語力がソマリア並みなのはウソだった話【英語教育の幻想】
eevvzzz	伸びていない	18	kDcXjv5iiMg	20260906	1083	21	男はなぜ元カノを“一生”忘れられないのか？【脳科学が証明した 上書き保存の正体】
eevvzzz	伸びていない	19	gFZPm4EuJsU	20260907	1765	25	7兆円かけても出生率1.14。【先進国最下位0.72】地獄の韓国社会が教える少子化対策の限界
eevvzzz	伸びていない	20	X_n5iXBUXrY	20260907	567	130	皇位継承問題とは何か？男系・女系の違いから世論調査まで整理してみた【皇室】
eevvzzz	伸びていない	21	HX8Oh_fBxwk		913	115	【GTA6予習】歴代GTAシリーズのストーリーを発売前に全部復習する
eevvzzz	伸びていない	22	nODWzfRJL6U		1168	1400	【12/18公開・ドゥームズデイ予習】エンドゲームからのMCUをゼロからまとめる
eevvzzz	伸びていない	23	g5ClZ6yBGd8		1093	238	【呪術廻戦 死滅回游 予習】複雑すぎるルールをゼロからまとめる
eevvzzz	伸びていない	24	XiEjVqirRPk		253	90	弦の振動は、あなたの思っている通りではない【弦楽器の物理を図解】
eevvzzz	伸びていない	25	Vdr9GFCNDhQ		887	46	本当に頭が良い人は何を考えているのか?【思考心理学・7段階】
eevvzzz	伸びていない	26	SBoHl_AwNIA		1347	97	【賠償5億円】コピペ動画からAI音楽まで…YouTubeが潰した「楽して稼ぐ方法」の19年史
eevvzzz	伸びていない	27	wfKRLb15404		1462	61	【2人に1人】恋愛経験ゼロの20〜30代男性が増えた本当の理由｜データ分析・統計学
eevvzzz	伸びていない	28	o9YzySOan00		911	30	【エンドゲーム アンコール】名作の結末が改変された！追加シーンを徹底解説考察【ドゥームズデイ】
datademirunippon	伸びていない	1	egXu7zmkVwA	20260529	581	42000	【男の4人に1人が生涯独身】日本男性未婚28%を生んだ経済格差の構造
datademirunippon	伸びていない	2	FdLTTOHeWfk	20260530	367	676	【12兆円の答え合わせ】なぜ少子化対策は失敗したのか？出生率1.15が示す「未婚化」の現実
datademirunippon	伸びていない	3	WAyQ6zIlBJk	20260531	677	1100	【全国744自治体が消滅危機】なぜ2050年に「街の4割」が維持できなくなるのか？人口戦略白書で検証
datademirunippon	伸びていない	4	g3Q7m_xWp_M	20260602	1061	8000	【世代間格差】親の年収はどこまで影響するのか？慶應大データが暴く「所得連鎖」の構造
datademirunippon	伸びていない	5	WlqTjX2wOF8	20260603	718	5400	年収300万円台で結婚できる人の共通点｜公的統計データが暴く「年収の壁」の越え方
datademirunippon	伸びていない	6	U1uvcAy9_d0	20260604	628	12000	男性28%・女性17%の歪みを生んだ構造｜人口動態と再婚データで読み解く生涯未婚率
datademirunippon	伸びていない	7	6dtfxQEx1OE	20260605	620	2700	【貯蓄率20%→3%の崩壊】なぜ日本人の「3人に1人」が貯金ゼロになったのか？30年の家計データを検証
datademirunippon	伸びていない	8	ZadXlZ0fIBU	20260606	626	2300	【死亡年齢14年の差】なぜ独身男性の寿命は短いのか？厚労省データと孤独研究で検証
datademirunippon	伸びていない	9	B8AZTIlidxA	20260607	644	3900	【年収500万の壁】なぜ婚活で男女はすれ違うのか？国税庁データで読み解く「上方婚」の構造
datademirunippon	伸びていない	10	lpl-cLtmjA0	20260608	484	6900	年収600万でも選ばれない構造｜成婚白書のデータが暴く「成婚率のカラクリ」
datademirunippon	伸びていない	11	1gflzJIn79s	20260610	484	412	【2026年法改正】なぜ養育費は「逃げられなくなる」のか？給与差し押さえ新制度を検証
datademirunippon	伸びていない	12	9dO458UKHxM	20260611	498	2900	【35歳未婚の壁】なぜ婚活の「先送り」で成婚率は激変するのか？国勢調査データで検証
datademirunippon	伸びていない	13	QfH1nH1Jl3E	20260612	481	18000	なぜプロフィールの段階で弾かれるのか？統計データが暴くマッチングアプリの構造
datademirunippon	伸びていない	14	5L2braDlwYY	20260614	532	3300	【成婚率50%のカラクリ】なぜ経産省データと乖離するのか？決算書で暴く結婚相談所の算出構造
datademirunippon	伸びていない	15	4RfOHFkTZU0	20260615	488	19000	【婚姻数激減の真実】なぜ日本人は結婚しなくなったのか？データが示す「出会いのインフラ」崩壊
datademirunippon	伸びていない	16	dLRSZI4Qug8	20260616	521	2800	【アプリ課金の罠】なぜ男性は課金してもマッチしないのか？上位10%独占とアルゴリズムの現実
datademirunippon	伸びていない	17	TvNPh5Xmvd0	20260617	485	21000	「条件」で相手を選べない心理学的理由｜データが暴く「選択のパラドックス」
datademirunippon	伸びていない	18	Jr3viMmVyPg	20260618	534	3300	【婚姻数6割減の真相】なぜ日本人は結婚できなくなったのか？1947年民法改正とお見合い消滅の記録
datademirunippon	伸びていない	19	8ouAKv2Z1L0	20260619	542	20000	【未婚男女比の偏り】地方と東京でなぜ出会えないのか？データで見る人口移動の罠
datademirunippon	伸びていない	20	JeYL9mBhUgw	20260620	482	2300	【貯蓄格差330万円の現実】なぜ未婚男性の生涯収入は既婚者と離れていくのか？公的データで検証
datademirunippon	伸びていない	21	jUKcKEEu2Yc		486	1100	【35歳からが本番】なぜ婚活のピークは30代後半なのか？IBJ成婚データ1万件で検証
datademirunippon	伸びていない	22	2dulMFmB7H0		500	11000	なぜ結婚したいのに動けないのか？統計データが示す受動的マッチングの崩壊
datademirunippon	伸びていない	23	ivFPm9hNkGM		534	3800	【未婚率の地域格差】なぜ出会いが多い東京で結婚できないのか？国勢調査が暴く「福井モデル」の正体
datademirunippon	伸びていない	24	RnXS10HWqnI		497	2900	【相手に経済力を求める男が倍増】なぜ「1馬力」は崩壊したのか？実質賃金と教育費データで検証
datademirunippon	伸びていない	25	n5ycUPD2bRw		506	1700	【いいね集中度15％の現実】なぜマッチングアプリは「誰も選べなくなる」のか？行動経済学で検証
datademirunippon	伸びていない	26	EN-gR--_5wU		489	3100	【未婚男性が30年で5倍】なぜ生涯未婚率は急増したのか？国勢調査と孤立リスクの構造
datademirunippon	伸びていない	27	1_pcyuVpZWE		516	1200	【生涯で2700万円の差】なぜ「見た目」は年収を動かすのか？労働経済学データで解明
datademirunippon	伸びていない	28	a8GU2jjHEus		500	3800	【年収462万の真実】なぜ「平均的な男性」が婚活で埋没するのか？中央値と市場の歪みを検証
datademirunippon	伸びていない	29	SQIkzARzVgI		499	1300	【男の4割に友人がいない】なぜ独身男性は中年で孤立するのか？実家同居300万人の落とし穴
datademirunippon	伸びていない	30	R-aunvX7WzU		531	5400	20代男性の半数が未経験の理由｜リクルート調査が暴く「草食化」の誤解と構造変化
datademirunippon	伸びていない	31	rT-L-cKA5yg		509	2000	【デート代2.6倍の現実】なぜ「割り勘時代」でも男の負担は7割なのか？支払い意識データを検証
datademirunippon	伸びていない	32	AtS-JsCSc7U		492	471	【5人に1人が孤立】なぜ日本の男は「助けて」が言えないのか？内閣府データで検証
datademirunippon	伸びていない	33	1cLjPJj83Mg		485	3400	【大卒女性の未婚率3割】なぜ高学歴ほど結婚が難しくなるのか？データが明かす「上方婚」の構造
datademirunippon	伸びていない	34	aGKAr-VpZgI		506	3200	【単身女性の貧困率47%】なぜ老後の困窮は女性に偏るのか？年金格差と身元保証の現実
datademirunippon	伸びていない	35	jTYSReMMAzI		493	2800	【独身の幸福度データ】「選んだ独身」と「流された独身」で分かれる老後の分岐点
datademirunippon	伸びていない	36	YG09hD8g40M		498	51	【被害者の56％が若者】なぜマッチングアプリで192万円奪われるのか？投資・ロマンス詐欺を検証
datademirunippon	伸びていない	37	JFpDzm-wSwg		521	4800	SNSが変えた結婚観の真実｜交際相手なし72%の背景にある「比較の罠」をデータで解剖
datademirunippon	伸びていない	38	cX_eyOLDoGg		488	2800	【上方婚70%の現実】なぜ男女の婚活条件はすれ違うのか？進化心理学データが示す「本能のズレ」
datademirunippon	伸びていない	39	nbNjubJEMtE		488	5900	【未婚化の正体】なぜ結婚は「必需品」から「贅沢品」になったのか？データが暴く半世紀の構造変化
datademirunippon	伸びていない	40	ZHohkkB05PE		492	2000	【返済終了は37歳】なぜ奨学金は「結婚の手前」を奪うのか？公的データで見る若者の15年
datademirunippon	伸びていない	41	QToWnp93rr4		526	1900	【男の8割が結婚したいの嘘】なぜ未婚男性の半分は「保留」なのか？出生動向調査のカラクリ
datademirunippon	伸びていない	42	ILbm5rf0_i4		575	2700	【路上生活者の9割が男性】なぜ住まいを失う困窮は男に偏るのか？厚労省データで見る「網の格差」
datademirunippon	伸びていない	43	MN-w5GibxKM		483	2700	【男余り300万人の現実】なぜ女性が多い国で結婚できない男が溢れるのか？国勢調査データで検証
datademirunippon	伸びていない	44	o1FdOXJXbtk		589	1700	【年収逆転の謎】なぜ独身女性の方がマンションを買うのか？住宅統計と「45歳の壁」で検証
datademirunippon	伸びていない	45	qYhQYxtSLaU		606	191	【男だけ5.6倍の現実】なぜギャンブル依存は男性に偏るのか？全国調査で検証
datademirunippon	伸びていない	46	9dUuaScxcHs		495	1400	【警察白書が明かす現実】なぜ「パパ活」市場は消えないのか？孤独と承認が生む取引の構造
datademirunippon	伸びていない	47	tls6ZbL2dmo		644	1000	【54万組の統計が証明】なぜ「妻の方が稼ぐ夫婦」はすれ違うのか？収入逆転婚の真実
datademirunippon	伸びていない	48	QyuAVRsDnZA		759	1900	【月数千円で完結する生活】なぜ未婚男性は結婚を急がなくなったのか？家計・消費データで検証
datademirunippon	伸びていない	49	j9i8UxrPdXM		534	2600	【女性の7割が重視】結婚したいのに「独身でもいい」本当の理由｜社会生活基本調査で見る現実
datademirunippon	伸びていない	50	_ReC7ZsPK2A		593	854	人手不足なのに、なぜ転職は楽にならないのか【売り手市場の罠】
datademirunippon	伸びていない	51	yq6x86nqfBU		488	438	美容室はコンビニより行かないのになぜ5倍もあるのか
datademirunippon	伸びていない	52	0OwK4A-9wz4		516	413	なぜラーメンなのか？30代男性がハマる「孤独のグルメ」の正体
datademirunippon	伸びていない	53	Zbw5ekvglV4		551	636	「いつか結婚するつもり」なのに、なぜ動けないのか
datademirunippon	伸びていない	54	FrWIaDh23qE		509	306	一人暮らしと二人暮らし、生活費は何が変わる？【家賃・光熱費・食費】
datademirunippon	伸びていない	55	9VbfmbqcBSA		509	233	月給30万円、本当に高い？求人票の正しい比べ方
datademirunippon	伸びていない	56	1KlngAY4Gwk		564	699	【職場・紹介・ネット】夫婦はどこで出会った？最新データで見る40年の変化
datademirunippon	伸びていない	57	2Q5rzC89_Sw		501	221	転職後の給料、上がる人が多いのは何歳まで？最新データで見えた分かれ目
datademirunippon	伸びていない	58	zheZ94ofp4U		334	213	初回デートのあと、2回目につながらないのはなぜ？｜婚活
datademirunippon	伸びていない	59	N_gRkwRMeZs		518	1000	会うのはまだ早い？マッチングアプリで「進展しない」最大の理由
datademirunippon	伸びていない	60	TxWtIUtYGU8		516	71	恋人がいないのに、なぜ恋愛を始めないのか｜未婚者3人に1人が交際を望まない理由
エモサピエンスの進化論	伸びていない	1	zhUltWdE7S4	20260104	364	2000	【AIVlog】UMA未確認生物保護センターに行ってみた
エモサピエンスの進化論	伸びていない	2	ljkY7OW6n78	20260418	108	1300	映画「5億年ボタン」本予告
エモサピエンスの進化論	伸びていない	3	9v-EIkyNrR4	20260501	46	216	映画『SCP それはまだ「収容」されていない』本予告
エモサピエンスの進化論	伸びていない	4	MD_9E_b5nrI	20260510	911	148	【承認欲求の哲学】なぜ他人に認められても、心は一生満たされないのか
エモサピエンスの進化論	伸びていない	5	Hdx676l-mSs	20260512	722	120	【心理学】なぜ人は大切なものほど使えないのか？もったいない症候群が流行った理由（ファイナルファンタジー）
エモサピエンスの進化論	伸びていない	6	hdako9G7JH0	20260515	710	187	【脳のバグ】ドレスの色はどっち？なぜ「青と黒」、「白と金」に見える人がいるのか（脳科学 予測処理理論）
エモサピエンスの進化論	伸びていない	7	ygQ1xgY7vIQ	20260520	1059	317	【新時代の就活】初任給30万円時代、若者は本当に豊かになったのか？
エモサピエンスの進化論	伸びていない	8	AnmQyyVuDVo	20260524	895	224	"【衝撃】超ひも理論で解けた""量子もつれ""のパラドックス｜空間は存在しなかった"
エモサピエンスの進化論	伸びていない	9	i-ciM87Z2aU	20260530	1356	1200	【閲覧注意】猿にお金を教えた実験が闇深すぎる（資本主義の起源）
エモサピエンスの進化論	伸びていない	10	3LxcPxgRV4g	20260604	2307	1300	【楽園実験】マウスをFIREさせたら、とんでもない末路を迎えた
エモサピエンスの進化論	伸びていない	11	jyVZzzoPzTo	20260605	1258	687	【最強ダイエット薬】マンジャロはなぜここまで人を惹きつけるのか？
エモサピエンスの進化論	伸びていない	12	_jEAVnDxgAQ	20260607	1610	570	【禁断の脳実験】快楽を無限に与えられたネズミはどうなるのか？
エモサピエンスの進化論	伸びていない	13	2ZUkI2vggtg	20260727	1411	685	【ちいかわ人魚島】人魚の肉にはなぜ永遠の命が宿るのか？
エモサピエンスの進化論	伸びていない	14	eahVam31qCo	20260802	1028	91	【婚活のパラドックス】結婚で失敗しにくいのは20代？30代？
エモサピエンスの進化論	伸びていない	15	RYi2Hcg03dY	20260808	998	162	同棲してから結婚 vs いきなり結婚、どちらが長続きするのか【データストーリー】
エモサピエンスの進化論	伸びていない	16	pYx_JfuZpRU	20260810	981	301	何時間眠る人が最も長生きするのか？【データストーリーテリング】
エモサピエンスの進化論	伸びていない	17	JwD7bu-kRyw	20260812	1174	136	アルゴリズムは人の好みを本当に理解しているのか？【データーストーリーテリング】
エモサピエンスの進化論	伸びていない	18	9LZ9UqY6qcs	20260814	810	1300	【気象学】なぜ千葉だけが大洪水になったのか【データストーリーテリング】
エモサピエンスの進化論	伸びていない	19	MBpvL2vrkUw	20260816	1237	350	なぜ人間だけが「白目」を持つのか？【データストーリーテリング】
エモサピエンスの進化論	伸びていない	20	TQN_UBy-4IU	20260818	953	1000	なぜ人口の上位1%が富の半分を独占してしまうのか【データストーリーテリング】
エモサピエンスの進化論	伸びていない	21	0UM9qYJfWh4		846	477	なぜ地球上に人類は1種類しか残らなかったのか【データストーリーテリング】
エモサピエンスの進化論	伸びていない	22	zdngfqEeEhg		1329	289	頭の良さは何%が遺伝で決まるのか【データストーリーテリング】
エモサピエンスの進化論	伸びていない	23	MCPGpyvwM8w		1280	2700	「運命の相手」は統計的に何人に1人いるのか【データストーリーテリング】
エモサピエンスの進化論	伸びていない	24	m-SAj_SbDdI		827	1100	なぜ3歳より前の記憶はほぼ誰にも残っていないのか【データストーリーテリング】
エモサピエンスの進化論	伸びていない	25	7-U7v74eXsc		659	203	人は一生で、いくらの税金を払うのか？【データストーリーテリング】
エモサピエンスの進化論	伸びていない	26	WsiBst4oUKc		785	409	世界中のお金を平等に配ったら、一人いくらになる？【データストーリーテリング】
エモサピエンスの進化論	伸びていない	27	7vD75kdyc0c		899	1600	人生を最適化すると、人生はつまらなくなる？ 【ストーリーテリング】
エモサピエンスの進化論	伸びていない	28	v8P9PG45LAA		985	10000	人生で最もモテるのは、統計的に何歳なのか？【データストーリーテリング】
エモサピエンスの進化論	伸びていない	29	1KM_Q7J37lM		675	6900	【本性の心理学】賢い人ほどAIにイライラしてしまう理由
エモサピエンスの進化論	伸びていない	30	WpEvUKg8Ibc		689	746	【人生の心理学】なぜ人生が退屈な人ほど忙しいのか？（空っぽの忙しさ）
